{
"type": "FeatureCollection",
"name": "mexico_estados",
"crs": { "type": "name", "properties": { "name": "urn:ogc:def:crs:OGC:1.3:CRS84" } },
"features": [
{ "type": "Feature", "properties": { "cvegeo": "01", "cve_ent": "01", "nomgeo": "Aguascalientes", "nom_abrev": "Ags." }, "geometry": { "type": "Polygon", "coordinates": [ [ [ -102.29739325, 22.455273 ], [ -102.2900764, 22.419917949999977 ], [ -102.27398106, 22.41433115 ], [ -102.25029937, 22.38722171 ], [ -102.25320071, 22.374494509999987 ], [ -102.21198682, 22.372697320000039 ], [ -102.211979199, 22.36246518 ], [ -102.177375340000012, 22.36242974 ], [ -102.18072211, 22.350397940000018 ], [ -102.14984748000002, 22.347175059999987 ], [ -102.15323048, 22.29041022 ], [ -102.10524986, 22.280792829999978 ], [ -102.07562705, 22.30607278 ], [ -102.05121358, 22.29121303 ], [ -102.03726965, 22.298975680000016 ], [ -102.022494579, 22.241585491 ], [ -102.00247463, 22.24144406 ], [ -101.99971608, 22.233656030000024 ], [ -102.00099308, 22.16811055 ], [ -102.02946714, 22.168665619999981 ], [ -102.04522131, 22.153733229999986 ], [ -102.01707549, 22.153961279999976 ], [ -102.02591518, 22.129771 ], [ -101.98602795, 22.120827449999982 ], [ -101.86427511, 22.041509480999977 ], [ -101.85519154, 22.046511171 ], [ -101.86379871, 21.990015661 ], [ -101.891252510000015, 21.976592051 ], [ -101.89473405, 21.989656420999989 ], [ -101.91259849, 21.997485741 ], [ -101.89822731, 21.983263031000025 ], [ -101.89778022, 21.958387910999988 ], [ -101.88579988, 21.932611630000022 ], [ -101.87267131, 21.94651438 ], [ -101.83528945, 21.941770579999982 ], [ -101.83800337, 21.90734437 ], [ -101.88021262, 21.910149780000022 ], [ -102.01995402, 21.86253611 ], [ -102.02079443, 21.85116763 ], [ -102.03841751, 21.853198047000017 ], [ -102.04174294, 21.82306765 ], [ -102.055123737, 21.816356771000017 ], [ -102.071962739, 21.782654749999985 ], [ -102.08307422, 21.787066890000013 ], [ -102.09457051, 21.77770165 ], [ -102.08618066, 21.76726389 ], [ -102.10205663, 21.76104405 ], [ -102.142099720000019, 21.70537429 ], [ -102.154857400000012, 21.70003817 ], [ -102.17143278, 21.707000980000029 ], [ -102.17788592, 21.68815531 ], [ -102.21426675, 21.69481886 ], [ -102.22636266, 21.65777435 ], [ -102.23761751, 21.65200137 ], [ -102.27521912, 21.653973720000025 ], [ -102.27944152, 21.664437320000033 ], [ -102.30399031, 21.666684720000013 ], [ -102.30264857, 21.65460028 ], [ -102.29537078, 21.65309872 ], [ -102.31016569, 21.62662603 ], [ -102.32105082, 21.630092280000014 ], [ -102.32572206, 21.62226648 ], [ -102.36687357, 21.642751919999981 ], [ -102.36952618, 21.650591910000024 ], [ -102.40749309, 21.659484880000029 ], [ -102.40459497, 21.6655932 ], [ -102.44145495, 21.67341916999996 ], [ -102.45120578, 21.68195882 ], [ -102.4610664, 21.67925909 ], [ -102.45213237, 21.68691071 ], [ -102.45686377, 21.69808754 ], [ -102.47575655, 21.69494515 ], [ -102.47652175, 21.702084950000032 ], [ -102.55249372, 21.742651029999987 ], [ -102.59627874, 21.74404963 ], [ -102.59677432, 21.754982 ], [ -102.60631217, 21.75105722 ], [ -102.63349383, 21.76733946 ], [ -102.66892635, 21.76405145 ], [ -102.67876758, 21.753173739999976 ], [ -102.69066857, 21.752437199999989 ], [ -102.69626329, 21.728768019999983 ], [ -102.715605200000013, 21.734091280000012 ], [ -102.72211615, 21.71955411 ], [ -102.73522249, 21.71567078 ], [ -102.77569697, 21.7345894 ], [ -102.79230965, 21.75499012 ], [ -102.81691626, 21.76647537 ], [ -102.83126215, 21.797248580000041 ], [ -102.84240486, 21.798530719999988 ], [ -102.84225075, 21.804757201 ], [ -102.85334506, 21.79905315 ], [ -102.84731475, 21.833409220000011 ], [ -102.85805097, 21.83322635 ], [ -102.87417658, 21.852771 ], [ -102.86338012, 21.86376578 ], [ -102.83825045, 21.93929865 ], [ -102.82322329, 21.95554238 ], [ -102.80104969, 22.003941 ], [ -102.76098974, 22.04628674 ], [ -102.75580571, 22.07366208 ], [ -102.69086523, 22.106555030000013 ], [ -102.68612114, 22.137908850000024 ], [ -102.66941569, 22.159589580000013 ], [ -102.67589451, 22.17557252 ], [ -102.66671835, 22.18094098 ], [ -102.66931008, 22.194023579999975 ], [ -102.65159598, 22.19314023 ], [ -102.63929894, 22.22603918 ], [ -102.67001705, 22.24570243 ], [ -102.66874285, 22.291871050000026 ], [ -102.52703934, 22.290899029999988 ], [ -102.50663072, 22.29381254 ], [ -102.50126511, 22.30426977 ], [ -102.47020163, 22.3092102 ], [ -102.46066151, 22.32369111 ], [ -102.46102086, 22.331758879999974 ], [ -102.47118782, 22.33625488 ], [ -102.46864195000002, 22.35188148000001 ], [ -102.378442819, 22.360878581000019 ], [ -102.359250279, 22.384951691000044 ], [ -102.362877079, 22.388747281000015 ], [ -102.32136472, 22.38853265 ], [ -102.3118048, 22.456915820000013 ], [ -102.29739325, 22.455273 ] ] ] } },
{ "type": "Feature", "properties": { "cvegeo": "02", "cve_ent": "02", "nomgeo": "Baja California", "nom_abrev": "BC" }, "geometry": { "type": "MultiPolygon", "coordinates": [ [ [ [ -114.12173751, 28.09476914 ], [ -114.11710625, 28.09581 ], [ -114.117834321000018, 28.08717755 ], [ -114.12173751, 28.09476914 ] ] ], [ [ [ -112.300670805, 28.387024995 ], [ -112.299741228, 28.372924572000013 ], [ -112.320105627, 28.376186919 ], [ -112.314971745, 28.387027226999955 ], [ -112.300670805, 28.387024995 ] ] ], [ [ [ -115.545330882, 28.311506039999983 ], [ -115.536785956, 28.304725269 ], [ -115.5436651, 28.291374950000023 ], [ -115.549855312, 28.304465931000017 ], [ -115.545330882, 28.311506039999983 ] ] ], [ [ [ -115.570572887, 28.308278838999975 ], [ -115.567657276999981, 28.313924832999987 ], [ -115.560928196, 28.308084563 ], [ -115.570572887, 28.308278838999975 ] ] ], [ [ [ -115.592355448000021, 28.316761435000039 ], [ -115.58263173, 28.305718711000011 ], [ -115.57528931, 28.310932144 ], [ -115.58074052000002, 28.29574662 ], [ -115.60644858, 28.300203894 ], [ -115.601358734, 28.315929813999972 ], [ -115.592355448000021, 28.316761435000039 ] ] ], [ [ [ -115.217645955999984, 28.377743931000012 ], [ -115.19416531600001, 28.361692681999983 ], [ -115.195282711, 28.332265412 ], [ -115.174141676, 28.306159869000023 ], [ -115.163774840000016, 28.26041711100002 ], [ -115.173589641, 28.214937044999989 ], [ -115.159794478, 28.192238890000013 ], [ -115.156647396000011, 28.166046315000013 ], [ -115.159202468, 28.137836797 ], [ -115.18625789, 28.105375239000026 ], [ -115.185342275000011, 28.031360675999981 ], [ -115.210023353, 28.039519371999976 ], [ -115.229835935, 28.029532773999975 ], [ -115.255368503999989, 28.037498793000026 ], [ -115.265455904999982, 28.072879038 ], [ -115.289512806000019, 28.092758563999976 ], [ -115.334254499, 28.086218485999975 ], [ -115.34537852, 28.074297071 ], [ -115.359680269999984, 28.080990911 ], [ -115.352825994999989, 28.087693853000026 ], [ -115.352964241, 28.11723670500001 ], [ -115.31624547, 28.13784147 ], [ -115.242954611, 28.220903825 ], [ -115.238035111, 28.231896968 ], [ -115.257941206, 28.273434327000018 ], [ -115.253773818, 28.286159207999983 ], [ -115.264410009000017, 28.294041410999988 ], [ -115.24771649100002, 28.315711687 ], [ -115.251594483, 28.336663805 ], [ -115.239947021, 28.342436378 ], [ -115.245760044, 28.354269437 ], [ -115.217645955999984, 28.377743931000012 ] ] ], [ [ [ -112.892330542, 28.678260839 ], [ -112.860241438, 28.672997575000018 ], [ -112.838665429, 28.661163455999983 ], [ -112.752560227, 28.591528839000016 ], [ -112.772160028, 28.576860419999985 ], [ -112.782611259, 28.580362074000032 ], [ -112.798907317, 28.610578016 ], [ -112.843769633, 28.640177061999985 ], [ -112.867845506, 28.643968697 ], [ -112.86678658, 28.652871615 ], [ -112.892330542, 28.678260839 ] ] ], [ [ [ -112.903656108, 28.698525733000011 ], [ -112.904724744, 28.698290130000018 ], [ -112.904162831, 28.699320435000036 ], [ -112.903656108, 28.698525733000011 ] ] ], [ [ [ -112.931385413, 28.709352874000011 ], [ -112.920777565, 28.699692175000045 ], [ -112.897610476, 28.697231748 ], [ -112.895071853, 28.67990497699995 ], [ -112.93136953, 28.69642584 ], [ -112.931385413, 28.709352874000011 ] ] ], [ [ [ -112.964175871, 28.724636019000034 ], [ -112.961942108, 28.723311852 ], [ -112.964465253, 28.723747256 ], [ -112.964175871, 28.724636019000034 ] ] ], [ [ [ -112.967100037, 28.733843245999974 ], [ -112.965823282, 28.73368952700001 ], [ -112.966028725, 28.733326002999966 ], [ -112.967100037, 28.733843245999974 ] ] ], [ [ [ -112.965668861, 28.731131322000017 ], [ -112.950835201, 28.727420261999988 ], [ -112.946289901, 28.717161664000013 ], [ -112.965668861, 28.731131322000017 ] ] ], [ [ [ -114.278680056, 28.670408445 ], [ -114.277664932, 28.668690726999976 ], [ -114.27937949, 28.669345599999971 ], [ -114.278680056, 28.670408445 ] ] ], [ [ [ -114.28044106900002, 28.692911924999986 ], [ -114.278359796, 28.693804440999969 ], [ -114.278624812, 28.692969592 ], [ -114.28044106900002, 28.692911924999986 ] ] ], [ [ [ -112.985099599, 28.826399138000024 ], [ -112.975743955, 28.82549223 ], [ -112.97582971, 28.821813491999986 ], [ -112.981604032, 28.821009200999971 ], [ -112.985099599, 28.826399138000024 ] ] ], [ [ [ -112.999389486, 28.836874813 ], [ -112.998907263, 28.836335404000035 ], [ -112.999561197, 28.836394905 ], [ -112.999389486, 28.836874813 ] ] ], [ [ [ -113.35752427, 28.826507223 ], [ -113.358281754, 28.827413473 ], [ -113.357355462, 28.827941864999989 ], [ -113.35752427, 28.826507223 ] ] ], [ [ [ -114.35235905, 28.767761951 ], [ -114.351128559000017, 28.767146759999971 ], [ -114.352320518000013, 28.767156458999985 ], [ -114.35235905, 28.767761951 ] ] ], [ [ [ -113.029979417, 28.88584448200001 ], [ -113.027748353, 28.887577742000012 ], [ -113.026861766, 28.885841856 ], [ -113.029979417, 28.88584448200001 ] ] ], [ [ [ -113.03653396, 28.900606780999986 ], [ -113.032745959, 28.895695105000048 ], [ -113.044461045, 28.883652717000011 ], [ -113.04803213, 28.894403550000021 ], [ -113.040777959, 28.890782977000029 ], [ -113.03653396, 28.900606780999986 ] ] ], [ [ [ -113.359187625, 28.883414670000032 ], [ -113.35798618, 28.882486948000022 ], [ -113.359908228, 28.882580445000013 ], [ -113.359187625, 28.883414670000032 ] ] ], [ [ [ -113.04430223, 28.911197041999984 ], [ -113.042832937, 28.911557160000012 ], [ -113.043260801, 28.910694411000019 ], [ -113.04430223, 28.911197041999984 ] ] ], [ [ [ -113.383646815, 28.924093393000025 ], [ -113.385279783, 28.924710035 ], [ -113.384552789, 28.92655399000002 ], [ -113.383646815, 28.924093393000025 ] ] ], [ [ [ -113.482289317, 28.956438028000019 ], [ -113.482965684, 28.955888974 ], [ -113.483047139, 28.95617407400001 ], [ -113.482289317, 28.956438028000019 ] ] ], [ [ [ -113.474617718, 28.957187274 ], [ -113.47644238, 28.955371303 ], [ -113.477409204, 28.955894682000039 ], [ -113.474617718, 28.957187274 ] ] ], [ [ [ -113.477085069, 28.974898935 ], [ -113.481381909000021, 28.967295953 ], [ -113.485109897, 28.978897033999985 ], [ -113.477085069, 28.974898935 ] ] ], [ [ [ -113.520707587, 28.997038780999976 ], [ -113.518346837, 28.997723399 ], [ -113.518082393, 28.995122527999971 ], [ -113.520707587, 28.997038780999976 ] ] ], [ [ [ -113.521243374, 28.998403438000011 ], [ -113.51965899, 28.998904529000022 ], [ -113.520126009, 28.997877566999964 ], [ -113.521243374, 28.998403438000011 ] ] ], [ [ [ -113.512535694, 29.002720016 ], [ -113.501981952, 28.993975596000048 ], [ -113.511443916, 28.988719669 ], [ -113.516962662, 28.993835288 ], [ -113.512535694, 29.002720016 ] ] ], [ [ [ -113.523934905000019, 29.005460786000029 ], [ -113.521106709, 29.005284192999984 ], [ -113.524313682, 29.001603192 ], [ -113.523934905000019, 29.005460786000029 ] ] ], [ [ [ -113.51517078, 29.011613224000016 ], [ -113.514066119, 29.009731386999977 ], [ -113.515867593, 29.00970760400002 ], [ -113.51517078, 29.011613224000016 ] ] ], [ [ [ -113.525046947, 29.013286719 ], [ -113.524091287, 29.011950957999982 ], [ -113.524997437, 29.010720088999985 ], [ -113.525046947, 29.013286719 ] ] ], [ [ [ -113.505063038, 29.014197212999985 ], [ -113.506534789, 29.013872415999977 ], [ -113.505114582, 29.014929842 ], [ -113.505063038, 29.014197212999985 ] ] ], [ [ [ -113.516354015, 29.013410497 ], [ -113.51079216700002, 29.014066113999984 ], [ -113.511090836, 29.013363486999978 ], [ -113.516354015, 29.013410497 ] ] ], [ [ [ -113.469408216, 29.024180169 ], [ -113.461047632, 29.016328844 ], [ -113.463019147, 29.011720056000023 ], [ -113.466977711000013, 29.014856464 ], [ -113.469408216, 29.024180169 ] ] ], [ [ [ -113.499002684000018, 29.02739054500001 ], [ -113.498280332, 29.027435399999977 ], [ -113.498305967, 29.027128329999989 ], [ -113.499002684000018, 29.02739054500001 ] ] ], [ [ [ -113.083451162, 29.068896874999989 ], [ -113.084853462, 29.063146558000028 ], [ -113.087674462, 29.062044045 ], [ -113.092577981, 29.06290832900002 ], [ -113.095084099, 29.061946931000012 ], [ -113.097313203, 29.061555482999978 ], [ -113.097501085, 29.061830228 ], [ -113.083451162, 29.068896874999989 ] ] ], [ [ [ -114.615799789, 28.965709672999974 ], [ -114.616193311, 28.965307957000029 ], [ -114.616214145, 28.965726156999985 ], [ -114.615799789, 28.965709672999974 ] ] ], [ [ [ -113.51300270900002, 29.061422767000014 ], [ -113.512321279, 29.061816134 ], [ -113.512594466, 29.061094266 ], [ -113.51300270900002, 29.061422767000014 ] ] ], [ [ [ -113.521851833, 29.069636056000036 ], [ -113.515866971, 29.067218665 ], [ -113.514890075, 29.064819548999974 ], [ -113.521851833, 29.069636056000036 ] ] ], [ [ [ -113.524635124, 29.095515625 ], [ -113.502336916, 29.090415987 ], [ -113.508178946000015, 29.080237741000012 ], [ -113.502725193, 29.049829122999981 ], [ -113.489182585, 29.037686174 ], [ -113.504732095, 29.039227051 ], [ -113.502851593, 29.049094752999977 ], [ -113.513788505, 29.052102601999962 ], [ -113.509716987, 29.061999443000026 ], [ -113.524635124, 29.095515625 ] ] ], [ [ [ -113.530042404, 29.098462095 ], [ -113.527278961, 29.098102674000028 ], [ -113.53084582, 29.09616616 ], [ -113.530042404, 29.098462095 ] ] ], [ [ [ -113.608213944, 29.168130978000015 ], [ -113.606931558, 29.166756055000018 ], [ -113.608061098, 29.166038687000015 ], [ -113.608213944, 29.168130978000015 ] ] ], [ [ [ -113.513914671, 29.551476994 ], [ -113.511525993, 29.53816452400001 ], [ -113.474392024, 29.531097409000026 ], [ -113.476408993, 29.525880209 ], [ -113.431001417000019, 29.492055412 ], [ -113.425399125, 29.473854596 ], [ -113.393364591, 29.459249711 ], [ -113.363342990000021, 29.395441948999981 ], [ -113.352042033, 29.387346629 ], [ -113.376141845000021, 29.349513548 ], [ -113.366788174, 29.307853769999983 ], [ -113.344966034, 29.295746251 ], [ -113.304428815, 29.291314218999982 ], [ -113.294440222, 29.281254866 ], [ -113.276028821, 29.290547378 ], [ -113.274266806, 29.284805153000026 ], [ -113.260538049, 29.289661889 ], [ -113.255460269, 29.282768428 ], [ -113.237466589, 29.289066938999987 ], [ -113.207174092, 29.284710520000019 ], [ -113.183539686, 29.289550417 ], [ -113.167590613, 29.278893327 ], [ -113.178619939, 29.247669283 ], [ -113.167026949, 29.19104133900003 ], [ -113.174561049, 29.127781037 ], [ -113.153872923, 29.095035869999972 ], [ -113.148368893, 29.066186414000018 ], [ -113.123504982, 29.05637393 ], [ -113.100199144, 29.056226326000012 ], [ -113.115153396, 29.028559828000013 ], [ -113.116149431, 28.986985577000031 ], [ -113.154627818, 29.015024752 ], [ -113.188588706, 29.02836198 ], [ -113.200350655, 29.048002688999979 ], [ -113.24395014, 29.067131433999965 ], [ -113.264021172000014, 29.104552644999981 ], [ -113.300690711, 29.145102148999989 ], [ -113.350606635, 29.168582707999985 ], [ -113.363867572, 29.187436046 ], [ -113.40441113, 29.209465715 ], [ -113.430312745, 29.242956352 ], [ -113.427826509, 29.255013504 ], [ -113.442824108, 29.27567741 ], [ -113.496920856, 29.283793662000011 ], [ -113.507290031, 29.323194572999977 ], [ -113.52548149, 29.334818829000021 ], [ -113.569925981, 29.400146934 ], [ -113.58821736, 29.408923934999986 ], [ -113.592256159000016, 29.451030155 ], [ -113.563619587, 29.505195122000014 ], [ -113.572123275, 29.538355396000028 ], [ -113.558690767, 29.546006067 ], [ -113.560353783, 29.536185053 ], [ -113.545503379, 29.533988882 ], [ -113.524781713, 29.543281469 ], [ -113.525998638, 29.550793443999989 ], [ -113.513914671, 29.551476994 ] ] ], [ [ [ -113.558710839, 29.554259316 ], [ -113.557546685, 29.548755126999982 ], [ -113.559026074, 29.546099498000025 ], [ -113.558710839, 29.554259316 ] ] ], [ [ [ -113.539782704, 29.566404768999973 ], [ -113.534363936, 29.56201268300002 ], [ -113.545301669, 29.565413134000035 ], [ -113.539782704, 29.566404768999973 ] ] ], [ [ [ -113.579342712, 29.560990827 ], [ -113.559658856, 29.560872491999984 ], [ -113.560506432, 29.555312449 ], [ -113.562166938, 29.56018247200004 ], [ -113.575704223, 29.545988617 ], [ -113.579342712, 29.560990827 ] ] ], [ [ [ -118.261484393000018, 29.184854460000029 ], [ -118.282384297, 29.157761708 ], [ -118.287450491, 29.133062976000019 ], [ -118.282387714, 29.10860700299996 ], [ -118.253536032999989, 29.094654906999988 ], [ -118.228065249000011, 29.061989984999983 ], [ -118.221462784, 29.010782316999986 ], [ -118.229009434000019, 28.974950583 ], [ -118.220969540000013, 28.962565077 ], [ -118.227949194, 28.92176668099998 ], [ -118.238557397, 28.915281941999986 ], [ -118.248233496000012, 28.890998022999977 ], [ -118.295746031999983, 28.879482246000013 ], [ -118.282507416, 28.896248966 ], [ -118.298414128, 28.935748156999963 ], [ -118.290924528, 28.967684244 ], [ -118.313553870999982, 28.980041008 ], [ -118.305319279, 28.986559198 ], [ -118.304995477, 29.004463776 ], [ -118.317110878, 29.037836449000011 ], [ -118.364654451, 29.077546868999988 ], [ -118.351189874, 29.114610061 ], [ -118.365263218, 29.14636758 ], [ -118.333957878, 29.169446646000015 ], [ -118.315851439999989, 29.175295034 ], [ -118.294888627, 29.171514432 ], [ -118.264653103, 29.190631226 ], [ -118.261484393000018, 29.184854460000029 ] ] ], [ [ [ -115.499626342, 29.614930924999985 ], [ -115.500290454, 29.61452503 ], [ -115.499657397, 29.615015741000025 ], [ -115.499626342, 29.614930924999985 ] ] ], [ [ [ -114.3821, 29.8226 ], [ -114.378399999, 29.8139 ], [ -114.369906999, 29.80901720100001 ], [ -114.369569749, 29.806335421000014 ], [ -114.3807, 29.8131 ], [ -114.3923, 29.8098 ], [ -114.39603877, 29.819525690000017 ], [ -114.3821, 29.8226 ] ] ], [ [ [ -115.794858514, 29.792611517999987 ], [ -115.788193262, 29.793379327 ], [ -115.795096576, 29.786562383 ], [ -115.794858514, 29.792611517999987 ] ] ], [ [ [ -114.417462732, 29.988012891000036 ], [ -114.401958144, 29.982755031000011 ], [ -114.391686237, 29.961844786000015 ], [ -114.415318799, 29.948657813000025 ], [ -114.412371744, 29.960951168 ], [ -114.423718515, 29.966960607999987 ], [ -114.415626353, 29.975139272 ], [ -114.417462732, 29.988012891000036 ] ] ], [ [ [ -114.390879103000017, 29.993438631 ], [ -114.387005133, 29.992036276000039 ], [ -114.389573459, 29.988682930000014 ], [ -114.390879103000017, 29.993438631 ] ] ], [ [ [ -114.473609909, 30.022817 ], [ -114.473295004, 30.014212482 ], [ -114.474984261000017, 30.012954591 ], [ -114.479957697, 30.020241893000033 ], [ -114.473609909, 30.022817 ] ] ], [ [ [ -114.491084847, 30.047436599000029 ], [ -114.491259162, 30.053339631000032 ], [ -114.489240628, 30.054718311 ], [ -114.486515544, 30.051249149000014 ], [ -114.491084847, 30.047436599000029 ] ] ], [ [ [ -114.553889221, 30.089756266999959 ], [ -114.540131915, 30.092251874999974 ], [ -114.535182009, 30.083257835 ], [ -114.553889221, 30.089756266999959 ] ] ], [ [ [ -114.62554350000002, 30.131177370999985 ], [ -114.62724715, 30.130386166 ], [ -114.626511051, 30.131433385000026 ], [ -114.62554350000002, 30.131177370999985 ] ] ], [ [ [ -116.112567047, 30.497302246999979 ], [ -116.099941627000021, 30.484890979 ], [ -116.10796379, 30.480394256 ], [ -116.123576813, 30.485864177999989 ], [ -116.112567047, 30.497302246999979 ] ] ], [ [ [ -114.746523102000012, 31.801860296000015 ], [ -114.730467417000014, 31.764869200000039 ], [ -114.666942877, 31.716909838999985 ], [ -114.652314556, 31.678727808 ], [ -114.668174489, 31.676289166000014 ], [ -114.711638109, 31.710322846 ], [ -114.689700410000015, 31.681723876000017 ], [ -114.70018579500001, 31.680267058999984 ], [ -114.704301769000011, 31.687020135 ], [ -114.717504146, 31.681179488 ], [ -114.72527086300002, 31.686359656 ], [ -114.722091352000021, 31.69457201799996 ], [ -114.763852119999981, 31.705671854000038 ], [ -114.791099774, 31.729997139 ], [ -114.800227231, 31.763101865999985 ], [ -114.799936258000017, 31.812644952999989 ], [ -114.769695249, 31.816830013 ], [ -114.746523102000012, 31.801860296000015 ] ] ], [ [ [ -116.79705364500002, 31.803136484 ], [ -116.788786173, 31.806588036999983 ], [ -116.7869387, 31.790970860999987 ], [ -116.79705364500002, 31.803136484 ] ] ], [ [ [ -116.809284263, 31.809894615 ], [ -116.801213245000014, 31.811982519 ], [ -116.801413046, 31.805903899999983 ], [ -116.809284263, 31.809894615 ] ] ], [ [ [ -117.250630392000019, 32.419801045 ], [ -117.239396875, 32.396768057999978 ], [ -117.241528037, 32.390770301000011 ], [ -117.250630392000019, 32.419801045 ] ] ], [ [ [ -117.25960725600001, 32.414713077 ], [ -117.259390664, 32.419800242999976 ], [ -117.257281182000014, 32.418499933000035 ], [ -117.25960725600001, 32.414713077 ] ] ], [ [ [ -117.300040709, 32.440336481999978 ], [ -117.296738681999983, 32.44367713099998 ], [ -117.294080552000011, 32.43371939 ], [ -117.300040709, 32.440336481999978 ] ] ], [ [ [ -117.124498078000016, 32.534255842 ], [ -114.71971806, 32.718653570000029 ], [ -114.764643779999986, 32.643168020000012 ], [ -114.78543472, 32.622369910000025 ], [ -114.80791705999998, 32.6203536 ], [ -114.801317220000016, 32.588350340000019 ], [ -114.81225208, 32.56223346 ], [ -114.791813450000021, 32.55784629 ], [ -114.804319140000018, 32.544333660000021 ], [ -114.815930059999985, 32.48297726 ], [ -114.849077539999982, 32.473423429999968 ], [ -114.88387002, 32.492273419999975 ], [ -114.90013257, 32.483480180000015 ], [ -114.93499658, 32.48187468 ], [ -114.93935006, 32.46840402 ], [ -114.93194048, 32.439700739999971 ], [ -114.96145232, 32.411706180000017 ], [ -114.954495970000011, 32.39335409000001 ], [ -114.96845331, 32.390653029999989 ], [ -114.961880081, 32.35474592 ], [ -114.96659248, 32.33879352 ], [ -115.03642785, 32.27775595 ], [ -115.05302232, 32.24517402 ], [ -114.97531825, 32.177995480000014 ], [ -114.98973634, 32.146377650000012 ], [ -114.957005, 32.038636180000019 ], [ -114.96743445, 31.99688029 ], [ -114.965484568999983, 31.91842388 ], [ -114.94513448, 31.910120969999987 ], [ -114.93787663, 31.890775399999985 ], [ -114.91361991, 31.881343479999988 ], [ -114.90968712, 31.867260419999976 ], [ -114.89071538, 31.872334620000011 ], [ -114.84318574, 31.86355382 ], [ -114.82569195, 31.82881958 ], [ -114.806877650000018, 31.81668014000001 ], [ -114.821694588, 31.73288975199997 ], [ -114.813430006, 31.718218709000013 ], [ -114.818983668, 31.713139750000042 ], [ -114.790850324000019, 31.676413933999982 ], [ -114.783630546000012, 31.631229289 ], [ -114.7916191, 31.614598912 ], [ -114.805243894, 31.609121393 ], [ -114.811892703, 31.613455581 ], [ -114.814141293, 31.606495657 ], [ -114.829668763, 31.621004123 ], [ -114.835892125, 31.617352210000014 ], [ -114.837355493, 31.593260167 ], [ -114.84642124, 31.595294606000024 ], [ -114.855326788999989, 31.585543314 ], [ -114.86137637, 31.535733858000032 ], [ -114.868667931, 31.527982764 ], [ -114.852960022, 31.486774505 ], [ -114.856706564, 31.432572989 ], [ -114.862978823, 31.430813378 ], [ -114.855119622, 31.429568761 ], [ -114.853910856, 31.427236889000028 ], [ -114.862381737000021, 31.418509025999953 ], [ -114.870323116, 31.421963765999987 ], [ -114.873770006, 31.400379117 ], [ -114.856811499000017, 31.394463735 ], [ -114.852775933, 31.382692541 ], [ -114.878538262, 31.340481922 ], [ -114.885540524, 31.305878246999985 ], [ -114.879549557, 31.297243302 ], [ -114.890066953000016, 31.284509636999971 ], [ -114.88436568500002, 31.272430541 ], [ -114.894687787, 31.26484244 ], [ -114.881426812, 31.262754701 ], [ -114.890937116000018, 31.152820768000016 ], [ -114.870312573999982, 31.093991747 ], [ -114.814173046, 31.05217312500001 ], [ -114.811703165999987, 31.044040127 ], [ -114.824265094, 31.039525734 ], [ -114.832644723, 31.02233948199996 ], [ -114.834094407999984, 31.00174847900001 ], [ -114.828528929000015, 30.996753548 ], [ -114.824635833, 30.999106925000014 ], [ -114.821910459, 30.996832309 ], [ -114.829549123000021, 30.994144468999966 ], [ -114.821089426, 30.995930789999964 ], [ -114.823031661, 30.987984579999985 ], [ -114.810609862, 30.978674968999968 ], [ -114.720209468999983, 30.937004277000028 ], [ -114.709955648000019, 30.906238107999986 ], [ -114.702113912000016, 30.866241626 ], [ -114.709728706999982, 30.845229085000025 ], [ -114.696956091, 30.817251349 ], [ -114.700151028, 30.769750718 ], [ -114.69317147400001, 30.744327665000011 ], [ -114.705363502, 30.712293972 ], [ -114.694423071, 30.677383909 ], [ -114.698513335, 30.632142681 ], [ -114.67784957100001, 30.588706466 ], [ -114.652543159, 30.557172218999952 ], [ -114.648823039, 30.527022473 ], [ -114.630315212, 30.489422451000017 ], [ -114.639237001, 30.454043752 ], [ -114.63050009600002, 30.419314091 ], [ -114.643569762, 30.377043561000033 ], [ -114.634845727000013, 30.349492056999964 ], [ -114.636110262, 30.344684489000041 ], [ -114.638313791, 30.348760373 ], [ -114.641615294, 30.348843654000017 ], [ -114.65616198, 30.284230118000011 ], [ -114.639741356, 30.258467745 ], [ -114.667722539, 30.19141857 ], [ -114.64021228, 30.152470831 ], [ -114.63324113900002, 30.126411919999985 ], [ -114.601826434, 30.104924471 ], [ -114.583276156, 30.071374071000019 ], [ -114.576193214, 30.033146404 ], [ -114.565896863, 30.026942226 ], [ -114.565099743, 30.011127732999984 ], [ -114.551210472, 30.001809287999983 ], [ -114.536171089, 29.970262989000041 ], [ -114.487471179000011, 29.948769311000024 ], [ -114.470885939, 29.913531574999958 ], [ -114.436532349, 29.910613471 ], [ -114.412984059, 29.890687380000031 ], [ -114.413273762, 29.848115892 ], [ -114.39405664, 29.827978513 ], [ -114.403244629, 29.827621153 ], [ -114.409658163, 29.815965911 ], [ -114.399094554, 29.803190181 ], [ -114.397409896, 29.807463692999981 ], [ -114.392860366, 29.810119171 ], [ -114.396054632000016, 29.794641875 ], [ -114.387720582000014, 29.778646733999974 ], [ -114.353527727000014, 29.768498332999961 ], [ -114.342403748, 29.746595395000018 ], [ -114.329863988, 29.742693078999967 ], [ -114.295320014, 29.742564489 ], [ -114.281445199, 29.759687401 ], [ -114.291049479, 29.756661221000019 ], [ -114.292706548, 29.767220045 ], [ -114.284457219000018, 29.765220545999988 ], [ -114.280258858, 29.772506258000011 ], [ -114.207518599, 29.74382413 ], [ -114.18137431, 29.708080511000013 ], [ -114.15928391, 29.69106195 ], [ -114.144324237, 29.691303736 ], [ -114.110813813, 29.65302734 ], [ -114.06397388500001, 29.629498992 ], [ -114.046626568, 29.596850883 ], [ -113.980318697, 29.566858915999969 ], [ -113.896889641, 29.484874937 ], [ -113.862170015, 29.46218362399998 ], [ -113.836256372, 29.456220333000012 ], [ -113.825603763, 29.429294947 ], [ -113.772202143, 29.409702186999983 ], [ -113.761599582, 29.391503355 ], [ -113.72599654, 29.366845645000026 ], [ -113.694863403, 29.324500453000013 ], [ -113.637611079, 29.28371397299998 ], [ -113.625278452, 29.253285425 ], [ -113.652962875, 29.22421432400002 ], [ -113.656296114, 29.209324089999985 ], [ -113.63919764000002, 29.198065384999985 ], [ -113.643005968, 29.184256183000013 ], [ -113.635326257000017, 29.173352303000023 ], [ -113.627154593, 29.175394356 ], [ -113.620881739, 29.160940519000025 ], [ -113.609139667, 29.163656433 ], [ -113.593281749, 29.13040227499998 ], [ -113.571399036, 29.116585934999989 ], [ -113.562946596, 29.0859474 ], [ -113.538709894, 29.058032149000013 ], [ -113.534471717, 29.032349873 ], [ -113.549103023, 29.039964664 ], [ -113.563052766, 29.007342892000029 ], [ -113.547194848, 28.985029496999967 ], [ -113.541791092, 28.955776403 ], [ -113.545353145, 28.962511468 ], [ -113.557367186, 28.946745159 ], [ -113.526081178, 28.893074570999971 ], [ -113.479496113, 28.894336876 ], [ -113.471479709, 28.91422798 ], [ -113.487354148, 28.928044598000017 ], [ -113.474388465, 28.943520613 ], [ -113.479956404, 28.947803642 ], [ -113.457880792, 28.943935077 ], [ -113.446837119, 28.951195407 ], [ -113.455519177, 28.944202766000018 ], [ -113.447244602000012, 28.939666918 ], [ -113.438300803, 28.959792757000013 ], [ -113.424127226, 28.94911933500002 ], [ -113.428684132000015, 28.935069094 ], [ -113.414371674, 28.923695269999985 ], [ -113.385527847, 28.939583824 ], [ -113.393913306, 28.915046584 ], [ -113.36781066, 28.903874787000035 ], [ -113.378105636, 28.902056165 ], [ -113.380513056, 28.893803004999967 ], [ -113.357150675, 28.873893579 ], [ -113.370308143, 28.861246268 ], [ -113.370715625, 28.837157735000034 ], [ -113.364057229, 28.822432723000027 ], [ -113.351434902, 28.816852649 ], [ -113.353866711, 28.805509639 ], [ -113.311996526, 28.803441293 ], [ -113.283286227, 28.828137703 ], [ -113.251552307, 28.84071827 ], [ -113.220745783, 28.82498836700001 ], [ -113.212263274, 28.803091108000014 ], [ -113.196443348, 28.792548351000011 ], [ -113.189323691, 28.730172082 ], [ -113.17505622900002, 28.711473563 ], [ -113.158825074000021, 28.660073383000018 ], [ -113.128794394, 28.632309749 ], [ -113.130169604000017, 28.598015292000035 ], [ -113.103808019, 28.505371573 ], [ -113.015352878, 28.457454722000023 ], [ -112.970972361, 28.456811554 ], [ -112.903047196, 28.47506547 ], [ -112.884989822, 28.463334089999989 ], [ -112.88270914, 28.450972892 ], [ -112.874228741, 28.450119142 ], [ -112.882494648, 28.437913784999974 ], [ -112.866724635, 28.425287087 ], [ -112.859001404, 28.44024493 ], [ -112.84651523, 28.440781974 ], [ -112.84417173, 28.421970463999983 ], [ -112.859849016, 28.403883835000034 ], [ -112.849309492, 28.38209762 ], [ -112.852854013, 28.365990779999979 ], [ -112.875499704, 28.311626143 ], [ -112.868264953, 28.299827546 ], [ -112.873187641, 28.282548138 ], [ -112.80171033, 28.203688522 ], [ -112.786621216, 28.196743113000025 ], [ -112.796046749, 28.187683706000019 ], [ -112.81181138, 28.137585785999988 ], [ -112.803037831, 28.084522854 ], [ -112.788842919000018, 28.067832997 ], [ -112.800471345, 28.052395529999981 ], [ -112.804626122, 28.027552529 ], [ -112.790623652, 28.00663881600002 ], [ -112.764778196, 28.000000001000011 ], [ -114.205440447, 28.000000026 ], [ -114.136257895, 28.08510101400001 ], [ -114.119705768, 28.081457465 ], [ -114.116030096, 28.071669849 ], [ -114.115087236, 28.048305331 ], [ -114.135417719, 28.029520515999984 ], [ -114.127462218, 28.012826007000022 ], [ -114.113734805, 28.025929629999972 ], [ -114.119814089, 28.036523347 ], [ -114.118508956, 28.037271687 ], [ -114.115042081, 28.029076525999951 ], [ -114.112731029, 28.025328875 ], [ -114.11173463, 28.024799444999989 ], [ -114.111609708000017, 28.02421052899998 ], [ -114.110705513, 28.023606740000016 ], [ -114.107741667, 28.033499527999968 ], [ -114.093370317, 28.036022648999985 ], [ -114.107031398000018, 28.022644129 ], [ -114.10139505, 28.017534236999985 ], [ -114.102081209, 28.024218912000016 ], [ -114.083697345, 28.026439694000036 ], [ -114.072611705, 28.046483518000016 ], [ -114.061197676, 28.046245925 ], [ -114.091832047000011, 28.064935401000021 ], [ -114.09244977500002, 28.057930312999986 ], [ -114.099196023, 28.059149073 ], [ -114.100551843, 28.108144018000011 ], [ -114.109885279000011, 28.119443483999966 ], [ -114.0592898, 28.20872891000003 ], [ -114.06104617, 28.171440419999982 ], [ -114.077036001, 28.145702747999984 ], [ -114.076144581, 28.115002317 ], [ -114.06087723, 28.08220047999998 ], [ -114.04814208, 28.07994643 ], [ -114.04040723, 28.09072857 ], [ -114.054025800000019, 28.123316459999987 ], [ -114.03897103, 28.170740060000021 ], [ -114.05633938, 28.17275563 ], [ -114.05010337, 28.19047762 ], [ -114.03684857, 28.18079902 ], [ -114.03540297, 28.185392460000013 ], [ -114.0512524, 28.201033340000023 ], [ -114.06477308, 28.260440969999983 ], [ -114.077654178000017, 28.263291467 ], [ -114.079171086, 28.271072305 ], [ -114.079932513, 28.256905589 ], [ -114.07643768, 28.250921244 ], [ -114.074873184, 28.249987306 ], [ -114.073979241, 28.249074491 ], [ -114.073962508, 28.248408384999983 ], [ -114.082579366000019, 28.257116468000042 ], [ -114.081585143, 28.251731207000031 ], [ -114.092544549, 28.250013777 ], [ -114.082015613, 28.246430216 ], [ -114.103109237, 28.238801960999979 ], [ -114.124955219, 28.256836151 ], [ -114.08120206, 28.344345601 ], [ -114.047353368, 28.442626499000013 ], [ -114.04584479, 28.464980345 ], [ -114.06921602, 28.488535620000011 ], [ -114.0693729, 28.514427925000017 ], [ -114.086581162, 28.522785187 ], [ -114.096193574, 28.545967665 ], [ -114.111019793, 28.556058818999968 ], [ -114.133336256, 28.563271717000021 ], [ -114.149664243, 28.559552617999966 ], [ -114.161260249, 28.569122973 ], [ -114.156302939, 28.619475774 ], [ -114.176294254, 28.652494910000026 ], [ -114.224940574, 28.666657080000018 ], [ -114.240168029, 28.666254141 ], [ -114.245412863, 28.652906769 ], [ -114.258981719, 28.663960601000014 ], [ -114.269226726, 28.660033667 ], [ -114.270613287, 28.690476176000029 ], [ -114.282825871, 28.703937976999974 ], [ -114.301557254, 28.705615426 ], [ -114.3159516, 28.726911377 ], [ -114.347186791, 28.730893484000038 ], [ -114.34862042, 28.772312080000013 ], [ -114.35978089, 28.779883458000032 ], [ -114.373117947, 28.811365628 ], [ -114.386204983, 28.806565065 ], [ -114.396867943, 28.816198907999986 ], [ -114.406263839, 28.862559731 ], [ -114.417447306, 28.879516365000015 ], [ -114.426516027, 28.883927290999981 ], [ -114.437809544, 28.875834149 ], [ -114.449729547, 28.906548426000011 ], [ -114.46123895, 28.907349902 ], [ -114.488791723, 28.932044175000026 ], [ -114.525876701, 28.931879853999988 ], [ -114.531008434, 28.917754562 ], [ -114.562516959, 28.97036147 ], [ -114.576472812, 28.97511526400001 ], [ -114.581413954, 28.965271925999986 ], [ -114.592105871000015, 28.969761476 ], [ -114.604696194000013, 29.001476716999985 ], [ -114.608622305, 29.057379773999976 ], [ -114.618506478, 29.063180716 ], [ -114.627281817, 29.090225445999987 ], [ -114.636107109999983, 29.097960551 ], [ -114.652118149, 29.096651702 ], [ -114.67584106, 29.113202959000038 ], [ -114.696400003, 29.110403778999981 ], [ -114.702646657, 29.101152305000021 ], [ -114.716066248999979, 29.110061731000012 ], [ -114.725352462, 29.135834458000037 ], [ -114.736761611, 29.138772902 ], [ -114.744408603, 29.182397346 ], [ -114.754348801, 29.181656738000029 ], [ -114.76850362, 29.196445089 ], [ -114.785832045, 29.197031031 ], [ -114.797158279, 29.211001441 ], [ -114.812644410000019, 29.213550339999983 ], [ -114.823040866, 29.235673477999967 ], [ -114.831568259999983, 29.241363364000012 ], [ -114.837535252, 29.236864596 ], [ -114.863520705999989, 29.275669632999975 ], [ -114.911596677, 29.314620591000018 ], [ -114.96734328, 29.375140555000016 ], [ -115.011956423, 29.385348221999987 ], [ -115.073203749, 29.416450751000024 ], [ -115.189494074, 29.428080878000017 ], [ -115.211293889, 29.472355681000025 ], [ -115.25326686, 29.516234138000016 ], [ -115.341156025999979, 29.555964997 ], [ -115.378555204999984, 29.558124358000029 ], [ -115.457948839, 29.625122786999956 ], [ -115.478380150000021, 29.62682428 ], [ -115.50608650700002, 29.617065641 ], [ -115.563726596, 29.663683992000031 ], [ -115.586146717, 29.692990553 ], [ -115.619266512, 29.695003895000017 ], [ -115.699330627999984, 29.754831033999988 ], [ -115.684765489, 29.833776851 ], [ -115.701890878, 29.899990496000026 ], [ -115.742880068, 29.947903917 ], [ -115.788347232000021, 29.959423860000012 ], [ -115.813492358000019, 29.94993151500001 ], [ -115.781312268999983, 30.090854798 ], [ -115.788094923000017, 30.11688211500001 ], [ -115.802292356999985, 30.133991177 ], [ -115.795270435, 30.238689714999985 ], [ -115.811748453, 30.300365355999972 ], [ -115.848883208000018, 30.35647763900004 ], [ -115.906453553, 30.395924165 ], [ -115.943597373, 30.403736178999978 ], [ -115.987331098000013, 30.388157564 ], [ -115.971608049, 30.41058634 ], [ -115.937181761, 30.411016746 ], [ -115.945154956, 30.436418747000026 ], [ -115.933665622000021, 30.458092296000014 ], [ -115.950716840000013, 30.462572821 ], [ -115.968207755, 30.486165032 ], [ -115.977956406000018, 30.484799220999964 ], [ -115.977047452, 30.498694678999989 ], [ -115.992806623000021, 30.49893203000001 ], [ -115.989246949, 30.511455132999959 ], [ -115.999582733000011, 30.497478612 ], [ -115.978315110000011, 30.484172666 ], [ -115.977606626, 30.469317988 ], [ -115.963034807, 30.463219429999988 ], [ -115.957323186, 30.438136844000034 ], [ -115.978243914, 30.427250346 ], [ -115.995308219, 30.451309075999976 ], [ -116.01494829, 30.45011815599997 ], [ -116.021506503999987, 30.45592433300002 ], [ -116.027284317, 30.454185179 ], [ -115.994717662, 30.406641662 ], [ -115.99623840400001, 30.38683976400004 ], [ -115.97902456300001, 30.364377038 ], [ -115.988838813, 30.35681211 ], [ -116.007531799, 30.365465642000014 ], [ -116.011960695, 30.416931553 ], [ -116.020095551000011, 30.432381214000031 ], [ -116.032108781, 30.436895231 ], [ -116.035948040999983, 30.45800342999998 ], [ -116.048528251, 30.472539557 ], [ -116.032200572, 30.574319429 ], [ -116.028117417, 30.665421853000026 ], [ -116.032545594000013, 30.697404188 ], [ -116.046816411, 30.718882393 ], [ -116.050362403, 30.772745062000013 ], [ -116.060189577000017, 30.800092206999985 ], [ -116.076177175, 30.817645491 ], [ -116.106674829000013, 30.823660228 ], [ -116.151084429, 30.860640290999971 ], [ -116.176429919, 30.862876125000021 ], [ -116.204971553, 30.887258461999984 ], [ -116.21659226, 30.915484349999982 ], [ -116.23641634, 30.933686221 ], [ -116.245458079000016, 30.933428571 ], [ -116.26964853, 30.966830115000047 ], [ -116.284474951999982, 30.969526044000013 ], [ -116.318258539, 30.955739447 ], [ -116.330555594, 30.959291983 ], [ -116.338704426, 30.985346688 ], [ -116.31319249, 31.09572942200003 ], [ -116.30950307400002, 31.152382068999959 ], [ -116.339932648, 31.207672728 ], [ -116.352537401, 31.213783001000031 ], [ -116.363511367000015, 31.247044069000015 ], [ -116.392377085000021, 31.283556422000039 ], [ -116.41647057, 31.292811121000021 ], [ -116.417270294, 31.302785094 ], [ -116.440193268000016, 31.325029964 ], [ -116.455495403, 31.328739959999986 ], [ -116.455708603, 31.346700132 ], [ -116.487486318, 31.369328382999967 ], [ -116.500634049999988, 31.410756821 ], [ -116.512919648, 31.414565819000014 ], [ -116.52174114200001, 31.434486072000016 ], [ -116.570980681, 31.46487403599998 ], [ -116.602459539, 31.463284712 ], [ -116.608665533, 31.497226647 ], [ -116.634166829, 31.51717535699996 ], [ -116.648459378999988, 31.516063800000019 ], [ -116.669166316, 31.552631886000036 ], [ -116.691107408, 31.553264680000012 ], [ -116.6920804, 31.57136780100004 ], [ -116.651569737, 31.582409008999981 ], [ -116.66761885, 31.617854681000011 ], [ -116.64993102, 31.664539400999981 ], [ -116.696465051, 31.716048979000032 ], [ -116.713980649, 31.713860521000012 ], [ -116.714886904999986, 31.724996506999986 ], [ -116.724308746999981, 31.722607696 ], [ -116.726642998000017, 31.733814958000018 ], [ -116.744002451, 31.743896324000023 ], [ -116.741606334, 31.749878287999969 ], [ -116.727513262, 31.749115433 ], [ -116.66191937, 31.719131751 ], [ -116.643354816000013, 31.734310333 ], [ -116.625582949, 31.77231958000004 ], [ -116.618982355, 31.775502803999984 ], [ -116.63594638, 31.733226249999987 ], [ -116.65280888, 31.720270280000022 ], [ -116.64746782, 31.70933075 ], [ -116.641283465, 31.709410351 ], [ -116.647663060000014, 31.716242681 ], [ -116.628095464, 31.732612174999986 ], [ -116.620044951, 31.763388522 ], [ -116.60997174, 31.770919516000042 ], [ -116.619840299, 31.779971544000027 ], [ -116.61008022, 31.81412529 ], [ -116.612120846, 31.839591233 ], [ -116.621281839000019, 31.841082889999967 ], [ -116.617838521, 31.852887872000025 ], [ -116.626413850999981, 31.860158287000015 ], [ -116.633520120000014, 31.855044852999981 ], [ -116.628804981, 31.851506118999986 ], [ -116.62526624600001, 31.843985118000013 ], [ -116.625930592000017, 31.840326459000021 ], [ -116.63998654400001, 31.860155935000023 ], [ -116.668916808, 31.861425014 ], [ -116.699369086, 31.894775725 ], [ -116.702504951, 31.890625008 ], [ -116.720633748, 31.902355834 ], [ -116.746329657, 31.902082609000018 ], [ -116.756287226, 31.913652500000047 ], [ -116.756458547, 31.94461023899996 ], [ -116.768904079999984, 31.971018449 ], [ -116.799482381000018, 31.982069484000021 ], [ -116.824219258000014, 31.977133529999975 ], [ -116.851531308, 31.985582332 ], [ -116.880951491000019, 32.018684856 ], [ -116.887603039000012, 32.04890728 ], [ -116.884870029, 32.054359939 ], [ -116.882110139000019, 32.053287062000024 ], [ -116.878914364, 32.05416793700001 ], [ -116.877766512, 32.055982037999989 ], [ -116.879155189, 32.054567007999985 ], [ -116.885282549, 32.055375334 ], [ -116.887571161, 32.129154230000033 ], [ -116.907789156000021, 32.165051711 ], [ -116.92227284099998, 32.225897737999979 ], [ -116.935428881, 32.241795096000018 ], [ -116.957092088999985, 32.251886985 ], [ -117.024445588, 32.26870674 ], [ -117.03926068, 32.28564108 ], [ -117.071285594, 32.370017512 ], [ -117.076679238000011, 32.367928346000028 ], [ -117.090986937000011, 32.397792961000015 ], [ -117.124505072000019, 32.485378892000043 ], [ -117.124498078000016, 32.534255842 ] ] ] ] } },
{ "type": "Feature", "properties": { "cvegeo": "03", "cve_ent": "03", "nomgeo": "Baja California Sur", "nom_abrev": "BCS" }, "geometry": { "type": "MultiPolygon", "coordinates": [ [ [ [ -109.894246143, 22.874940232 ], [ -109.894681817, 22.875314423 ], [ -109.89419213, 22.875463559000011 ], [ -109.894246143, 22.874940232 ] ] ], [ [ [ -109.89334559, 22.876337992999986 ], [ -109.892950783, 22.875902364999988 ], [ -109.893306924, 22.875727426 ], [ -109.89334559, 22.876337992999986 ] ] ], [ [ [ -110.149130284, 24.252548155 ], [ -110.148552745, 24.251913542 ], [ -110.149605331, 24.251951899999977 ], [ -110.149130284, 24.252548155 ] ] ], [ [ [ -110.339610271000012, 24.28907967 ], [ -110.337269035, 24.288373086000018 ], [ -110.341511748, 24.285902770000046 ], [ -110.339610271000012, 24.28907967 ] ] ], [ [ [ -109.800422929000021, 24.151907934000015 ], [ -109.802497384, 24.136711320000011 ], [ -109.873630133, 24.152981305000012 ], [ -109.921955053, 24.260361496 ], [ -109.918292762, 24.290932007999977 ], [ -109.939471095, 24.324976416999981 ], [ -109.934250286, 24.375929976000045 ], [ -109.842487241, 24.227238719 ], [ -109.819737838, 24.204805713 ], [ -109.800422929000021, 24.151907934000015 ] ] ], [ [ [ -111.614695997, 24.377311487000011 ], [ -111.569057935, 24.376320442 ], [ -111.556299265, 24.367367720000018 ], [ -111.531938479, 24.366415580000037 ], [ -111.437937106, 24.325491234 ], [ -111.523768362, 24.356168806 ], [ -111.578590398000017, 24.367602423 ], [ -111.663281768000019, 24.353391793000014 ], [ -111.669819781, 24.358623201000029 ], [ -111.654944716, 24.375409943000037 ], [ -111.644685534, 24.365685440999989 ], [ -111.614695997, 24.377311487000011 ] ] ], [ [ [ -110.382949047, 24.457610626000012 ], [ -110.384677677000013, 24.456814461 ], [ -110.384882496, 24.457120129 ], [ -110.382949047, 24.457610626000012 ] ] ], [ [ [ -110.386638876, 24.466463957000045 ], [ -110.382086434, 24.466376247000021 ], [ -110.388512039, 24.465469008999978 ], [ -110.386638876, 24.466463957000045 ] ] ], [ [ [ -110.399095996, 24.486314467999982 ], [ -110.401791492, 24.481671507 ], [ -110.408471868, 24.479887089000012 ], [ -110.4092122, 24.482078681 ], [ -110.399095996, 24.486314467999982 ] ] ], [ [ [ -110.354104394, 24.531459875000014 ], [ -110.335749604, 24.523529516999986 ], [ -110.321364065, 24.502330529 ], [ -110.305500071, 24.503551515 ], [ -110.306474508, 24.487190160000026 ], [ -110.289112306, 24.472853311000026 ], [ -110.293782454, 24.458708164 ], [ -110.309553595, 24.454633626000028 ], [ -110.308046813, 24.425257891000026 ], [ -110.318349257, 24.420623358 ], [ -110.327637967000015, 24.40244382600002 ], [ -110.351583432, 24.405399882 ], [ -110.344889035, 24.414735125000036 ], [ -110.354646367, 24.415047481 ], [ -110.349630033, 24.43335599000001 ], [ -110.362695588, 24.437049448 ], [ -110.370483725, 24.428940842 ], [ -110.366544475000012, 24.443217442 ], [ -110.376155653, 24.441088237 ], [ -110.371513395, 24.446114449 ], [ -110.378596943, 24.448973347000013 ], [ -110.354508156, 24.456508297 ], [ -110.371185636, 24.457422009000013 ], [ -110.356396882, 24.469022326 ], [ -110.376516979, 24.467505808000023 ], [ -110.363478573, 24.48151084700002 ], [ -110.386494601, 24.474690111999987 ], [ -110.382875512, 24.488693820000034 ], [ -110.393254694, 24.497330751000021 ], [ -110.380401946, 24.50713909 ], [ -110.397291108000019, 24.509836770999989 ], [ -110.387624487000011, 24.516125055000014 ], [ -110.399444728, 24.518538599 ], [ -110.354104394, 24.531459875000014 ] ] ], [ [ [ -110.398168055000014, 24.591444977 ], [ -110.361305191, 24.554016259000015 ], [ -110.367936324, 24.530741227 ], [ -110.378046997, 24.540094512000017 ], [ -110.384521129, 24.531406256 ], [ -110.393338697, 24.532832059000043 ], [ -110.38904352, 24.538988338 ], [ -110.399064955, 24.536348448 ], [ -110.375024401, 24.551438943999983 ], [ -110.383122924, 24.557012328 ], [ -110.409866847, 24.547590630999974 ], [ -110.404057787, 24.552304822 ], [ -110.411481423, 24.553850762 ], [ -110.392361457, 24.563296169 ], [ -110.414489444000012, 24.56832801800002 ], [ -110.395991541, 24.580790013999977 ], [ -110.398168055000014, 24.591444977 ] ] ], [ [ [ -110.404398068, 24.597799023000036 ], [ -110.401233791, 24.599112234 ], [ -110.399529832, 24.598809026999987 ], [ -110.404398068, 24.597799023000036 ] ] ], [ [ [ -111.9915201, 24.525538863 ], [ -111.966251962, 24.518051802 ], [ -111.868556052, 24.521249798000017 ], [ -111.849904099, 24.508520956999973 ], [ -111.841936748, 24.513458697 ], [ -111.849762521, 24.508012943000033 ], [ -111.828759293, 24.479622760999973 ], [ -111.821297029, 24.478839561000022 ], [ -111.819081751, 24.467196858 ], [ -111.780747444, 24.462549771 ], [ -111.749980098, 24.442003483000029 ], [ -111.741828065, 24.417404615000034 ], [ -111.703509225, 24.376673002 ], [ -111.709034333, 24.38174125399998 ], [ -111.702998751, 24.356418236 ], [ -111.696604944000015, 24.370594311000023 ], [ -111.68810194, 24.378972392999987 ], [ -111.693747406, 24.378423491999985 ], [ -111.684438955, 24.379717918999983 ], [ -111.700067255, 24.358988054000012 ], [ -111.694764431, 24.346076344000018 ], [ -111.710097108, 24.319436781 ], [ -111.710379644, 24.304760573000035 ], [ -111.745799820000016, 24.34825506 ], [ -111.867147412, 24.434083003 ], [ -111.950504141, 24.489961162 ], [ -112.004845082, 24.511231164000019 ], [ -111.9915201, 24.525538863 ] ] ], [ [ [ -110.566259504, 24.840077343 ], [ -110.568603702, 24.828979833 ], [ -110.560290754, 24.822480001999985 ], [ -110.565230471, 24.814216183000021 ], [ -110.567638159, 24.822731914000013 ], [ -110.576942642, 24.82030179 ], [ -110.586931462, 24.828204469000017 ], [ -110.581069675, 24.838346844 ], [ -110.566259504, 24.840077343 ] ] ], [ [ [ -110.605263073, 24.843278686999977 ], [ -110.605416287000011, 24.843323905 ], [ -110.605220008, 24.843495198 ], [ -110.605263073, 24.843278686999977 ] ] ], [ [ [ -110.581209665, 24.85312212 ], [ -110.580002492, 24.852986892 ], [ -110.580644403, 24.852188794 ], [ -110.581209665, 24.85312212 ] ] ], [ [ [ -110.60321894, 24.875106726 ], [ -110.603843933, 24.874391496999969 ], [ -110.603617868, 24.877179178000013 ], [ -110.60321894, 24.875106726 ] ] ], [ [ [ -110.510960148, 25.114985339000015 ], [ -110.509529611, 25.111295678 ], [ -110.511432582, 25.111512949000023 ], [ -110.510960148, 25.114985339000015 ] ] ], [ [ [ -110.706821219, 25.105016395 ], [ -110.669135792, 25.052494929000012 ], [ -110.603234002, 25.039598834999978 ], [ -110.575227746, 25.016098088 ], [ -110.566136317, 24.988250432999987 ], [ -110.570340111, 24.954138004 ], [ -110.525593395, 24.882973798 ], [ -110.530985254, 24.877132697 ], [ -110.589824863, 24.864991676 ], [ -110.573452386000014, 24.878551630000054 ], [ -110.574496871, 24.888340336000013 ], [ -110.617556787, 24.915150912 ], [ -110.641641691, 24.914335946999987 ], [ -110.635208818, 24.928834003 ], [ -110.655580276, 24.948311973 ], [ -110.67823215, 25.01714978 ], [ -110.713667083, 25.031597867 ], [ -110.717503667, 25.054361873 ], [ -110.706821219, 25.105016395 ] ] ], [ [ [ -110.861942481, 25.129402911 ], [ -110.860290107, 25.128726291000017 ], [ -110.861215052, 25.128029596 ], [ -110.861942481, 25.129402911 ] ] ], [ [ [ -110.697465871, 25.205559906000012 ], [ -110.69549071, 25.199343720000012 ], [ -110.704680823, 25.194080987000014 ], [ -110.697465871, 25.205559906000012 ] ] ], [ [ [ -110.91601192200001, 25.209881938000017 ], [ -110.916573362, 25.209162454 ], [ -110.917126741000018, 25.209941195000013 ], [ -110.91601192200001, 25.209881938000017 ] ] ], [ [ [ -110.922537791, 25.247618691999989 ], [ -110.920829704, 25.246625952 ], [ -110.922901643, 25.246753276999989 ], [ -110.922537791, 25.247618691999989 ] ] ], [ [ [ -110.689253619, 25.31155735 ], [ -110.710841115, 25.267414349 ], [ -110.730184258, 25.261808909 ], [ -110.731546649, 25.291958575 ], [ -110.716155481, 25.304479734 ], [ -110.689253619, 25.31155735 ] ] ], [ [ [ -115.766103709, 24.958482935999989 ], [ -115.76560833000002, 24.958534883 ], [ -115.765910846999986, 24.958272653999988 ], [ -115.766103709, 24.958482935999989 ] ] ], [ [ [ -115.764723217000011, 24.959031575 ], [ -115.764315506, 24.958995282 ], [ -115.764407143, 24.958825723000022 ], [ -115.764723217000011, 24.959031575 ] ] ], [ [ [ -115.765002566000021, 24.961015467999985 ], [ -115.764765761, 24.960959068 ], [ -115.764938491, 24.960934864 ], [ -115.765002566000021, 24.961015467999985 ] ] ], [ [ [ -110.954595612, 25.32853092900001 ], [ -110.953454152, 25.32941208 ], [ -110.952894301, 25.32858630199998 ], [ -110.954595612, 25.32853092900001 ] ] ], [ [ [ -112.154404094, 25.143675794999975 ], [ -112.162447176, 25.06514141 ], [ -112.17162399, 25.066355677000011 ], [ -112.171823641000017, 25.063391034999988 ], [ -112.163167345, 25.057668235000037 ], [ -112.171716685, 25.041092568 ], [ -112.179250871, 25.040096535000011 ], [ -112.162147699, 25.020030616 ], [ -112.16420078, 25.004142879000014 ], [ -112.156029823000011, 24.989193537 ], [ -112.165014117, 24.988631264000031 ], [ -112.153709475000014, 24.971232371 ], [ -112.178965323000014, 24.968721143000018 ], [ -112.189704881, 24.958653092000024 ], [ -112.185199662, 24.931186668000034 ], [ -112.166518035, 24.911717250000027 ], [ -112.178170284, 24.897990353000012 ], [ -112.176601598, 24.887194238 ], [ -112.18842616400002, 24.893188004 ], [ -112.193815552000018, 24.908925645000039 ], [ -112.180247346, 24.905783854000031 ], [ -112.185210098, 24.909728829999985 ], [ -112.176289978000014, 24.911429657000017 ], [ -112.17759484, 24.921394871 ], [ -112.196534055, 24.917005693000011 ], [ -112.191416259, 24.888536411000029 ], [ -112.181266992, 24.883133374999979 ], [ -112.178224528000015, 24.870183627999968 ], [ -112.193776173, 24.861682525999989 ], [ -112.195499351, 24.868248981 ], [ -112.206567836000019, 24.86920132100002 ], [ -112.202964276, 24.862330022 ], [ -112.218852572, 24.85192277099997 ], [ -112.220860966, 24.85263448000001 ], [ -112.218929818, 24.855599888000022 ], [ -112.219850827, 24.855357266 ], [ -112.219553727, 24.856759073 ], [ -112.221306615, 24.857670238999976 ], [ -112.232102029, 24.842985089000027 ], [ -112.214906495, 24.844171892 ], [ -112.208758069, 24.825379388000027 ], [ -112.222864606, 24.828750109 ], [ -112.21868738500001, 24.820741607000013 ], [ -112.210148741, 24.822947367000019 ], [ -112.188974831, 24.808349810000028 ], [ -112.198239798, 24.806470630000014 ], [ -112.19425153200001, 24.80154282400002 ], [ -112.188409364, 24.80612543099997 ], [ -112.178360265, 24.797663441 ], [ -112.187510935, 24.796705443000022 ], [ -112.172200795, 24.79373538800002 ], [ -112.179181449, 24.791547449000014 ], [ -112.165369880000014, 24.776250216000022 ], [ -112.174179166, 24.772712667 ], [ -112.171537669, 24.765845984000027 ], [ -112.134725898, 24.735849789000014 ], [ -112.13065702, 24.708531197 ], [ -112.115981485, 24.689074889000018 ], [ -112.143779053, 24.650194904 ], [ -112.139078527, 24.634707823999957 ], [ -112.103617121, 24.616287007 ], [ -112.079264457, 24.585470367 ], [ -112.072125297, 24.585499217000045 ], [ -112.057339096, 24.539580909000041 ], [ -112.076491328, 24.542525671 ], [ -112.101942074, 24.558515258000039 ], [ -112.100962833000011, 24.57399701100001 ], [ -112.114860416, 24.599928267999985 ], [ -112.13198712, 24.617430242999976 ], [ -112.146307372, 24.620569077 ], [ -112.157906588, 24.644399053999965 ], [ -112.174574713, 24.652615333000018 ], [ -112.166822429, 24.670796794 ], [ -112.147272182, 24.667804027 ], [ -112.136873938, 24.687303710000013 ], [ -112.13959842, 24.722412657 ], [ -112.153339808, 24.744815281999987 ], [ -112.18872239300002, 24.773630555 ], [ -112.226187006, 24.788680645999964 ], [ -112.262454751, 24.786540321 ], [ -112.258049476000011, 24.755951557000046 ], [ -112.260033947, 24.749964833000011 ], [ -112.274886543, 24.774662448 ], [ -112.30496055, 24.793996758999988 ], [ -112.301452035, 24.808423431000033 ], [ -112.28968798, 24.811835578000014 ], [ -112.279256423, 24.83308238 ], [ -112.216795571, 24.988223237999971 ], [ -112.139220009000013, 25.254832579999981 ], [ -112.127441677, 25.264737086000025 ], [ -112.122780806, 25.214973510999986 ], [ -112.154404094, 25.143675794999975 ] ] ], [ [ [ -112.100645377, 25.489213851 ], [ -112.096498298, 25.426542517000026 ], [ -112.11004010000002, 25.370444905 ], [ -112.103604921, 25.368909383 ], [ -112.103337532, 25.332480636999968 ], [ -112.121934414, 25.285059666 ], [ -112.134307611, 25.28663011 ], [ -112.13954242600002, 25.296885587 ], [ -112.11639265, 25.364991710000012 ], [ -112.104228845, 25.442928574999975 ], [ -112.107041368, 25.484402581 ], [ -112.100645377, 25.489213851 ] ] ], [ [ [ -112.120118427, 25.495226215999981 ], [ -112.119546524, 25.494951567 ], [ -112.11989950200001, 25.494651093 ], [ -112.120118427, 25.495226215999981 ] ] ], [ [ [ -112.120186953, 25.496137788999967 ], [ -112.120787366, 25.495959498 ], [ -112.120408633, 25.496433873999965 ], [ -112.120186953, 25.496137788999967 ] ] ], [ [ [ -111.132551423, 25.587835422000012 ], [ -111.129342696, 25.586631555000022 ], [ -111.130085049, 25.584313745 ], [ -111.132551423, 25.587835422000012 ] ] ], [ [ [ -111.151904662, 25.588437937 ], [ -111.148547633, 25.583176692000013 ], [ -111.15301736, 25.582870552 ], [ -111.151904662, 25.588437937 ] ] ], [ [ [ -110.772914826, 25.712335123 ], [ -110.763060311000018, 25.690560317999982 ], [ -110.76946363, 25.677648474 ], [ -110.757383118, 25.629717903 ], [ -110.758729737, 25.593655548 ], [ -110.786283882000021, 25.606059706000035 ], [ -110.804950416, 25.647252536999975 ], [ -110.798908321, 25.684744694999985 ], [ -110.780641079, 25.712229962999988 ], [ -110.772914826, 25.712335123 ] ] ], [ [ [ -111.034965604, 25.714291086000014 ], [ -111.013309878, 25.678753690000015 ], [ -111.029796457, 25.649778013999953 ], [ -111.046914637, 25.664368783 ], [ -111.059635518, 25.707269281 ], [ -111.034965604, 25.714291086000014 ] ] ], [ [ [ -112.08872348, 25.671368599999969 ], [ -112.080885080000016, 25.66989171 ], [ -112.08797812, 25.662263680000013 ], [ -112.08351086, 25.64878574 ], [ -112.08909266, 25.64354182 ], [ -112.08872348, 25.671368599999969 ] ] ], [ [ [ -111.223959565, 25.731497329000025 ], [ -111.225677471000012, 25.730343891000025 ], [ -111.224953709, 25.732261706 ], [ -111.223959565, 25.731497329000025 ] ] ], [ [ [ -111.042644815000017, 25.740282936999989 ], [ -111.044468768, 25.739424375 ], [ -111.043851475, 25.74318098 ], [ -111.042644815000017, 25.740282936999989 ] ] ], [ [ [ -111.048608371, 25.742477233 ], [ -111.049874159, 25.741782718000014 ], [ -111.049948459, 25.742975006 ], [ -111.048608371, 25.742477233 ] ] ], [ [ [ -112.092989659, 25.684625118 ], [ -112.095498205, 25.634770382 ], [ -112.088904969, 25.608470437999987 ], [ -112.095983021, 25.493573434999988 ], [ -112.10287025, 25.5163276 ], [ -112.092989659, 25.684625118 ] ] ], [ [ [ -111.228176713, 25.744397966 ], [ -111.22613109, 25.743447288000013 ], [ -111.227103646, 25.743216212 ], [ -111.228176713, 25.744397966 ] ] ], [ [ [ -111.275383853, 25.757887799 ], [ -111.273959355, 25.757105533 ], [ -111.275846483, 25.755343608 ], [ -111.275383853, 25.757887799 ] ] ], [ [ [ -111.281223491, 25.768416127000012 ], [ -111.281421972, 25.767185589000022 ], [ -111.281645869, 25.76812584100005 ], [ -111.281223491, 25.768416127000012 ] ] ], [ [ [ -111.259261059, 25.783094814 ], [ -111.255095257, 25.811980081000012 ], [ -111.247268984, 25.798801956999956 ], [ -111.248368148, 25.788594046000021 ], [ -111.243330637, 25.789124661 ], [ -111.245252354, 25.764686578999989 ], [ -111.259261059, 25.783094814 ] ] ], [ [ [ -111.316368657, 25.84236209900001 ], [ -111.316719575, 25.84023001 ], [ -111.317456277, 25.839974316 ], [ -111.316368657, 25.84236209900001 ] ] ], [ [ [ -111.180720288, 26.044842285 ], [ -111.178570605, 26.045748279 ], [ -111.177854899, 26.043903463 ], [ -111.180720288, 26.044842285 ] ] ], [ [ [ -111.059810251, 26.069769504 ], [ -111.084171024, 26.016242190999971 ], [ -111.080060505, 25.997997673 ], [ -111.069080482, 25.997101806 ], [ -111.066789595, 25.965935122000026 ], [ -111.10114734, 25.997659980000016 ], [ -111.119960823, 25.993894183 ], [ -111.13234403, 25.961412228 ], [ -111.17966913, 25.905234343 ], [ -111.181596681, 25.866500317000053 ], [ -111.203786167, 25.84791054 ], [ -111.204527369, 25.806196804000017 ], [ -111.228933124, 25.822500599 ], [ -111.233286348, 25.848148809000033 ], [ -111.21455409, 25.86979835 ], [ -111.219790045, 25.884308288000021 ], [ -111.197774082, 25.955757554000016 ], [ -111.169594662, 25.983684101999987 ], [ -111.172604733, 26.00415331600005 ], [ -111.16261255, 26.019272799999978 ], [ -111.17543858, 26.04172734 ], [ -111.135004491, 26.051903150000015 ], [ -111.128478819, 26.067511225000015 ], [ -111.103815705, 26.051545041000033 ], [ -111.059810251, 26.069769504 ] ] ], [ [ [ -111.305622692, 26.106298878 ], [ -111.303673795, 26.104803455 ], [ -111.306356412, 26.104743987 ], [ -111.305622692, 26.106298878 ] ] ], [ [ [ -111.265547799, 26.137300855999968 ], [ -111.263256108, 26.10614243900001 ], [ -111.29711905, 26.098575572 ], [ -111.279716564, 26.111270092999963 ], [ -111.288374541, 26.120341593999978 ], [ -111.279128014, 26.135352185000027 ], [ -111.265547799, 26.137300855999968 ] ] ], [ [ [ -111.43600108, 26.64162869900002 ], [ -111.428238473, 26.6369239 ], [ -111.42509423, 26.624511008999978 ], [ -111.430439339, 26.62413821 ], [ -111.43600108, 26.64162869900002 ] ] ], [ [ [ -113.237748974, 26.733010974999985 ], [ -113.195924796, 26.718901243 ], [ -113.175770762, 26.718829859000014 ], [ -113.135551124, 26.658176927 ], [ -113.1903977, 26.685302782 ], [ -113.260889233, 26.708145608 ], [ -113.262911774, 26.714927072 ], [ -113.237748974, 26.733010974999985 ] ] ], [ [ [ -113.23637842, 26.77203589 ], [ -113.19554722, 26.74972926 ], [ -113.19250486, 26.73880397 ], [ -113.20916149, 26.73683146 ], [ -113.20741897, 26.74351946 ], [ -113.2150656, 26.73862629000001 ], [ -113.21906395, 26.75965560000002 ], [ -113.23637842, 26.77203589 ] ] ], [ [ [ -111.915287421, 26.878180343999968 ], [ -111.913660873, 26.878301737000033 ], [ -111.91539609, 26.87758497999998 ], [ -111.915287421, 26.878180343999968 ] ] ], [ [ [ -113.15690686, 26.916703080000016 ], [ -113.14925886, 26.904477079999971 ], [ -113.15469308, 26.89103546 ], [ -113.15186472000002, 26.898715830000022 ], [ -113.16250468, 26.903456749999986 ], [ -113.15690686, 26.916703080000016 ] ] ], [ [ [ -113.16204743, 26.931895250000011 ], [ -113.16202557, 26.925330429999974 ], [ -113.160001, 26.91974797 ], [ -113.167831620000015, 26.927852369999979 ], [ -113.16204743, 26.931895250000011 ] ] ], [ [ [ -111.908612541000011, 27.040969947999965 ], [ -111.915888289, 27.033948434 ], [ -111.908841962000011, 27.0428525 ], [ -111.908612541000011, 27.040969947999965 ] ] ], [ [ [ -111.909246145, 27.05895515100001 ], [ -111.909760022, 27.059744426 ], [ -111.909237803, 27.059926102999977 ], [ -111.909246145, 27.05895515100001 ] ] ], [ [ [ -112.069135056, 27.165378345999969 ], [ -112.067787863, 27.164855299999985 ], [ -112.06771067, 27.164078301999961 ], [ -112.069135056, 27.165378345999969 ] ] ], [ [ [ -112.08821302, 27.258863924 ], [ -112.046623511, 27.224561911000013 ], [ -112.050611488, 27.217233170999979 ], [ -112.043374067, 27.208352679000036 ], [ -112.059381461, 27.17965254200001 ], [ -112.06541268, 27.18362928200002 ], [ -112.075615824, 27.177616122000011 ], [ -112.084831124, 27.185746623999986 ], [ -112.088417052, 27.215950232000019 ], [ -112.10843249, 27.238582439 ], [ -112.08821302, 27.258863924 ] ] ], [ [ [ -114.293277572, 27.110556846000023 ], [ -114.28900846, 27.101308343000014 ], [ -114.290956303, 27.09826912 ], [ -114.295315015, 27.101498617 ], [ -114.293277572, 27.110556846000023 ] ] ], [ [ [ -114.293579712, 27.112225803 ], [ -114.293224285, 27.112974654 ], [ -114.293060213, 27.112525495999986 ], [ -114.293579712, 27.112225803 ] ] ], [ [ [ -114.375556192, 27.150733826 ], [ -114.372457703, 27.145182858 ], [ -114.384753145, 27.145954344 ], [ -114.375556192, 27.150733826 ] ] ], [ [ [ -111.901301636, 27.449301421999987 ], [ -111.869121193, 27.454512915 ], [ -111.855880578, 27.44074116 ], [ -111.85994538, 27.430647734999958 ], [ -111.895349505, 27.430644993000016 ], [ -111.901301636, 27.449301421999987 ] ] ], [ [ [ -114.710963944000014, 27.513629616999985 ], [ -114.710399437, 27.51397249 ], [ -114.71021857, 27.513835339999989 ], [ -114.710963944000014, 27.513629616999985 ] ] ], [ [ [ -114.70997254800001, 27.51493341899997 ], [ -114.709529407, 27.514643397000015 ], [ -114.709981511, 27.514629831 ], [ -114.70997254800001, 27.51493341899997 ] ] ], [ [ [ -114.711188397, 27.515829764 ], [ -114.710697943000014, 27.51547622 ], [ -114.711021497, 27.515389033 ], [ -114.711188397, 27.515829764 ] ] ], [ [ [ -112.741410142, 27.842393938 ], [ -112.737133987, 27.842191955 ], [ -112.736466682, 27.841199543 ], [ -112.741410142, 27.842393938 ] ] ], [ [ [ -114.17972745, 27.76884643 ], [ -114.16596748, 27.76338232 ], [ -114.15902318, 27.7453592 ], [ -114.16463823, 27.742192830000032 ], [ -114.14600212, 27.72143629000001 ], [ -114.1797372, 27.75716738 ], [ -114.18341032, 27.752800109999981 ], [ -114.17972745, 27.76884643 ] ] ], [ [ [ -114.224642630000019, 27.76632406 ], [ -114.21274857, 27.75118033999998 ], [ -114.22008837, 27.753918059999982 ], [ -114.18521395, 27.72133678 ], [ -114.22819983, 27.745850719999986 ], [ -114.223489231, 27.736563770000018 ], [ -114.24752845, 27.74351588 ], [ -114.24889558, 27.75537243 ], [ -114.22590442, 27.75121552 ], [ -114.23281968, 27.75908877 ], [ -114.23024431, 27.76499160000003 ], [ -114.22110862, 27.76006398 ], [ -114.224642630000019, 27.76632406 ] ] ], [ [ [ -112.760043578, 27.902231658000016 ], [ -112.760482962, 27.90251983100001 ], [ -112.75970423, 27.903427957000019 ], [ -112.760043578, 27.902231658000016 ] ] ], [ [ [ -115.224299924, 27.893564587999983 ], [ -115.222295287999984, 27.893613191000021 ], [ -115.222796657, 27.89267069300001 ], [ -115.224299924, 27.893564587999983 ] ] ], [ [ [ -115.215678348, 27.896193629 ], [ -115.162113942000019, 27.870381822 ], [ -115.166626449, 27.852475668999983 ], [ -115.178300096000015, 27.849656832 ], [ -115.180211955, 27.866195673 ], [ -115.195319215999987, 27.880564742000022 ], [ -115.218750768000021, 27.888197262000013 ], [ -115.215678348, 27.896193629 ] ] ], [ [ [ -114.205440447, 28.000000026 ], [ -112.764778196, 28.000000001000011 ], [ -112.756315747, 27.967544653000015 ], [ -112.766885312, 27.939357558000022 ], [ -112.761329271, 27.896731894 ], [ -112.77159962, 27.863154725 ], [ -112.735475832, 27.826696623 ], [ -112.719693106, 27.825477550999974 ], [ -112.71600386, 27.785923395000019 ], [ -112.707165851, 27.77939913300002 ], [ -112.701158403, 27.751408124000012 ], [ -112.661257247, 27.70954039 ], [ -112.63806702, 27.706115077000025 ], [ -112.642335394, 27.702839551 ], [ -112.643199139, 27.695322833999978 ], [ -112.637159851, 27.704848014 ], [ -112.623244525, 27.678187998000041 ], [ -112.598078235, 27.664738887 ], [ -112.595379926, 27.650484011999982 ], [ -112.530017018, 27.638038358 ], [ -112.48747348400002, 27.621089299000012 ], [ -112.467791913, 27.599230418000023 ], [ -112.418764844, 27.590545296 ], [ -112.360277651, 27.552593071000047 ], [ -112.355542524, 27.534485372999988 ], [ -112.330108715, 27.517611503 ], [ -112.318137116, 27.460843722 ], [ -112.321682037, 27.443267596 ], [ -112.31764526000002, 27.43769572 ], [ -112.31498551, 27.437046280000018 ], [ -112.315042648, 27.435772600999982 ], [ -112.312372893, 27.433873791 ], [ -112.312070701, 27.432938663 ], [ -112.317460016, 27.435247075 ], [ -112.317978738, 27.428941504000019 ], [ -112.297919882, 27.404152279000037 ], [ -112.302218058, 27.383912999 ], [ -112.291087003, 27.371831967999984 ], [ -112.286997752, 27.373625922 ], [ -112.286054889, 27.372680085999981 ], [ -112.291662357, 27.36956101 ], [ -112.286924849, 27.364366646999983 ], [ -112.270152028, 27.357570905999989 ], [ -112.262747145, 27.33381912699998 ], [ -112.243478271, 27.32563615999997 ], [ -112.243856299, 27.317425532000016 ], [ -112.241317126, 27.325797369 ], [ -112.212668918, 27.265431136 ], [ -112.194990712, 27.249965829 ], [ -112.193441683, 27.244251553 ], [ -112.193595158, 27.234439845999987 ], [ -112.195693843, 27.228183053 ], [ -112.199302296000013, 27.22447466300002 ], [ -112.202393929, 27.211427841000013 ], [ -112.204452163000013, 27.207056295 ], [ -112.193697594, 27.243587564999984 ], [ -112.196117506, 27.250643857 ], [ -112.207183748, 27.249309296 ], [ -112.198052008, 27.241460327 ], [ -112.21099115, 27.22104083 ], [ -112.213133590000012, 27.22428272 ], [ -112.216379175000014, 27.224035256 ], [ -112.212922449, 27.204343115000022 ], [ -112.190991235, 27.194701796000032 ], [ -112.165103651, 27.165111295 ], [ -112.131945783, 27.158206992 ], [ -112.097520206, 27.133119218 ], [ -112.070654664, 27.134016749999979 ], [ -112.055125349, 27.123088362 ], [ -112.009200261, 27.116811339000023 ], [ -111.992769879, 27.096473083999978 ], [ -111.952223547, 27.094938609 ], [ -111.945953687, 27.069861371 ], [ -111.973599454, 27.06813175500001 ], [ -112.006454536, 27.033047237 ], [ -112.014877448, 26.974695678 ], [ -112.007557276, 26.957532273000041 ], [ -111.955867293, 26.914166001 ], [ -111.952489441, 26.901240468000012 ], [ -111.973696909, 26.897506709 ], [ -111.98252233, 26.888659872999956 ], [ -111.973033039, 26.897085544 ], [ -111.953494492, 26.899177884 ], [ -111.937392022, 26.883295556 ], [ -111.915827205, 26.877417097 ], [ -111.911895116000011, 26.857841165 ], [ -111.872485735, 26.831740978 ], [ -111.86167166, 26.784156239000019 ], [ -111.874625683, 26.776273560999986 ], [ -111.876505814000012, 26.755827852 ], [ -111.883390233, 26.765591835999977 ], [ -111.891331794, 26.763285961999987 ], [ -111.897539807, 26.753009069999987 ], [ -111.891026033, 26.7488581 ], [ -111.901239008, 26.742026605000024 ], [ -111.909129692, 26.719960063 ], [ -111.863004639, 26.693348782 ], [ -111.846139216, 26.643980191 ], [ -111.806411693, 26.626205652 ], [ -111.782653966, 26.567933842 ], [ -111.764106946, 26.553923081 ], [ -111.711196935, 26.552405016 ], [ -111.677104184, 26.588433674000036 ], [ -111.715574754, 26.631101138 ], [ -111.759320956, 26.660870614 ], [ -111.765474242, 26.676475119000028 ], [ -111.794465595, 26.688339112 ], [ -111.808314058, 26.715719569 ], [ -111.814448309, 26.715776677 ], [ -111.823997419, 26.820216959999975 ], [ -111.836478286, 26.833996418000037 ], [ -111.851082554, 26.879427080000042 ], [ -111.832698691, 26.883730306 ], [ -111.821950642, 26.896276121000042 ], [ -111.801682827, 26.889152286999984 ], [ -111.791562325, 26.874467145999986 ], [ -111.748116193, 26.846004627999978 ], [ -111.721589781, 26.807001283000016 ], [ -111.682106185, 26.780167596000013 ], [ -111.665990915, 26.781253094000014 ], [ -111.64699210900001, 26.745047216000017 ], [ -111.62645855, 26.741074706000031 ], [ -111.626839141, 26.732759995999988 ], [ -111.610621135, 26.72761843 ], [ -111.607717079, 26.719091228 ], [ -111.571974773, 26.707927990999984 ], [ -111.561195815000019, 26.697033034 ], [ -111.56784046, 26.670139175999989 ], [ -111.567394230000019, 26.562703901000031 ], [ -111.555394608, 26.55060434200001 ], [ -111.502994519, 26.530569110999988 ], [ -111.460393244, 26.537716774 ], [ -111.462131559, 26.528644126999986 ], [ -111.442140041, 26.518270915 ], [ -111.452652024, 26.515018667000014 ], [ -111.455090881, 26.488046163000018 ], [ -111.466447751, 26.478517909 ], [ -111.471957393, 26.459496497999989 ], [ -111.468939937, 26.412312872 ], [ -111.451092909, 26.393033289000012 ], [ -111.424786482, 26.380990147000052 ], [ -111.421393985, 26.372799188 ], [ -111.434447113, 26.369719689999989 ], [ -111.434024443, 26.362461582 ], [ -111.422934170000019, 26.349400324 ], [ -111.396125611, 26.340892716 ], [ -111.387067003, 26.323525031 ], [ -111.38304293600001, 26.280643686999987 ], [ -111.394872924, 26.276855868999984 ], [ -111.397875803, 26.256324689 ], [ -111.377507715, 26.215855287000043 ], [ -111.379046295, 26.188347567000022 ], [ -111.361355438, 26.167561349999978 ], [ -111.344747058, 26.111673324 ], [ -111.323828265, 26.100279275000045 ], [ -111.318959003, 26.069214025000019 ], [ -111.345661604, 26.027911538000023 ], [ -111.335279605, 26.003076471 ], [ -111.338204275, 25.988107602000017 ], [ -111.35864819, 25.959966767000012 ], [ -111.35523494, 25.928782970000011 ], [ -111.336756061, 25.907524770999977 ], [ -111.342051037, 25.877690592999979 ], [ -111.332950833, 25.835810952000013 ], [ -111.325095814, 25.83092855 ], [ -111.315999936, 25.837144218000013 ], [ -111.302621518, 25.824879412 ], [ -111.299726985, 25.817815018000012 ], [ -111.292008014, 25.812784837000013 ], [ -111.302040892, 25.808035146 ], [ -111.299943397, 25.813215232000022 ], [ -111.308993111, 25.814797932 ], [ -111.305709426, 25.825960219999978 ], [ -111.317344157, 25.829991027 ], [ -111.319683454, 25.815808447999984 ], [ -111.30705083, 25.8116638 ], [ -111.306206614, 25.773470937000042 ], [ -111.254289631, 25.740181563 ], [ -111.243089983, 25.721415468000011 ], [ -111.223904389, 25.725334559000018 ], [ -111.211829478, 25.702476160999989 ], [ -111.216008356, 25.691138953 ], [ -111.20417732, 25.671189549999987 ], [ -111.193401817, 25.613466455 ], [ -111.171871571, 25.595013195999982 ], [ -111.164686122, 25.573261409 ], [ -111.145103916, 25.565574565999967 ], [ -111.142466997, 25.549995283 ], [ -111.121851144, 25.528601614000028 ], [ -111.08425343, 25.524618740000019 ], [ -111.069582119, 25.531085533 ], [ -111.075012167, 25.523204150999987 ], [ -111.068248196, 25.514040053999988 ], [ -111.05318168, 25.52117069 ], [ -111.04049212, 25.515564287000021 ], [ -111.038247455, 25.521531261000014 ], [ -111.016536659, 25.514600911 ], [ -111.014323274, 25.504785684 ], [ -111.02263072, 25.497114719999985 ], [ -111.013446322, 25.477186659 ], [ -111.026196714, 25.457960609999983 ], [ -111.024857745, 25.444036219 ], [ -111.003744206, 25.416235474999986 ], [ -111.000647607, 25.387931150000025 ], [ -110.98733234, 25.370847650000012 ], [ -110.979669743000017, 25.341469626 ], [ -110.955453953, 25.329411224 ], [ -110.94388702, 25.30541283 ], [ -110.947436486, 25.297166136000033 ], [ -110.933116922, 25.291575617 ], [ -110.946173252, 25.257714514 ], [ -110.934037947, 25.21550677 ], [ -110.921667724, 25.210377842000021 ], [ -110.906422101000018, 25.18303117200001 ], [ -110.912412632, 25.174501519 ], [ -110.90753576, 25.145944151 ], [ -110.879350687, 25.126260416 ], [ -110.862976248, 25.080711228 ], [ -110.829047203, 25.063185383000011 ], [ -110.816161231, 25.034842434 ], [ -110.798403339, 25.029533162 ], [ -110.790003349, 25.035935055 ], [ -110.757127645, 25.014015461000028 ], [ -110.761910361, 25.005753972000019 ], [ -110.74876483, 24.987785670000026 ], [ -110.749679073, 24.965929436 ], [ -110.720321995, 24.925428064999952 ], [ -110.699160102, 24.915403715 ], [ -110.708034302, 24.907833103000016 ], [ -110.685209724, 24.883804411 ], [ -110.684733831, 24.857511367 ], [ -110.657067124, 24.80622843 ], [ -110.663490453, 24.771659303999986 ], [ -110.683104524, 24.743126707 ], [ -110.690117811, 24.707180075000018 ], [ -110.726618743, 24.674765272 ], [ -110.74053859, 24.614909335999947 ], [ -110.729261346, 24.514995450000033 ], [ -110.686805427, 24.461852033000014 ], [ -110.693159357000013, 24.406092029000011 ], [ -110.678530431, 24.396622963999988 ], [ -110.685089163, 24.381454138000027 ], [ -110.680097053, 24.355646504000013 ], [ -110.640193492, 24.315029105 ], [ -110.63499318, 24.291685402999981 ], [ -110.611452716, 24.25560517000001 ], [ -110.582016255, 24.240301487 ], [ -110.556973586, 24.210192381999988 ], [ -110.422367368, 24.177182258 ], [ -110.32455998, 24.176362533999967 ], [ -110.340803847, 24.158766301 ], [ -110.371043941, 24.149000517000015 ], [ -110.403754867, 24.170728922 ], [ -110.43341009, 24.17161051200004 ], [ -110.426132508, 24.163401372000031 ], [ -110.429485295, 24.14206603 ], [ -110.415160821, 24.128534749000018 ], [ -110.422950582000013, 24.116491702 ], [ -110.392206399000017, 24.10389436 ], [ -110.349368756000018, 24.115154683 ], [ -110.351986032, 24.142506361 ], [ -110.321664481, 24.156213782 ], [ -110.30274182, 24.180003862999982 ], [ -110.299772927, 24.212107273000012 ], [ -110.300762806, 24.215986854000018 ], [ -110.302485512, 24.217095217999979 ], [ -110.303135105, 24.216587203 ], [ -110.305173113, 24.216551510999981 ], [ -110.305836983, 24.21736171800001 ], [ -110.301182757, 24.218735857 ], [ -110.2993589, 24.2147919 ], [ -110.298359527, 24.215127403999972 ], [ -110.300770159, 24.219002594 ], [ -110.31247289400001, 24.220242105000029 ], [ -110.306458806, 24.233166147 ], [ -110.313475801, 24.250432543000045 ], [ -110.3275101, 24.244405607 ], [ -110.311102051, 24.261253499 ], [ -110.324212881, 24.25789251 ], [ -110.323014941, 24.271414036000014 ], [ -110.331777068, 24.277129024999969 ], [ -110.33060792, 24.257185215999989 ], [ -110.336501216, 24.258549707000014 ], [ -110.33709909, 24.275341692999969 ], [ -110.327463462, 24.28198023 ], [ -110.33745244, 24.295361723999978 ], [ -110.326972342000019, 24.301180577 ], [ -110.337445628000012, 24.302794328 ], [ -110.339906229, 24.315949297 ], [ -110.314576629, 24.315467892000015 ], [ -110.334341582, 24.3285558 ], [ -110.305537731, 24.339321553 ], [ -110.297170321, 24.3523945 ], [ -110.233983110000011, 24.34427143 ], [ -110.235712453, 24.318025586000026 ], [ -110.216927494, 24.308710775000023 ], [ -110.211935788, 24.298128013 ], [ -110.193321899, 24.293931001 ], [ -110.17436973, 24.252373191000029 ], [ -110.151444575, 24.249178051 ], [ -110.123732176, 24.226058221000045 ], [ -110.089259533, 24.216234754999988 ], [ -110.00818531, 24.15944409 ], [ -109.984213447, 24.04373138 ], [ -109.929784466, 24.029048321000044 ], [ -109.882331034, 24.038570825000015 ], [ -109.826628029, 24.060813655000011 ], [ -109.825280779, 24.040002413 ], [ -109.803987061, 24.021865432999977 ], [ -109.813911491000013, 23.998682623 ], [ -109.835460806, 23.984844449000018 ], [ -109.83750257, 23.93275269 ], [ -109.825843762, 23.912048645999977 ], [ -109.772838545, 23.875086234000026 ], [ -109.69925692, 23.798952984 ], [ -109.713231986, 23.737675295000027 ], [ -109.695685931, 23.692158453000012 ], [ -109.697052458, 23.66270022200003 ], [ -109.682966756, 23.648823511999989 ], [ -109.637119302000016, 23.627020658999971 ], [ -109.583218799, 23.612340931999977 ], [ -109.587245204, 23.60081595299998 ], [ -109.583400471, 23.59832665599998 ], [ -109.585040872, 23.605321795000016 ], [ -109.58046957, 23.602526167000018 ], [ -109.584872469, 23.607248415000022 ], [ -109.582853655, 23.611152516 ], [ -109.575310169, 23.600850639 ], [ -109.520114835, 23.584607606 ], [ -109.509458766, 23.567715871000029 ], [ -109.468321216, 23.555025135 ], [ -109.479557966, 23.519913264 ], [ -109.460623406, 23.487190439999988 ], [ -109.428237639, 23.456613634000014 ], [ -109.423117039, 23.445432547 ], [ -109.431873039, 23.413579298 ], [ -109.415326347, 23.403573486000013 ], [ -109.413109609, 23.387220251 ], [ -109.431645285, 23.37704167 ], [ -109.42494163, 23.305579794 ], [ -109.439000794, 23.273419475000033 ], [ -109.437925476, 23.236263557 ], [ -109.455050576, 23.201486307 ], [ -109.536237685, 23.108653107 ], [ -109.565321805, 23.096441038 ], [ -109.576380215, 23.084075392999988 ], [ -109.60883967, 23.080700488000012 ], [ -109.670356396, 23.055937491000019 ], [ -109.672697786000015, 23.064072868 ], [ -109.677315178, 23.063535044000016 ], [ -109.671528931, 23.055475273 ], [ -109.714344305, 23.029171138999974 ], [ -109.712884568, 23.005581333000023 ], [ -109.733031184000012, 22.989305782000027 ], [ -109.759695959, 22.983864519999976 ], [ -109.79476865, 22.964038756 ], [ -109.806742986000017, 22.949981175 ], [ -109.80852479, 22.933223939999955 ], [ -109.842901302, 22.90262543500004 ], [ -109.891883774, 22.895404424 ], [ -109.905445195, 22.88167465600004 ], [ -109.908547701, 22.881570154 ], [ -109.909454634, 22.886325800000023 ], [ -109.911453381000015, 22.885630998000014 ], [ -109.909090739, 22.88185557000001 ], [ -109.911433156, 22.880440203000013 ], [ -109.909975736, 22.87864371 ], [ -109.896889645, 22.874891645 ], [ -109.9639684, 22.872100856 ], [ -110.011846151, 22.899923857000029 ], [ -110.061357974, 22.949074003000018 ], [ -110.10149814, 23.028004543 ], [ -110.114254313000018, 23.098881885999983 ], [ -110.15333811, 23.229464391000025 ], [ -110.16635315, 23.31284892 ], [ -110.215392669, 23.382998042 ], [ -110.215244844000011, 23.393920362999982 ], [ -110.230144732, 23.403404002 ], [ -110.234170643000013, 23.42627360699996 ], [ -110.264300568, 23.476747924 ], [ -110.329319339, 23.560177775000032 ], [ -110.38612692, 23.600017969999978 ], [ -110.557208053, 23.67225257 ], [ -110.612530522, 23.707444798000022 ], [ -110.68325774, 23.76874558 ], [ -110.82342166, 23.91709394 ], [ -110.87479495, 23.95578626 ], [ -110.954480034, 24.03391848700004 ], [ -111.00808929, 24.07065736500002 ], [ -111.010697997, 24.082061188 ], [ -111.044694546, 24.108592178 ], [ -111.274387302, 24.242874235 ], [ -111.433789706, 24.321046401000018 ], [ -111.436549881, 24.323330684 ], [ -111.436335729, 24.325852911999977 ], [ -111.364493468, 24.291271986999984 ], [ -111.358631839, 24.288814099 ], [ -111.3570376, 24.288778407000041 ], [ -111.356234359, 24.289901417 ], [ -111.478072903, 24.34909866 ], [ -111.47552599, 24.36203489 ], [ -111.527081404, 24.41045286 ], [ -111.542179084, 24.414533635 ], [ -111.556887628, 24.404761453000035 ], [ -111.558620105, 24.416032612 ], [ -111.560191604000011, 24.40634829 ], [ -111.564337889, 24.413574619000038 ], [ -111.570863487, 24.40581291099998 ], [ -111.576133993, 24.416282539 ], [ -111.583331862, 24.414914349 ], [ -111.582225413, 24.433176712000026 ], [ -111.594043083, 24.427988726000017 ], [ -111.610705526000018, 24.440633955 ], [ -111.629325731, 24.515781319 ], [ -111.651273879000016, 24.547199722 ], [ -111.652615895, 24.552586821999967 ], [ -111.646110341000011, 24.544899247 ], [ -111.636880412, 24.548457137 ], [ -111.658072569, 24.570238922000026 ], [ -111.691969296, 24.585186893 ], [ -111.697543069, 24.57165708 ], [ -111.688225099, 24.558170295999989 ], [ -111.702644633, 24.537868733999979 ], [ -111.732423841, 24.541246557000015 ], [ -111.734339054, 24.54799572000001 ], [ -111.725592155, 24.553563659000034 ], [ -111.73250211, 24.560073864 ], [ -111.736585265, 24.549708932000026 ], [ -111.752908367000018, 24.541999479 ], [ -111.793530526, 24.545540116 ], [ -111.810567466, 24.568183067000025 ], [ -111.814469782, 24.558617634 ], [ -111.803800278, 24.538696786999989 ], [ -111.758219324, 24.515635050999986 ], [ -111.797871945, 24.518207160000021 ], [ -111.816567277, 24.506549793000023 ], [ -111.822380887, 24.519272772000022 ], [ -111.817043169, 24.576268 ], [ -111.840718806, 24.63661708 ], [ -111.902075044, 24.708090500999983 ], [ -111.937024567, 24.736206212000027 ], [ -111.939924185, 24.747294408999974 ], [ -111.911379331, 24.72411260199998 ], [ -111.926781461, 24.748867904000011 ], [ -111.959027917, 24.769550179 ], [ -111.970555414, 24.784667886000026 ], [ -111.968212757, 24.793676143999967 ], [ -111.975363038, 24.79422342 ], [ -111.976718218, 24.784560811 ], [ -111.964243695, 24.759499336000022 ], [ -111.974294539, 24.756177607999984 ], [ -111.96506223, 24.746926263999985 ], [ -111.947044951, 24.755587502 ], [ -111.946911702, 24.752322881000033 ], [ -111.962682769, 24.747468781000013 ], [ -111.965418197, 24.737362733999969 ], [ -111.984754337, 24.738736761999977 ], [ -111.988676443, 24.74897212 ], [ -111.996964574, 24.739775039 ], [ -111.983926284, 24.737080656999989 ], [ -112.03047806, 24.736014658 ], [ -112.029583382000013, 24.744085789999989 ], [ -112.024628188, 24.741330016000031 ], [ -112.018810406, 24.744982489000016 ], [ -112.032425681, 24.758124252 ], [ -112.029374816, 24.764898181000014 ], [ -112.038595227, 24.766313959999959 ], [ -112.032233227, 24.773869343000019 ], [ -112.045285637, 24.787226210000014 ], [ -112.027493657, 24.794617567999978 ], [ -112.028172554, 24.801182939000011 ], [ -112.037024923, 24.804844303 ], [ -112.035786829, 24.811146932 ], [ -112.037577373, 24.818802848 ], [ -112.037696346, 24.810462836999971 ], [ -112.054019449, 24.829040478 ], [ -112.037654706, 24.834334779000013 ], [ -112.028041683, 24.829575856999988 ], [ -112.033109935000013, 24.82175932800001 ], [ -112.023895472, 24.815001659 ], [ -112.024740181, 24.823871099 ], [ -112.03028153, 24.822885971 ], [ -112.024704489, 24.827583059000016 ], [ -112.025632479, 24.83737454100001 ], [ -112.038494417, 24.846067426000022 ], [ -112.030017588, 24.835651335 ], [ -112.047833802, 24.834152274999983 ], [ -112.05155171, 24.835776257 ], [ -112.046067052000012, 24.837596544000021 ], [ -112.049433989, 24.839999800000012 ], [ -112.056961414, 24.829464736 ], [ -112.040412263, 24.800435312000037 ], [ -112.050591716, 24.804075014999981 ], [ -112.05033283100002, 24.81235891 ], [ -112.054467144, 24.808742129 ], [ -112.056376662000019, 24.812751521 ], [ -112.060356106, 24.812085580000012 ], [ -112.056402043, 24.812344158000016 ], [ -112.055271799, 24.808364509 ], [ -112.049904765, 24.800742273000033 ], [ -112.044155274, 24.798849719 ], [ -112.050686895, 24.797344710000022 ], [ -112.051455164, 24.784219730000018 ], [ -112.040595528, 24.752775581 ], [ -112.066160457, 24.745913216000048 ], [ -112.078324261, 24.729951791 ], [ -112.064957416, 24.762048507000028 ], [ -112.076866618, 24.764213817000055 ], [ -112.094600363, 24.796464745000012 ], [ -112.109340393, 24.800065782 ], [ -112.091041662, 24.778210995999984 ], [ -112.114040342, 24.789888201 ], [ -112.119424691, 24.782982839 ], [ -112.122093178, 24.78828078800003 ], [ -112.117138181, 24.804835392 ], [ -112.093798384, 24.801215388 ], [ -112.095166238, 24.811926185 ], [ -112.101846575, 24.812174839 ], [ -112.091080328, 24.833155725000015 ], [ -112.101713545, 24.842443356 ], [ -112.099665304, 24.850689836000015 ], [ -112.107041753, 24.842474289 ], [ -112.116188935, 24.848831018999977 ], [ -112.122546915, 24.876245384 ], [ -112.117348526, 24.881400508000013 ], [ -112.115009516, 24.88035354500002 ], [ -112.118030241, 24.878536232000013 ], [ -112.117643579, 24.876305487 ], [ -112.119089101, 24.874812374999987 ], [ -112.119636378, 24.87151087300003 ], [ -112.119162428, 24.870253997000027 ], [ -112.114488338, 24.880012296000015 ], [ -112.116855245, 24.884875688999987 ], [ -112.098654290000013, 24.901891831 ], [ -112.095822732, 24.899542114000031 ], [ -112.082759491, 24.901255325 ], [ -112.087119853, 24.895639797999962 ], [ -112.084246654, 24.892980750000021 ], [ -112.079272391000018, 24.90746215 ], [ -112.08303775, 24.903605616999975 ], [ -112.087770499000015, 24.90601065700001 ], [ -112.105007908, 24.899824057999965 ], [ -112.094694669, 24.919899790000027 ], [ -112.10605963, 24.915901480999988 ], [ -112.111441971, 24.935768196 ], [ -112.104361724, 24.938463096 ], [ -112.096781106, 24.926165568 ], [ -112.092186183, 24.933069293 ], [ -112.081291463, 24.923252590000011 ], [ -112.084522534, 24.928570474999976 ], [ -112.076330286, 24.933383144999983 ], [ -112.08367961, 24.930741585000046 ], [ -112.098450114, 24.94040041199996 ], [ -112.096025085, 24.944730795 ], [ -112.08752684, 24.938031421999984 ], [ -112.083710185, 24.94504845300002 ], [ -112.079398601, 24.938700050999987 ], [ -112.07818127, 24.950306702999974 ], [ -112.09089473, 24.943996372000033 ], [ -112.10460037, 24.950735414 ], [ -112.101242053, 24.944636806 ], [ -112.110436649, 24.941676397999959 ], [ -112.107841549000014, 24.957934362999971 ], [ -112.094494517, 24.961533262999989 ], [ -112.104018131, 24.982955506999986 ], [ -112.096690499000019, 25.000615931 ], [ -112.100773654, 25.009477043999972 ], [ -112.110397809, 25.000454832 ], [ -112.102184181, 24.994149108999988 ], [ -112.109499963, 24.97874767999998 ], [ -112.119938856, 24.986005916000014 ], [ -112.118120606, 24.972594324 ], [ -112.139273102, 24.948589185 ], [ -112.137647373, 24.934636858 ], [ -112.130402894, 24.932600126 ], [ -112.136192773, 24.92583017400003 ], [ -112.127201349000018, 24.922480624 ], [ -112.144057595, 24.904884292 ], [ -112.136826189000018, 24.882670272 ], [ -112.14320789, 24.880787928 ], [ -112.140911078000016, 24.868383595 ], [ -112.151570057, 24.866743292 ], [ -112.135405459, 24.861975309999966 ], [ -112.136788755, 24.841419778 ], [ -112.145288182, 24.835246628000021 ], [ -112.143357067, 24.803864702 ], [ -112.160038585, 24.832945099 ], [ -112.144021349, 24.849671732000026 ], [ -112.151444087, 24.851651602000036 ], [ -112.150652613, 24.85819918 ], [ -112.145597165, 24.855650066 ], [ -112.149233665, 24.862016283999989 ], [ -112.155287368, 24.855663005 ], [ -112.15487737, 24.845854247 ], [ -112.172860048, 24.82983463 ], [ -112.165415919, 24.820826320999977 ], [ -112.166649477, 24.818354099 ], [ -112.168724421, 24.82152526499997 ], [ -112.17635394, 24.820010882 ], [ -112.166663888, 24.81217378 ], [ -112.178122278, 24.819583745 ], [ -112.188867778, 24.851770226999985 ], [ -112.184995975, 24.860633952 ], [ -112.178632310000012, 24.851501769 ], [ -112.156756268, 24.868277648 ], [ -112.160849113, 24.874953723 ], [ -112.173156169, 24.867093771000015 ], [ -112.163023883, 24.881655312999978 ], [ -112.167915331, 24.884514374000027 ], [ -112.15699157100002, 24.922018872999985 ], [ -112.160948938, 24.93407816600002 ], [ -112.180300822, 24.938474826 ], [ -112.18353802, 24.959841654 ], [ -112.17079601, 24.967915475 ], [ -112.144841383000013, 24.965691834 ], [ -112.15242812000001, 24.977624045000031 ], [ -112.122259432, 25.038081731999988 ], [ -112.130744444, 25.046974679 ], [ -112.12018435, 25.072428453999979 ], [ -112.138401504, 25.077016054000016 ], [ -112.155444157, 25.068200681000011 ], [ -112.156095796, 25.097690891000013 ], [ -112.146486404, 25.111958279000021 ], [ -112.147292138, 25.103403212000025 ], [ -112.144076332, 25.101666297999977 ], [ -112.140518266, 25.107425978000023 ], [ -112.151220984, 25.119371307 ], [ -112.149308256, 25.137269296 ], [ -112.129645087000014, 25.184091800000026 ], [ -112.107906331, 25.187232688 ], [ -112.124808916, 25.191201745000036 ], [ -112.114450047, 25.210596616000032 ], [ -112.116276214, 25.226950495 ], [ -112.114107405, 25.231983211000017 ], [ -112.114051532, 25.222506127999988 ], [ -112.093920058, 25.221066243999989 ], [ -112.108520431, 25.23289692399997 ], [ -112.114021744, 25.233001621 ], [ -112.116410723, 25.229499054000023 ], [ -112.114472225, 25.24068249900002 ], [ -112.093474383, 25.237864572999985 ], [ -112.084711132, 25.244391559 ], [ -112.085886997, 25.235809385 ], [ -112.08121724, 25.23287235399998 ], [ -112.077174308, 25.242385774 ], [ -112.077111545, 25.257928853999978 ], [ -112.086542707, 25.256491877000048 ], [ -112.075121185, 25.279492358000013 ], [ -112.084183913, 25.299600608999981 ], [ -112.072946416, 25.300277488 ], [ -112.076732654, 25.330140201 ], [ -112.070457909, 25.333059687 ], [ -112.077645344, 25.341772613 ], [ -112.070144172, 25.352501794999984 ], [ -112.088048585, 25.357605073 ], [ -112.08540321, 25.366187371 ], [ -112.075484835, 25.362456852 ], [ -112.072967807, 25.367488838000032 ], [ -112.085995033, 25.371296513000011 ], [ -112.074828839, 25.372391762000014 ], [ -112.074885882, 25.376605154000021 ], [ -112.094900892000013, 25.375297343 ], [ -112.087356937, 25.392606972 ], [ -112.093748737, 25.399849426000021 ], [ -112.078080298, 25.406449024999986 ], [ -112.090551353, 25.41398451400001 ], [ -112.086210604, 25.432333828 ], [ -112.075306575, 25.414834642 ], [ -112.067128016, 25.431043895 ], [ -112.068397677, 25.447215128999989 ], [ -112.074901444, 25.439846739000021 ], [ -112.088597626, 25.443007848000033 ], [ -112.082532709, 25.45762866 ], [ -112.087611366, 25.462696677 ], [ -112.066178339, 25.463096452999981 ], [ -112.08040254, 25.46622453 ], [ -112.058437851, 25.473312352999987 ], [ -112.083289044, 25.469649488 ], [ -112.090520226, 25.478850864 ], [ -112.086579838, 25.485382484 ], [ -112.08560188, 25.480606906 ], [ -112.077884439, 25.483601131 ], [ -112.085711617, 25.485270305000011 ], [ -112.080340891, 25.508546537 ], [ -112.070497061000012, 25.504920239 ], [ -112.078577409, 25.498390830000019 ], [ -112.075326545, 25.490313002000029 ], [ -112.063801455, 25.492943277 ], [ -112.070456487, 25.494625249000013 ], [ -112.067834444, 25.512337019 ], [ -112.08003319800001, 25.513719028999983 ], [ -112.063162691, 25.521556666 ], [ -112.069547656, 25.533902074000039 ], [ -112.064469929, 25.556350105 ], [ -112.084653692, 25.55794542000001 ], [ -112.066152702, 25.563966256 ], [ -112.074324131, 25.576868867000048 ], [ -112.061727105, 25.587429191 ], [ -112.06308188, 25.617870120000035 ], [ -112.069947406, 25.615229671 ], [ -112.073958104, 25.623467904 ], [ -112.065224209, 25.62601994400001 ], [ -112.070815978, 25.626193835000024 ], [ -112.065030853, 25.6368998 ], [ -112.073247077, 25.646936513999982 ], [ -112.064293087, 25.651986053000044 ], [ -112.075996437, 25.662334075000025 ], [ -112.07050311, 25.67866606599998 ], [ -112.07141019, 25.681872317000021 ], [ -112.073700411, 25.675299163999984 ], [ -112.080681749, 25.68136679 ], [ -112.086028398, 25.67587737399997 ], [ -112.081367034, 25.695764909 ], [ -112.077305294, 25.687120327000024 ], [ -112.071783015, 25.689235598000025 ], [ -112.07923784, 25.707421907 ], [ -112.075360785, 25.727923270999984 ], [ -112.080608754, 25.729310744000013 ], [ -112.082709892, 25.700794279 ], [ -112.093209611, 25.698784445 ], [ -112.08857668, 25.707544612000017 ], [ -112.095185336, 25.735812164999984 ], [ -112.098548935, 25.738385398 ], [ -112.090682624, 25.711347999000019 ], [ -112.094444552, 25.715152757 ], [ -112.096640301, 25.692239758 ], [ -112.107205108, 25.779470799 ], [ -112.129334096, 25.814972356999988 ], [ -112.192682065, 25.986832224 ], [ -112.234275043000011, 26.035278050000024 ], [ -112.276381985, 26.058691946000014 ], [ -112.270956814, 26.070760572 ], [ -112.289706967, 26.055189379000026 ], [ -112.308628441, 26.071731391999982 ], [ -112.3279687, 26.145304327 ], [ -112.347499315, 26.180786849000018 ], [ -112.374923178, 26.210385926 ], [ -112.366154864, 26.221616982 ], [ -112.377338331, 26.214585674999988 ], [ -112.410365249, 26.245280722 ], [ -112.454801684, 26.262091614 ], [ -112.473682707, 26.258653293 ], [ -112.478179888, 26.238475463 ], [ -112.497834236, 26.231575026000019 ], [ -112.576389032, 26.278781351999964 ], [ -112.579148017, 26.281699761 ], [ -112.579390722, 26.283826999000031 ], [ -112.570892477, 26.286455113000013 ], [ -112.581460853, 26.284569390999987 ], [ -112.614011879, 26.302086982 ], [ -112.619237176, 26.308996937000025 ], [ -112.612898292, 26.305027996 ], [ -112.610899544, 26.312808833999988 ], [ -112.615539493000014, 26.319304762 ], [ -112.620222272, 26.31035323 ], [ -112.652992209, 26.325210585000026 ], [ -112.680041922, 26.314664813 ], [ -112.71095454, 26.35655958000002 ], [ -112.761727629, 26.396239875 ], [ -112.763967605, 26.391385775000028 ], [ -112.791887297, 26.407090216999979 ], [ -112.900113194, 26.49094166 ], [ -112.962896142, 26.528617727999986 ], [ -112.981634222, 26.530539758000032 ], [ -113.084851852, 26.61860406000001 ], [ -113.134844328, 26.636093099 ], [ -113.124540072000016, 26.638791406999974 ], [ -113.124568625, 26.651968862 ], [ -113.111990794, 26.659335674 ], [ -113.086363999, 26.641432609 ], [ -113.082080970000021, 26.62284426 ], [ -113.081367131, 26.635450644 ], [ -113.076256049, 26.628455029 ], [ -113.069999933, 26.639610039000019 ], [ -113.05288209, 26.640195387 ], [ -113.096968744, 26.697430942 ], [ -113.130190778, 26.726170072 ], [ -113.146726045, 26.751376108000024 ], [ -113.151925167, 26.748830085000012 ], [ -113.140903112, 26.758307072 ], [ -113.150842513, 26.77223208399997 ], [ -113.140579505, 26.780826291000011 ], [ -113.149557604, 26.793016676 ], [ -113.128966248000012, 26.791740819000044 ], [ -113.125520789, 26.796042885 ], [ -113.146416715, 26.80253452 ], [ -113.152448649, 26.790113733 ], [ -113.16974733, 26.795586493000016 ], [ -113.172864424, 26.766009793 ], [ -113.186060835, 26.764491839 ], [ -113.186132219, 26.756020958 ], [ -113.186441549, 26.760970237 ], [ -113.188428399, 26.764503737 ], [ -113.204442171000011, 26.768084825 ], [ -113.210200467, 26.762683449 ], [ -113.245020971, 26.787935245999968 ], [ -113.217181277, 26.797363859999962 ], [ -113.214058235, 26.789362923000013 ], [ -113.195201006, 26.79257519500003 ], [ -113.20052505, 26.799148456 ], [ -113.209299313000017, 26.796293103 ], [ -113.138293497, 26.857961219 ], [ -113.131583417, 26.892510993000034 ], [ -113.138579032, 26.937482806000013 ], [ -113.165636203, 26.992777095 ], [ -113.175867885, 26.991617107999978 ], [ -113.169264881, 26.97960083 ], [ -113.188003137, 26.968149674000017 ], [ -113.201030686, 26.92799626899998 ], [ -113.196479966, 26.895457140000019 ], [ -113.203767066, 26.850515070000011 ], [ -113.23124984, 26.835227033 ], [ -113.252932679, 26.84530999900003 ], [ -113.271760164, 26.819522591000016 ], [ -113.26634689, 26.815566737 ], [ -113.273629208, 26.787436967 ], [ -113.263580767, 26.783800932000013 ], [ -113.268815581, 26.751975641000016 ], [ -113.285249974, 26.75226238600003 ], [ -113.368678176000017, 26.797483431000014 ], [ -113.457830435, 26.805306466000012 ], [ -113.461191557, 26.81010099 ], [ -113.455160765, 26.811503282 ], [ -113.445995081, 26.808133965000028 ], [ -113.413558269, 26.807034654000031 ], [ -113.448550622000013, 26.81031831 ], [ -113.412206735000012, 26.813409825 ], [ -113.410166347, 26.818353155000015 ], [ -113.432830713, 26.816449586000019 ], [ -113.421012872, 26.825701823000021 ], [ -113.400085513, 26.811734387000051 ], [ -113.391072957, 26.814625432000021 ], [ -113.396176901000018, 26.825838641999972 ], [ -113.416997185, 26.832554671000011 ], [ -113.433225109, 26.826528686 ], [ -113.453981314, 26.831398118000017 ], [ -113.465414625, 26.829559983999964 ], [ -113.470165337, 26.815609315 ], [ -113.473187252, 26.82534607 ], [ -113.485272535, 26.819328413000036 ], [ -113.487421188, 26.8134678 ], [ -113.47352209, 26.811772339 ], [ -113.478602239, 26.810189998 ], [ -113.479595664, 26.808042534 ], [ -113.463839667, 26.812550621000025 ], [ -113.466457073, 26.804008356 ], [ -113.510530063, 26.789527609000015 ], [ -113.521483035, 26.75298677000001 ], [ -113.549046712, 26.737510754999985 ], [ -113.546975153, 26.718851974 ], [ -113.569732318, 26.714925863 ], [ -113.577042022, 26.704746529 ], [ -113.622356477, 26.719765687000013 ], [ -113.641487344, 26.731415527999978 ], [ -113.659646318, 26.757479397000026 ], [ -113.69986504, 26.790935366000014 ], [ -113.66585816, 26.775224231000013 ], [ -113.65881325, 26.759733305 ], [ -113.644493208, 26.756478916 ], [ -113.643407976, 26.738369929 ], [ -113.589510596, 26.714093447999971 ], [ -113.606416667, 26.732391503999988 ], [ -113.637013174, 26.739678633 ], [ -113.641720144, 26.758502648000015 ], [ -113.656205599, 26.761754419 ], [ -113.670941879, 26.785560609 ], [ -113.691694467000019, 26.795860939 ], [ -113.708292635, 26.788905378000027 ], [ -113.733680746000019, 26.799454377 ], [ -113.787216238, 26.91803085099998 ], [ -113.855287859, 26.970797778000012 ], [ -113.907162036, 26.991406082 ], [ -113.952248063, 26.998984665 ], [ -113.975866593, 26.993159745 ], [ -113.983005003, 26.972207815 ], [ -114.003130559, 26.969502253000016 ], [ -114.052821184, 27.020229884 ], [ -114.060327913, 27.050176348 ], [ -114.090613692, 27.086479785000012 ], [ -114.157478926, 27.128731874000017 ], [ -114.196042911, 27.142658616999984 ], [ -114.26057519, 27.151554519 ], [ -114.290032917, 27.143504803 ], [ -114.296343843, 27.122739840999976 ], [ -114.331795551, 27.156025527000025 ], [ -114.362194355, 27.162876352 ], [ -114.382215378, 27.179491461999977 ], [ -114.396205357, 27.182037744999985 ], [ -114.415014997, 27.168660415 ], [ -114.435204246, 27.177116661999989 ], [ -114.427185345, 27.189233152999989 ], [ -114.434430804, 27.209244419999976 ], [ -114.455774871, 27.220511893 ], [ -114.47931767, 27.216780172999989 ], [ -114.487794685, 27.228294534999971 ], [ -114.488240344, 27.345794375999986 ], [ -114.51408248, 27.416866497000012 ], [ -114.564017849, 27.450519214000018 ], [ -114.576816481, 27.451798830000023 ], [ -114.601895957000011, 27.478747267999974 ], [ -114.713188039000016, 27.52145085 ], [ -114.737948562000014, 27.5242319 ], [ -114.758946572999989, 27.548321164000011 ], [ -114.768405528, 27.581678635999978 ], [ -114.793594502, 27.61499584900001 ], [ -114.830404764, 27.631095282 ], [ -114.843858236, 27.627568920999988 ], [ -114.847017847, 27.616946379 ], [ -114.874017277, 27.643364500000015 ], [ -114.871456466, 27.649882335000019 ], [ -114.856615767, 27.637839883 ], [ -114.847259727, 27.647938316 ], [ -114.846431674000016, 27.675697108 ], [ -114.865940497, 27.695309959000021 ], [ -114.878235550000014, 27.699177629 ], [ -114.893507852, 27.69004684 ], [ -114.900605053, 27.66350596900001 ], [ -114.933863489000018, 27.678029406 ], [ -114.936688372, 27.698317651 ], [ -114.953880279000018, 27.716334015 ], [ -114.990211859999988, 27.728779953999954 ], [ -115.006815682, 27.71643232000002 ], [ -115.016983485000011, 27.739305602 ], [ -115.025934066, 27.740653328 ], [ -115.052092159, 27.819997764999972 ], [ -115.082446420999986, 27.847947266000013 ], [ -115.054761285, 27.861751227000024 ], [ -115.009113705, 27.828752862000023 ], [ -114.976146272, 27.82523126 ], [ -114.914497123000018, 27.834638899000016 ], [ -114.865964113, 27.83048252599998 ], [ -114.834967641, 27.809339598000015 ], [ -114.787284796999984, 27.815712704 ], [ -114.761966665000017, 27.805845337999983 ], [ -114.736869194, 27.808514470999988 ], [ -114.721640346000015, 27.804946172 ], [ -114.71722347, 27.79453484 ], [ -114.702563017000017, 27.788224509 ], [ -114.669990684, 27.78936282600003 ], [ -114.638698818, 27.776925876000011 ], [ -114.605412932, 27.773948573 ], [ -114.53313408, 27.786199801 ], [ -114.500894986, 27.772140511 ], [ -114.40041235, 27.818534595 ], [ -114.394734956, 27.814822634999985 ], [ -114.40654184200001, 27.814470475 ], [ -114.401460503, 27.807723215999964 ], [ -114.390820753, 27.804203454 ], [ -114.394552333, 27.808817768 ], [ -114.39110211400002, 27.810172871 ], [ -114.386393552, 27.803110978 ], [ -114.360011278, 27.815124282 ], [ -114.337835696, 27.808053001000019 ], [ -114.330750851000019, 27.788963774999978 ], [ -114.324689174, 27.787684814999981 ], [ -114.327847909000013, 27.798570849 ], [ -114.342999127000013, 27.814513236999964 ], [ -114.336443712, 27.815506661999983 ], [ -114.337573956, 27.812930896 ], [ -114.329543275, 27.802508857 ], [ -114.335717976, 27.830640034 ], [ -114.330264252, 27.82756339100003 ], [ -114.333770387, 27.834857033999985 ], [ -114.328392805, 27.830450272000032 ], [ -114.32484027, 27.836977729 ], [ -114.332230876, 27.84263132800001 ], [ -114.332391239, 27.846263239999971 ], [ -114.322684149, 27.843835238 ], [ -114.333646796, 27.850386038 ], [ -114.327222251, 27.851304510000041 ], [ -114.33242756, 27.859134364000013 ], [ -114.341178028, 27.857796512 ], [ -114.338498755, 27.850762825000011 ], [ -114.346474708, 27.85409883 ], [ -114.343733569, 27.847022312999986 ], [ -114.352233004, 27.848207284000019 ], [ -114.356940768, 27.834130392999988 ], [ -114.369149916, 27.842231723 ], [ -114.383124219, 27.820632909 ], [ -114.389830492, 27.817132246000035 ], [ -114.391155376, 27.822504117 ], [ -114.380263155, 27.835743438 ], [ -114.341809162, 27.863526025 ], [ -114.307166113, 27.872282441000042 ], [ -114.293241507, 27.859688429999952 ], [ -114.295133655, 27.846285402000035 ], [ -114.303010622, 27.856703633999988 ], [ -114.296022621, 27.845645802999986 ], [ -114.295640004, 27.834911579 ], [ -114.296534681, 27.830672331 ], [ -114.298714267, 27.827405807 ], [ -114.296342421, 27.838425567 ], [ -114.303876746, 27.846157862999981 ], [ -114.29776629, 27.836950301000023 ], [ -114.309020189, 27.841709223 ], [ -114.29935577, 27.828466094999982 ], [ -114.304786652, 27.811874588999959 ], [ -114.304198449, 27.818165884000027 ], [ -114.311774653, 27.827101236 ], [ -114.30539389, 27.818392408999966 ], [ -114.314079875, 27.827666596000011 ], [ -114.322506974, 27.821285833 ], [ -114.30687106, 27.808090294000017 ], [ -114.305793640000019, 27.801798999000013 ], [ -114.307015731, 27.806597895999964 ], [ -114.311430107, 27.807066173999988 ], [ -114.307283896000015, 27.796189896000012 ], [ -114.310239433, 27.790317794999968 ], [ -114.314664398, 27.794447349999984 ], [ -114.31186865, 27.784529281000022 ], [ -114.321050339, 27.775991150000014 ], [ -114.315394836, 27.771959391000031 ], [ -114.313900535, 27.776851563000012 ], [ -114.315526183, 27.779042571000044 ], [ -114.315394836, 27.779358563 ], [ -114.314827573, 27.779659327000022 ], [ -114.298745986, 27.747898995000011 ], [ -114.240249316, 27.69566887400001 ], [ -114.227700991, 27.688717041000025 ], [ -114.200131716, 27.691283373 ], [ -114.16095627, 27.67219533599998 ], [ -114.14709353, 27.656708615000017 ], [ -114.152682884, 27.662058832999985 ], [ -114.126520712, 27.598848451000027 ], [ -114.128323152, 27.587866049 ], [ -114.113139812000014, 27.586588278000015 ], [ -114.10811676900002, 27.600088745 ], [ -114.112340313, 27.586523438000018 ], [ -114.107568303, 27.60057177600002 ], [ -114.106993664, 27.600868019000046 ], [ -114.110730607, 27.589878478000013 ], [ -114.101614892, 27.585905967999985 ], [ -114.080225396, 27.596696263000013 ], [ -114.072076931, 27.592970027999982 ], [ -114.090067988, 27.612194383 ], [ -114.056058352, 27.64251407 ], [ -114.060509134, 27.636806337999978 ], [ -114.021041609, 27.661343042 ], [ -113.969656422, 27.658584479000023 ], [ -113.959366837, 27.651479279 ], [ -113.963620124, 27.664840548 ], [ -113.955965397, 27.655817632000023 ], [ -113.926123514, 27.678366783000016 ], [ -113.925071792, 27.700874104999972 ], [ -113.915818908, 27.709543339999982 ], [ -113.927496845, 27.727283176000018 ], [ -113.948330235, 27.733342022 ], [ -113.942350789, 27.741569104000028 ], [ -113.945151173, 27.744943612000036 ], [ -113.952394914, 27.737669333 ], [ -113.973052249, 27.75198897400001 ], [ -113.976560764, 27.742786408000011 ], [ -113.977422129, 27.745520409000012 ], [ -113.973073664, 27.75297407 ], [ -113.972242043, 27.75277300600002 ], [ -113.981862204, 27.759316523999985 ], [ -113.987856066, 27.754207821000012 ], [ -113.990604343, 27.762124287999974 ], [ -114.010116818, 27.745994723 ], [ -114.028830803, 27.741298441 ], [ -114.039799285, 27.757287049999981 ], [ -114.045200067, 27.789676868 ], [ -114.052305733000011, 27.787249818000017 ], [ -114.055634004, 27.800054293000017 ], [ -114.071180807, 27.812211256 ], [ -114.07818832, 27.803065203 ], [ -114.082658732, 27.804323343 ], [ -114.084865682000014, 27.80251495299996 ], [ -114.085543828, 27.800658972999983 ], [ -114.073346116, 27.801528666 ], [ -114.079680242, 27.798651898 ], [ -114.051148125, 27.763346644999988 ], [ -114.044307721, 27.737393545999968 ], [ -114.074424559, 27.73671302 ], [ -114.070129632, 27.731040088 ], [ -114.076387615000016, 27.731794376999979 ], [ -114.078294723, 27.723016392000016 ], [ -114.082155399, 27.726555245999982 ], [ -114.079414259000018, 27.724880105 ], [ -114.078686144, 27.73118091800001 ], [ -114.074781479, 27.732836581 ], [ -114.076892031, 27.739114041 ], [ -114.082740746, 27.726374407 ], [ -114.105268293, 27.713868852 ], [ -114.100197067, 27.715367912000019 ], [ -114.097947048, 27.715378798 ], [ -114.096019685, 27.714112925 ], [ -114.098305752000016, 27.706858841000024 ], [ -114.123334113, 27.711414914 ], [ -114.146428269, 27.726177723 ], [ -114.158980431, 27.776219648 ], [ -114.177258521, 27.799468283999985 ], [ -114.175816102, 27.813187051 ], [ -114.16577775, 27.821967262 ], [ -114.161774307, 27.829441744000025 ], [ -114.177910027, 27.819629441000014 ], [ -114.178582225, 27.822948789 ], [ -114.133473593, 27.88245910900002 ], [ -114.135668646, 27.874957858 ], [ -114.134285584, 27.873494489999977 ], [ -114.13041896, 27.87310782700002 ], [ -114.127253036, 27.890016315 ], [ -114.151779621, 27.898928609 ], [ -114.135314749, 27.894622298999984 ], [ -114.132685445, 27.897073501 ], [ -114.158754224, 27.901612619999987 ], [ -114.16660942, 27.906883126 ], [ -114.168388067, 27.911993018999983 ], [ -114.203154967, 27.915922104000014 ], [ -114.172418279, 27.922269316 ], [ -114.169500465, 27.912626550000024 ], [ -114.167415463, 27.912189323999975 ], [ -114.167584999, 27.910636726 ], [ -114.164042577, 27.909473764 ], [ -114.15210958, 27.919428834 ], [ -114.145563087, 27.906773076 ], [ -114.151568252, 27.903310959999988 ], [ -114.144266281, 27.90176431099998 ], [ -114.142259865, 27.910590141 ], [ -114.144315125, 27.910625833 ], [ -114.150968692, 27.920191266000028 ], [ -114.146343615, 27.917826677 ], [ -114.147762369, 27.916393051 ], [ -114.147450065000015, 27.915881466999988 ], [ -114.146557767, 27.915732751 ], [ -114.135918007, 27.918916172 ], [ -114.153502224, 27.920822715999986 ], [ -114.163939134, 27.915067394 ], [ -114.157687101, 27.926893315 ], [ -114.166006291000016, 27.928377503999986 ], [ -114.163597087, 27.937632714999982 ], [ -114.158653757, 27.934476955000022 ], [ -114.154230934, 27.936008733000058 ], [ -114.153882937, 27.937876610000014 ], [ -114.156637163, 27.942278613 ], [ -114.144162839, 27.939693923 ], [ -114.155102411, 27.943379113999985 ], [ -114.157398591000018, 27.941856259000019 ], [ -114.154855542, 27.935842171 ], [ -114.163811238, 27.938168094 ], [ -114.168263805, 27.928450970000018 ], [ -114.165836755, 27.919254353 ], [ -114.172588475, 27.924135223000015 ], [ -114.171417372, 27.949074721999988 ], [ -114.159070349, 27.947861197 ], [ -114.168980804, 27.952303650999959 ], [ -114.177643827, 27.943063014000032 ], [ -114.179276137000016, 27.948462011000018 ], [ -114.186710763, 27.953102851999983 ], [ -114.174616558000011, 27.939485495000017 ], [ -114.179424854, 27.922319171000034 ], [ -114.197321375, 27.923789677 ], [ -114.179227358, 27.930116069 ], [ -114.182234997, 27.931153513999973 ], [ -114.196026353, 27.92834813 ], [ -114.203400897, 27.920251716000024 ], [ -114.213347153000015, 27.932500658 ], [ -114.209812226, 27.922900961 ], [ -114.224868475, 27.929810525000011 ], [ -114.215641877, 27.919691153 ], [ -114.236527298, 27.92049541 ], [ -114.263808461, 27.887454856000016 ], [ -114.274420857, 27.902082593 ], [ -114.273941395, 27.929722412 ], [ -114.205440447, 28.000000026 ] ] ] ] } },
{ "type": "Feature", "properties": { "cvegeo": "04", "cve_ent": "04", "nomgeo": "Campeche", "nom_abrev": "Camp." }, "geometry": { "type": "MultiPolygon", "coordinates": [ [ [ [ -91.95774352, 20.196741660000015 ], [ -91.95546742, 20.19652706 ], [ -91.95546448, 20.196114090000037 ], [ -91.95774352, 20.196741660000015 ] ] ], [ [ [ -91.97896249, 20.20403002 ], [ -91.97649174, 20.203141289999987 ], [ -91.97664206, 20.20265718 ], [ -91.97896249, 20.20403002 ] ] ], [ [ [ -91.96100658, 20.20347782 ], [ -91.96410668, 20.20240531 ], [ -91.96231978, 20.20861998 ], [ -91.96100658, 20.20347782 ] ] ], [ [ [ -90.49630971, 20.343711230000011 ], [ -90.49883188, 20.343067170000015 ], [ -90.49869114, 20.34418749 ], [ -90.49630971, 20.343711230000011 ] ] ], [ [ [ -90.46476069, 20.64421243 ], [ -90.47090817, 20.59839242 ], [ -90.47825117, 20.61826054 ], [ -90.46965371, 20.65306603 ], [ -90.46476069, 20.64421243 ] ] ], [ [ [ -90.46158498, 20.65551626 ], [ -90.46239086, 20.6393808 ], [ -90.46298168, 20.6475462 ], [ -90.4694454, 20.658428659999988 ], [ -90.46158498, 20.65551626 ] ] ], [ [ [ -90.45860312, 20.69374432 ], [ -90.45123928, 20.67391597 ], [ -90.456862480000012, 20.674530849999989 ], [ -90.45409894, 20.65589163 ], [ -90.46680014, 20.67565097 ], [ -90.45860312, 20.69374432 ] ] ], [ [ [ -90.379357, 20.84832729 ], [ -90.38664878, 20.555585799999989 ], [ -90.34113811, 20.55370112 ], [ -90.33523611, 20.576347710000015 ], [ -90.33523611, 20.54131231 ], [ -90.22924097, 20.54356289 ], [ -90.23250803, 20.519894049999976 ], [ -90.223766654, 20.519164968999981 ], [ -90.23420799, 20.470466618999986 ], [ -90.1847879, 20.461046139 ], [ -90.18629757, 20.436932319 ], [ -90.13157125, 20.443077579000011 ], [ -90.100973512, 20.42525177 ], [ -90.067210652, 20.425225888999982 ], [ -90.04168845, 20.466451489999976 ], [ -90.00562472, 20.477367199999989 ], [ -90.00417368, 20.48702188 ], [ -89.83796388, 20.287175880000024 ], [ -89.87238231, 20.28762809 ], [ -89.87566069, 20.253101950999984 ], [ -89.840678169, 20.25102751 ], [ -89.846164909, 20.209686981000015 ], [ -89.802505279, 20.201605081000022 ], [ -89.80287086, 20.164906601999977 ], [ -89.79397478, 20.136171942 ], [ -89.74847417, 20.179269721000047 ], [ -89.59870389, 19.99819738 ], [ -89.604670079, 19.938284969000012 ], [ -89.595841749000016, 19.93742205 ], [ -89.59744588, 19.921122341000018 ], [ -89.58681034, 19.92046003 ], [ -89.58749975, 19.87442005 ], [ -89.52567237, 19.775554650000029 ], [ -89.47590946, 19.771220201000027 ], [ -89.479149430000021, 19.74064555 ], [ -89.49166182, 19.742228449999985 ], [ -89.47722008, 19.71105495 ], [ -89.46829548, 19.70016129 ], [ -89.44811299, 19.698353511000018 ], [ -89.41247852, 19.64937629000001 ], [ -89.14666685, 19.42386165 ], [ -89.14695143, 19.13315666 ], [ -89.13581978, 19.132372660000016 ], [ -89.14712175, 18.99504558 ], [ -89.14438185, 18.75591874 ], [ -89.15574225, 18.75311475 ], [ -89.15023782, 18.4510594 ], [ -89.12549018, 18.450625420000019 ], [ -89.1212292, 18.38584963 ], [ -89.13821406, 18.38554389 ], [ -89.13235954, 18.29340265 ], [ -89.151673660000014, 18.293562630000025 ], [ -89.15805868, 18.221326979999972 ], [ -89.142872630000014, 18.224163829999981 ], [ -89.14306597, 18.14581960000001 ], [ -89.20023665, 18.144629340000012 ], [ -89.20245778, 18.08327622 ], [ -89.14438286, 18.082442940000035 ], [ -89.14475354, 18.057699080000017 ], [ -89.16336069, 18.057885120000016 ], [ -89.16300383, 18.018517309999968 ], [ -89.20673894, 18.021079950000015 ], [ -89.20741428, 17.9926486 ], [ -89.20587205, 17.95409972 ], [ -89.15217009, 17.95360998 ], [ -89.15171385, 17.815614249999967 ], [ -90.36059578, 17.81287117 ], [ -90.987639504, 17.815473449999971 ], [ -90.987662547, 17.875356549999985 ], [ -90.995637364, 17.87548946 ], [ -90.995506415, 17.90215665 ], [ -90.987665998, 17.901350679000018 ], [ -90.987951717, 17.96254505 ], [ -91.120200304, 17.963375258999985 ], [ -91.113580647, 17.975850481 ], [ -91.130669145, 17.982250198999978 ], [ -91.133182257, 17.958009720999986 ], [ -91.151122965, 17.96267345 ], [ -91.144726737, 17.975159861000012 ], [ -91.217459546, 17.974986852000026 ], [ -91.240013085000015, 17.98700369 ], [ -91.250140878, 18.006793019 ], [ -91.281419255, 18.024006259999982 ], [ -91.296743196, 18.041940319 ], [ -91.322897506, 18.05293366 ], [ -91.327024316, 18.062665349999985 ], [ -91.35942642, 18.07037217 ], [ -91.38442535, 18.06406505 ], [ -91.39859151, 18.08000502 ], [ -91.43336623, 18.08209782000004 ], [ -91.47732303, 18.112795460000036 ], [ -91.50403591, 18.116459139999961 ], [ -91.50573212, 18.13000271 ], [ -91.51653218, 18.130485249999971 ], [ -91.51521285, 18.15495248 ], [ -91.50186354, 18.155568720000019 ], [ -91.50933734, 18.171054750000014 ], [ -91.53450514, 18.14617437 ], [ -91.55276106, 18.15817623 ], [ -91.57996602, 18.1581798 ], [ -91.58272926, 18.152461399999968 ], [ -91.57219912, 18.14201514 ], [ -91.595346940000013, 18.125175080000016 ], [ -91.589753150000021, 18.108009370000055 ], [ -91.60322418, 18.107744150000016 ], [ -91.60950468, 18.098438399999981 ], [ -91.60757854, 18.074505280000025 ], [ -91.61929491, 18.060803690000018 ], [ -91.61226902, 18.045020979999975 ], [ -91.62474038, 17.94907185 ], [ -91.6127136, 17.912919030000019 ], [ -91.63308922, 17.90501603 ], [ -91.62910142, 17.897127890000011 ], [ -91.638805940000012, 17.873953780000029 ], [ -91.72510106, 17.92449462 ], [ -91.76048731, 17.957625679999989 ], [ -91.75710069, 17.939733650000043 ], [ -91.76226654, 17.93901428 ], [ -91.80464422, 17.97255051 ], [ -91.86720786, 17.983266349999969 ], [ -91.90035477, 18.012147 ], [ -91.96674771, 18.01598845000002 ], [ -91.978778580000011, 18.042829719999986 ], [ -91.9921546, 18.039256910000034 ], [ -92.01442874, 18.05261332 ], [ -92.02824217, 18.07717205 ], [ -92.04209543, 18.07831882 ], [ -92.03598625, 18.087363340000021 ], [ -92.03993882, 18.09795034 ], [ -92.07679635, 18.0942866 ], [ -92.0829738, 18.085688309999988 ], [ -92.121661977, 18.101754631 ], [ -92.12833569, 18.12014986 ], [ -92.14904346, 18.136730369999956 ], [ -92.14878205, 18.149296380000035 ], [ -92.160903, 18.15542417 ], [ -92.16442397, 18.19786562 ], [ -92.14893752, 18.210406080000016 ], [ -92.18324385, 18.27406323 ], [ -92.17295137, 18.275337690000026 ], [ -92.17442585, 18.29330330999997 ], [ -92.18042882, 18.289823569999974 ], [ -92.17135755, 18.33895431 ], [ -92.18194872, 18.37590243 ], [ -92.176147740000019, 18.45823322 ], [ -92.31028748, 18.455579370000013 ], [ -92.32252894, 18.473080889999977 ], [ -92.35380195, 18.442294400000016 ], [ -92.36549357, 18.464622680000012 ], [ -92.41291758, 18.485611420000033 ], [ -92.42526594, 18.51130518 ], [ -92.42503543, 18.553336770000023 ], [ -92.46574505, 18.61656342 ], [ -92.46879002, 18.650964949999977 ], [ -92.36377257, 18.669642215999989 ], [ -91.97596339, 18.699363643 ], [ -91.95094518, 18.692907389000027 ], [ -91.900876268000019, 18.630159844 ], [ -91.856686166, 18.612631582000024 ], [ -91.825873914, 18.63019769 ], [ -91.844002468, 18.647069740000024 ], [ -91.846284195, 18.64433012300001 ], [ -91.854044841, 18.64728039600001 ], [ -91.848283485, 18.647181307000036 ], [ -91.8551022, 18.651162918999983 ], [ -91.841340543, 18.664257653000018 ], [ -91.74356092, 18.679067718000027 ], [ -91.700859848, 18.698576871000032 ], [ -91.696927916, 18.706785537000027 ], [ -91.662471575, 18.716994597999989 ], [ -91.534359825, 18.779765006000027 ], [ -91.522398593, 18.765615877999988 ], [ -91.498261676, 18.781637989 ], [ -91.497471395, 18.791964961 ], [ -91.449954129, 18.830490398999952 ], [ -91.396490225, 18.890070836 ], [ -91.118158508, 19.031969948000018 ], [ -91.08053444, 19.067927932000014 ], [ -90.89920256, 19.183728285 ], [ -90.758314142, 19.307702078999952 ], [ -90.722662766, 19.35891379000001 ], [ -90.725046219, 19.401906568 ], [ -90.702956408, 19.486574815 ], [ -90.71110148, 19.527526211000023 ], [ -90.70411419, 19.553569066 ], [ -90.711916223, 19.562286184000019 ], [ -90.685556108, 19.625363712 ], [ -90.689664714, 19.639612190999987 ], [ -90.695741675, 19.636733241000023 ], [ -90.691524443, 19.642743684 ], [ -90.707435655, 19.649155596 ], [ -90.70627253, 19.654393206 ], [ -90.70967616, 19.649670792 ], [ -90.743680828, 19.65508886099996 ], [ -90.706360379, 19.65466734 ], [ -90.70409227, 19.666743068 ], [ -90.712362107000018, 19.67170562400003 ], [ -90.670978317, 19.717431659999978 ], [ -90.661306096, 19.758897584000014 ], [ -90.593226224, 19.817060525 ], [ -90.522111096, 19.85836126 ], [ -90.529126821, 19.865952194 ], [ -90.521492198, 19.858798843 ], [ -90.50887808, 19.866247746 ], [ -90.44730497, 19.959472819999977 ], [ -90.453751402, 19.96190464300004 ], [ -90.452092217, 19.974148632 ], [ -90.461186517, 19.972949377 ], [ -90.470666287, 19.985769914999977 ], [ -90.473137113000021, 19.994802018000023 ], [ -90.461283203, 20.002647002999982 ], [ -90.462564215000015, 20.014030774 ], [ -90.478571511, 20.030972442 ], [ -90.491234445, 20.061255296 ], [ -90.478774470000019, 20.11320674099996 ], [ -90.495150694000017, 20.160099023 ], [ -90.479834736, 20.173428836 ], [ -90.477432112, 20.185206339 ], [ -90.479362036, 20.208030965999974 ], [ -90.485576111, 20.204265951000025 ], [ -90.486754697, 20.211804102 ], [ -90.480484641, 20.20890332799998 ], [ -90.489099607, 20.215627077000018 ], [ -90.488793678, 20.330857906999988 ], [ -90.496683959, 20.340921773 ], [ -90.488002508, 20.346764603999986 ], [ -90.493389016, 20.34901617 ], [ -90.482864064, 20.3745121 ], [ -90.496494669, 20.42917089200003 ], [ -90.492657019, 20.447544228999988 ], [ -90.502616479, 20.464120298 ], [ -90.498221249, 20.469211121999976 ], [ -90.485497044, 20.462865060000013 ], [ -90.474983981, 20.470582239 ], [ -90.49379957, 20.479320819000044 ], [ -90.502154371, 20.471821866 ], [ -90.502312602, 20.497564064000041 ], [ -90.448173544, 20.633775796000013 ], [ -90.443320617, 20.719188310999957 ], [ -90.45254672, 20.685732633000011 ], [ -90.454013128, 20.703311605 ], [ -90.448505925, 20.716276612 ], [ -90.433886673, 20.72817824800001 ], [ -90.431171703, 20.746580685 ], [ -90.414416734, 20.754203881 ], [ -90.407478339, 20.768274353000024 ], [ -90.406830246, 20.77636048 ], [ -90.414924384, 20.775936562 ], [ -90.415398476, 20.816896878 ], [ -90.404524349, 20.846763581 ], [ -90.379357, 20.84832729 ] ] ] ] } },
{ "type": "Feature", "properties": { "cvegeo": "05", "cve_ent": "05", "nomgeo": "Coahuila de Zaragoza", "nom_abrev": "Coah." }, "geometry": { "type": "Polygon", "coordinates": [ [ [ -102.31548646, 29.879999539999968 ], [ -102.28710805, 29.871328090000056 ], [ -102.28123958, 29.86292729 ], [ -102.26509926, 29.86770177 ], [ -102.26033923, 29.853123020000012 ], [ -102.24643822, 29.864225799999979 ], [ -102.24459738, 29.84877349000001 ], [ -102.22323014, 29.840539219999979 ], [ -102.2098366, 29.844465970000012 ], [ -102.19626292, 29.83625835 ], [ -102.18702746, 29.848773 ], [ -102.17853608, 29.840085090000017 ], [ -102.17955255, 29.82606366 ], [ -102.16700254, 29.82594312 ], [ -102.143576110000012, 29.80357962 ], [ -102.119403340000019, 29.80264143 ], [ -102.11526905, 29.79242072 ], [ -102.08365163, 29.79528794 ], [ -102.07221611, 29.786616119999987 ], [ -102.04912109, 29.785463020000019 ], [ -102.03813758, 29.791917259999984 ], [ -102.03545009, 29.804247860000025 ], [ -102.01457131, 29.79755228 ], [ -101.99720034, 29.806182879999973 ], [ -101.9878646, 29.796991510000016 ], [ -101.97549366, 29.81567688 ], [ -101.95762055, 29.795872089999975 ], [ -101.93542615, 29.799558369999989 ], [ -101.92894863, 29.78271018 ], [ -101.91193365, 29.798040570000012 ], [ -101.8748342, 29.794077519999984 ], [ -101.85321343, 29.807764460000019 ], [ -101.82360118, 29.78727349 ], [ -101.81866818, 29.792541689999979 ], [ -101.82552209, 29.807512 ], [ -101.81764666, 29.81167043 ], [ -101.80376534, 29.803794400000022 ], [ -101.81402622, 29.792409830000011 ], [ -101.80436775, 29.78004291 ], [ -101.78878926, 29.779559890000023 ], [ -101.78545654, 29.78833290999998 ], [ -101.775298489, 29.789170620000018 ], [ -101.73455412, 29.771493549999981 ], [ -101.719237230000019, 29.775723350000014 ], [ -101.71008145, 29.76181995 ], [ -101.68965842, 29.771081260000035 ], [ -101.67603158, 29.76056946 ], [ -101.66146498, 29.771258490000026 ], [ -101.643856430000014, 29.754073770000023 ], [ -101.62719463, 29.77086738 ], [ -101.57486134, 29.76927602 ], [ -101.5694834, 29.79681105 ], [ -101.54464818, 29.81218778000002 ], [ -101.53498871, 29.797599710000011 ], [ -101.53665428, 29.758121 ], [ -101.5022208, 29.76415863 ], [ -101.46429812, 29.78960991 ], [ -101.45342246, 29.78466897 ], [ -101.44767694, 29.750485050000016 ], [ -101.40131977, 29.770706860000011 ], [ -101.39865385, 29.76264242000002 ], [ -101.41569645, 29.746414620000014 ], [ -101.39717965, 29.73535245 ], [ -101.39768254, 29.713785750000028 ], [ -101.37090889, 29.69881046 ], [ -101.37349183, 29.67747925 ], [ -101.36070943, 29.648688319999987 ], [ -101.34585751, 29.662760939999981 ], [ -101.31902114, 29.66063955000002 ], [ -101.30175051, 29.650959279999974 ], [ -101.3126766, 29.605904200000012 ], [ -101.30024962, 29.57430542 ], [ -101.29040422, 29.572775770000021 ], [ -101.278912881000011, 29.587669019999989 ], [ -101.28076811, 29.617154680000016 ], [ -101.27118269, 29.627365520000012 ], [ -101.26339217, 29.63056475 ], [ -101.24915102, 29.622856290000016 ], [ -101.25225698, 29.603161320000012 ], [ -101.24301434, 29.56617058 ], [ -101.25833298, 29.542765520000017 ], [ -101.25860148, 29.522440569999972 ], [ -101.18555226, 29.51800185999998 ], [ -101.14763303, 29.474461489999982 ], [ -101.08772038, 29.472695910000013 ], [ -101.06181234, 29.46424552 ], [ -101.05700377, 29.440754229999985 ], [ -101.04318897, 29.429431079999986 ], [ -101.03706523, 29.406451820000019 ], [ -101.01811162, 29.38930915000001 ], [ -101.01005872, 29.368532170000012 ], [ -100.96477685, 29.34756482 ], [ -100.95024395, 29.34794357 ], [ -100.93985045, 29.332618950000015 ], [ -100.88643557, 29.307775149999955 ], [ -100.87686829, 29.280143570000039 ], [ -100.85509172, 29.2757164 ], [ -100.83488409, 29.261587089999981 ], [ -100.81378511, 29.26371198 ], [ -100.81620131, 29.25363714 ], [ -100.79597934, 29.24518945999997 ], [ -100.79580817, 29.22876122 ], [ -100.78516974, 29.227872109999975 ], [ -100.77382912, 29.210566650000011 ], [ -100.77603065, 29.199754909999967 ], [ -100.76701315, 29.195706030000025 ], [ -100.77277951, 29.16839152 ], [ -100.7393238, 29.15017954 ], [ -100.72447295, 29.127284049999979 ], [ -100.67611903, 29.103295599999985 ], [ -100.64566652, 28.987898399999978 ], [ -100.65145648, 28.94286371 ], [ -100.62965166, 28.92255071 ], [ -100.64091434, 28.914615260000041 ], [ -100.63256466, 28.903744260000018 ], [ -100.62253955, 28.910192510000012 ], [ -100.61336943, 28.90118326 ], [ -100.60095071, 28.901610399999981 ], [ -100.60342286, 28.887682050000034 ], [ -100.58926452, 28.885497080000011 ], [ -100.59880052, 28.87479643 ], [ -100.57300143, 28.84876818 ], [ -100.57442285, 28.82855217 ], [ -100.54763174, 28.826240370000026 ], [ -100.54610838, 28.81282908 ], [ -100.53512848, 28.80471143 ], [ -100.53344466, 28.758811460000022 ], [ -100.52105760000002, 28.757612460000011 ], [ -100.507370428, 28.740417619000031 ], [ -100.51201517, 28.706489619999989 ], [ -100.50017720000001, 28.661668150000018 ], [ -100.46146714, 28.64083962 ], [ -100.44617918, 28.6416892 ], [ -100.44715694, 28.609227030000035 ], [ -100.39869382, 28.58537602 ], [ -100.41099986, 28.54975202 ], [ -100.388540260000013, 28.51539898 ], [ -100.33387442, 28.49928166 ], [ -100.34436883, 28.486157570000046 ], [ -100.36839923, 28.476666890000011 ], [ -100.33746783, 28.44302246 ], [ -100.33591303, 28.430137020000011 ], [ -100.34948189, 28.403400460000011 ], [ -100.34293138, 28.387157749999989 ], [ -100.28676006, 28.313242460000016 ], [ -100.293621290000019, 28.278763370000018 ], [ -100.25451509, 28.23787397 ], [ -100.22063695, 28.23275797 ], [ -100.20916112, 28.191226230000016 ], [ -100.18425446, 28.1849614 ], [ -100.1591194, 28.16768862 ], [ -100.14068246, 28.16800754 ], [ -100.08460986, 28.14502869 ], [ -100.05647375, 28.10475188 ], [ -100.05300302, 28.085052419999986 ], [ -100.01774709, 28.06513351 ], [ -100.00764132, 28.02146294 ], [ -99.99049226, 27.993616540000051 ], [ -99.93122437, 27.980583020000022 ], [ -99.93764985, 27.942189479999985 ], [ -99.89352798, 27.89947955 ], [ -99.904082620000011, 27.873704920000016 ], [ -99.87696246, 27.84146632 ], [ -99.87763634, 27.79965134 ], [ -99.85075949, 27.79390317 ], [ -99.84436529, 27.77843668 ], [ -99.84322258, 27.769862820000011 ], [ -99.93239972, 27.674711690000013 ], [ -99.99884483, 27.615279400000031 ], [ -100.18842552, 27.79913718 ], [ -100.35060985, 27.68459855 ], [ -100.41769955, 27.393632751 ], [ -100.67800622, 27.33479731 ], [ -100.83412342, 27.195173969999985 ], [ -100.8305614, 27.073885480000023 ], [ -100.80960683, 27.068367829999989 ], [ -100.79943612, 27.045830749999975 ], [ -100.765864, 27.063325150000018 ], [ -100.74853083, 27.049152689999982 ], [ -100.747713540000021, 27.036256780000016 ], [ -100.73583582, 27.04757972 ], [ -100.74862098, 27.081252820000017 ], [ -100.719659620000016, 27.079203380000024 ], [ -100.70810648, 27.099851889999975 ], [ -100.68271871, 27.11139458 ], [ -100.67424249, 27.084604970000015 ], [ -100.66248578, 27.086514650000026 ], [ -100.65370423, 27.07572969 ], [ -100.53399785, 27.04558443000003 ], [ -100.54525388, 26.97835578 ], [ -100.5382394, 26.93971985 ], [ -100.54492629, 26.92534882 ], [ -100.5406658, 26.880969980000017 ], [ -100.55135866, 26.85872974 ], [ -100.53815575, 26.8085582 ], [ -100.59013583, 26.75952066000001 ], [ -100.6144002, 26.685638890000011 ], [ -100.69122889, 26.61378942 ], [ -100.75303545, 26.735207800000023 ], [ -101.20676271, 26.3697782 ], [ -101.09761969, 26.25291042 ], [ -101.068574659, 26.189031030999985 ], [ -101.047398179, 26.169846020000012 ], [ -100.98274205, 26.139477199999977 ], [ -100.942898019, 26.086789060000033 ], [ -100.91641566, 26.075610550999983 ], [ -100.904606089, 26.008702230000033 ], [ -100.905531650000015, 25.956945710000046 ], [ -100.87687866, 25.947219169999986 ], [ -100.83442488, 25.94504291000003 ], [ -100.822668939, 25.916884541000016 ], [ -100.835765569, 25.866594310000018 ], [ -100.84706871, 25.857885721000013 ], [ -100.8619014, 25.818478621 ], [ -100.80561395, 25.7243018 ], [ -100.787775279, 25.683597221 ], [ -100.783420248, 25.639678430000018 ], [ -100.729772889, 25.63389566 ], [ -100.71991648, 25.603066949999963 ], [ -100.69028634, 25.567100780000029 ], [ -100.632901849, 25.571299350000015 ], [ -100.611959769, 25.55139937 ], [ -100.614732539, 25.54234691100001 ], [ -100.594298449, 25.544374150000014 ], [ -100.538435909, 25.531853921 ], [ -100.52969932, 25.514392880999974 ], [ -100.599750339, 25.519959521000015 ], [ -100.619090580000019, 25.505691081 ], [ -100.579510309, 25.494543980000014 ], [ -100.584889089, 25.470813051 ], [ -100.53088315, 25.46346765 ], [ -100.52541309, 25.449753850999976 ], [ -100.51746378, 25.449036599999975 ], [ -100.52270309, 25.43432472000001 ], [ -100.49355143, 25.430840741000011 ], [ -100.451878369, 25.410810720000022 ], [ -100.470098819, 25.337789851 ], [ -100.41456068, 25.326998111 ], [ -100.32680371, 25.34035648 ], [ -100.313023449, 25.33636722 ], [ -100.263974509, 25.305293400000018 ], [ -100.25413843, 25.306908770999975 ], [ -100.243141909, 25.267443351 ], [ -100.26251012, 25.254022799999987 ], [ -100.234420509, 25.23549643 ], [ -100.247195369000011, 25.230174490000028 ], [ -100.229575599, 25.217916511 ], [ -100.261383509, 25.207070571000035 ], [ -100.32555012, 25.222258751 ], [ -100.33200742, 25.186285219999984 ], [ -100.472517379, 25.231195661000015 ], [ -100.595685549, 25.254762511 ], [ -100.70888778, 25.236457570000013 ], [ -100.80313045, 25.16525846 ], [ -100.821505599, 24.996710831 ], [ -100.79206308900001, 24.979148181 ], [ -100.727495489, 24.91871655 ], [ -100.82613242, 24.83500456999997 ], [ -100.796978249, 24.750806911 ], [ -100.80547294, 24.596340121 ], [ -100.79993412, 24.55618608 ], [ -100.81041635, 24.551593780999958 ], [ -100.847805649, 24.555618601 ], [ -100.90223378, 24.583917741 ], [ -100.958792599, 24.542684061 ], [ -101.08049514, 24.59118531 ], [ -101.1276196, 24.62336177100002 ], [ -101.16464594, 24.681558971000033 ], [ -101.17903509, 24.732956681 ], [ -101.2017256, 24.765488321 ], [ -101.215039139, 24.775167850999985 ], [ -101.34214157, 24.813352511 ], [ -101.40215706, 24.788222431 ], [ -101.412654949, 24.772055020999982 ], [ -101.461639349, 24.736756820000021 ], [ -101.62226971, 24.758983080000014 ], [ -101.64076723, 24.800703540000026 ], [ -101.60901163, 24.789664139999957 ], [ -101.60126063, 24.835563200000021 ], [ -101.65633177, 24.860793170000029 ], [ -101.68514949, 24.84001266 ], [ -101.77346295, 24.87553512 ], [ -101.83189846, 24.972173220000037 ], [ -101.84881, 25.01762362 ], [ -102.08180563, 25.0707006 ], [ -102.2376222, 25.118462379999983 ], [ -102.29551303, 25.12523551 ], [ -102.4633252, 25.11591615 ], [ -102.44676345, 24.999515419999984 ], [ -102.66969398, 25.06663649 ], [ -102.85313072, 24.772000949999974 ], [ -102.85640278000001, 24.73977397 ], [ -102.86955462, 24.742025980000019 ], [ -102.89543209, 24.765993580000018 ], [ -102.92142965, 24.77295077 ], [ -102.92327477, 24.78032046 ], [ -102.94927371, 24.779755080000012 ], [ -102.9649182, 24.79400855000004 ], [ -102.97456758, 24.792808319999985 ], [ -102.97518223, 24.79945197000001 ], [ -103.00513802, 24.79321815 ], [ -103.033355250000014, 24.81084017000002 ], [ -103.05374472, 24.809943550000018 ], [ -103.09294691, 24.822861429999957 ], [ -103.25914589, 24.964658770000018 ], [ -103.24536378, 24.982462800000011 ], [ -103.24656308, 24.996026600000025 ], [ -103.27046954, 25.015659600000021 ], [ -103.27405397, 25.023359889999984 ], [ -103.26748934, 25.02804372 ], [ -103.27801522, 25.03461417 ], [ -103.26218034, 25.05854931 ], [ -103.33722594, 25.099126980000015 ], [ -103.34266238, 25.11032942 ], [ -103.35953931, 25.110028849999974 ], [ -103.39429042, 25.15773563 ], [ -103.40285778, 25.18234891 ], [ -103.42579595, 25.20153929 ], [ -103.438681570000014, 25.2019588 ], [ -103.45021374, 25.22861491 ], [ -103.47318437, 25.250107680000031 ], [ -103.49672011, 25.255748519999987 ], [ -103.51093663, 25.279816600000014 ], [ -103.50935169, 25.29146257 ], [ -103.49767043, 25.29514925 ], [ -103.49574289, 25.311109460000011 ], [ -103.47925015, 25.323924780000013 ], [ -103.48648332, 25.332861829999977 ], [ -103.46621663, 25.35234817 ], [ -103.46205937, 25.376310940000028 ], [ -103.40669917, 25.3989014 ], [ -103.36551943, 25.39315628 ], [ -103.35122842, 25.372977350000014 ], [ -103.336916200000019, 25.37123114 ], [ -103.34136772, 25.410142230000037 ], [ -103.369062, 25.41646072 ], [ -103.49441429, 25.5377318 ], [ -103.45465355, 25.557928719999957 ], [ -103.45099069, 25.578933689999982 ], [ -103.43536654, 25.58277754 ], [ -103.43840582, 25.59664328 ], [ -103.429624449, 25.59891669 ], [ -103.42685023, 25.612090030000012 ], [ -103.41602526, 25.614421600000014 ], [ -103.42477012, 25.623679920000018 ], [ -103.40327558, 25.628128290000028 ], [ -103.40600325, 25.645027150000022 ], [ -103.38142223, 25.640342340000014 ], [ -103.38304092, 25.655317400000015 ], [ -103.34921371, 25.693443940000041 ], [ -103.354990860000015, 25.699860029999972 ], [ -103.33943689, 25.70760482 ], [ -103.35283606, 25.716553090000033 ], [ -103.333705218, 25.738736109000019 ], [ -103.318587659, 25.812701289999989 ], [ -103.346360109, 25.860304381000017 ], [ -103.350488219, 26.142389950999966 ], [ -103.26082526, 26.284726820000017 ], [ -103.3167926, 26.361776181 ], [ -103.37418349, 26.60235489 ], [ -103.63698243, 26.693435770000018 ], [ -103.64389145, 26.690158490000023 ], [ -103.658255999, 26.719483950000033 ], [ -103.69909411, 26.72525638 ], [ -103.71524869000001, 26.73507726 ], [ -103.7248708, 26.77210652 ], [ -103.75061974, 26.80990508 ], [ -103.75396792, 26.829573449999977 ], [ -103.77960545, 26.836126250000017 ], [ -103.85170071, 26.89613383 ], [ -103.83591918, 26.93581335 ], [ -103.85208903, 26.934619420000026 ], [ -103.78462875, 26.980698520000026 ], [ -103.77994769, 27.008886290000035 ], [ -103.74083437, 27.02252175 ], [ -103.7524612, 27.077919600000026 ], [ -103.78347032, 27.091205600000034 ], [ -103.79939848, 27.124729540000022 ], [ -103.79842734, 27.21347569 ], [ -103.80939543, 27.24920308 ], [ -103.81976349, 27.242956550000017 ], [ -103.83212255, 27.29829348 ], [ -103.87687602, 27.31159214 ], [ -103.86365042, 27.44092074 ], [ -103.85850514, 27.439891489999987 ], [ -103.85460095, 27.54943274 ], [ -103.86883766, 27.60713683 ], [ -103.88355552, 27.600771749999986 ], [ -103.89726286, 27.65654877 ], [ -103.88324458, 27.657591820000018 ], [ -103.89553266, 27.67402120000002 ], [ -103.88950494, 27.71321714 ], [ -103.89669229, 27.74055725000003 ], [ -103.88114534, 27.739185740000011 ], [ -103.93564955, 27.797552739999983 ], [ -103.90084392, 27.826857259999951 ], [ -103.94390671, 27.82687055 ], [ -103.96000192, 27.83530902 ], [ -103.94578305, 27.85638823 ], [ -103.94333128, 27.888843220000016 ], [ -103.95497349, 27.950821 ], [ -103.93564309, 27.94534237 ], [ -103.94186758, 27.92779649 ], [ -103.89288585, 27.914022969999962 ], [ -103.877715940000016, 27.95749034 ], [ -103.92669189, 27.97135675 ], [ -103.860941290000014, 28.10902194 ], [ -103.86749986, 28.11213568 ], [ -103.76817978, 28.30037252 ], [ -103.76287125, 28.29819678 ], [ -103.72833286, 28.35649102 ], [ -103.6430108, 28.51246188 ], [ -103.64794446, 28.532983479999977 ], [ -103.6245676, 28.581146509999986 ], [ -103.601008401, 28.574907400000026 ], [ -103.59191588, 28.59083426 ], [ -103.61604603, 28.59819472 ], [ -103.59637371, 28.63947455 ], [ -103.58200149, 28.62879350999998 ], [ -103.57265895, 28.64063917 ], [ -103.55729531, 28.611280680000043 ], [ -103.51976198, 28.66874503 ], [ -103.51451214, 28.66499785 ], [ -103.43166305, 28.813180350000017 ], [ -103.41001538, 28.84092238 ], [ -103.40458611, 28.829551520000024 ], [ -103.39634672, 28.833528570000023 ], [ -103.403650250000013, 28.869254169999987 ], [ -103.35770066, 28.920250630000012 ], [ -103.30763997, 29.00328566 ], [ -103.300664121, 29.008085569999984 ], [ -103.28790522, 29.00205185 ], [ -103.281672421, 28.98745629 ], [ -103.28835315, 28.978125230000014 ], [ -103.27992203, 28.975887490000019 ], [ -103.26734155, 28.99600369 ], [ -103.25052162, 28.98026017 ], [ -103.22799637, 28.99171294 ], [ -103.22037114, 28.98348147999997 ], [ -103.20252045, 28.98710455 ], [ -103.17062058, 28.98034158 ], [ -103.16386572, 28.972046460000012 ], [ -103.11609897, 28.98418408 ], [ -103.11746255, 29.000149120000046 ], [ -103.09797375, 29.026756740000017 ], [ -103.10665148, 29.03836497 ], [ -103.10070966, 29.060330879999984 ], [ -103.09244125, 29.064457050000019 ], [ -103.08587402, 29.05381274 ], [ -103.07597215, 29.091421419999978 ], [ -103.03379728, 29.10120397 ], [ -103.03714458, 29.113811860000016 ], [ -103.01354817, 29.125064049999981 ], [ -103.01568918, 29.134446570000016 ], [ -102.99612642, 29.16062091 ], [ -102.99527409, 29.179643820000017 ], [ -102.97557692, 29.186284400000027 ], [ -102.95081937, 29.17352865 ], [ -102.94318534, 29.191595750000022 ], [ -102.91789497, 29.19083738 ], [ -102.912311680000016, 29.21943369000002 ], [ -102.89436995, 29.20857288 ], [ -102.86778935, 29.223121880000011 ], [ -102.87150929, 29.24159962 ], [ -102.90630691, 29.25931906 ], [ -102.89918126, 29.26920974 ], [ -102.903186261, 29.279109280000014 ], [ -102.8881756, 29.29269192000001 ], [ -102.89311803, 29.30785685 ], [ -102.88113788, 29.33361702 ], [ -102.88398172, 29.34798051 ], [ -102.87701451, 29.354849519999984 ], [ -102.86142222, 29.35128935 ], [ -102.83921977, 29.35889535 ], [ -102.84493677, 29.374308279999976 ], [ -102.83400543, 29.37875311 ], [ -102.82540217, 29.396927849999983 ], [ -102.81238971, 29.40026832 ], [ -102.83322283, 29.41019669 ], [ -102.82695708, 29.417295150000033 ], [ -102.83074231, 29.444269459999958 ], [ -102.81936966, 29.450775019999988 ], [ -102.82537702, 29.457938139999978 ], [ -102.81459123, 29.48248025 ], [ -102.800667179, 29.48614229 ], [ -102.80832074, 29.522640249999977 ], [ -102.79214522, 29.53272285000001 ], [ -102.79086991, 29.54321198 ], [ -102.77104982, 29.54840017 ], [ -102.77773931, 29.560693370000017 ], [ -102.77398694, 29.57319175 ], [ -102.76212652, 29.57953872 ], [ -102.76841658, 29.594944779999981 ], [ -102.74591018, 29.59258494 ], [ -102.74020134, 29.59789948 ], [ -102.74102143, 29.63586372 ], [ -102.69330814, 29.676724029999988 ], [ -102.69862258, 29.697349149999976 ], [ -102.68891394, 29.705135309999971 ], [ -102.69103145, 29.72200555 ], [ -102.67579151, 29.74301206 ], [ -102.63028162, 29.734039490000011 ], [ -102.61240806, 29.74821611 ], [ -102.574035690000017, 29.755019509999965 ], [ -102.56956702, 29.77174440000001 ], [ -102.54804935, 29.744603080000029 ], [ -102.51367138, 29.76573815 ], [ -102.517778199, 29.78393991 ], [ -102.499145, 29.78114972 ], [ -102.48724835, 29.786928659999987 ], [ -102.4807926, 29.77621429 ], [ -102.46624265, 29.78377780000001 ], [ -102.458363, 29.77499706 ], [ -102.43420831, 29.777136830000014 ], [ -102.40928189, 29.764709030000024 ], [ -102.3944794, 29.769274150000026 ], [ -102.38757609000001, 29.76150885 ], [ -102.39027477, 29.78238917 ], [ -102.37721408, 29.79008757 ], [ -102.36490738, 29.8455472 ], [ -102.34150542, 29.86939442000002 ], [ -102.32367997, 29.864026510000045 ], [ -102.324804551, 29.8734722 ], [ -102.31548646, 29.879999539999968 ] ] ] } },
{ "type": "Feature", "properties": { "cvegeo": "06", "cve_ent": "06", "nomgeo": "Colima", "nom_abrev": "Col." }, "geometry": { "type": "MultiPolygon", "coordinates": [ [ [ [ -114.737343156, 18.372059999 ], [ -114.722503172, 18.365966696 ], [ -114.689607707, 18.37113592 ], [ -114.680502166000011, 18.361308419999965 ], [ -114.698368408, 18.34515923 ], [ -114.70943124, 18.350457447 ], [ -114.72500129, 18.34293515800001 ], [ -114.728750571, 18.349141506 ], [ -114.732301268, 18.342278782 ], [ -114.752103047, 18.33886391 ], [ -114.759389308, 18.345741742 ], [ -114.756376125, 18.365303725999972 ], [ -114.737343156, 18.372059999 ] ] ], [ [ [ -104.488821528, 19.103569806 ], [ -104.484882547000012, 19.102822294999974 ], [ -104.487341392, 19.101207212 ], [ -104.488821528, 19.103569806 ] ] ], [ [ [ -110.988553966, 18.866480402 ], [ -110.977135401, 18.861545625000023 ], [ -110.977746713, 18.854759014 ], [ -110.969803516, 18.854412720000038 ], [ -110.957743452, 18.837958012999955 ], [ -110.940263049, 18.834317717000026 ], [ -110.939414376, 18.822523822 ], [ -110.915793348, 18.798353889999969 ], [ -110.915052462, 18.782390326999987 ], [ -110.907745076, 18.778911534999985 ], [ -110.919036854, 18.769722686000016 ], [ -110.920091834, 18.732295175999969 ], [ -110.940099568, 18.730122801 ], [ -110.942870947, 18.721678841 ], [ -110.949548931, 18.726344888 ], [ -110.951474521, 18.719222983000027 ], [ -110.970817339, 18.745283581 ], [ -110.98453951, 18.744800164 ], [ -111.000214264, 18.75826195500003 ], [ -111.015535534, 18.753744180999981 ], [ -111.015137429, 18.764495731000036 ], [ -111.035862032, 18.787923753000019 ], [ -111.049110678, 18.779854983999972 ], [ -111.055591439, 18.78068887 ], [ -111.040968886, 18.798441098 ], [ -111.048213167, 18.808493873 ], [ -111.043420802, 18.814518405000012 ], [ -111.052058196, 18.81630295600003 ], [ -111.041624088, 18.816690540000018 ], [ -111.040454873, 18.813880661999985 ], [ -111.0251051, 18.826059124000011 ], [ -111.012935734, 18.825372714000014 ], [ -111.008285854, 18.846866545 ], [ -110.988553966, 18.866480402 ] ] ], [ [ [ -112.06565228, 18.993246220000032 ], [ -112.06613129, 18.992148179999983 ], [ -112.06624491, 18.993362629999972 ], [ -112.06565228, 18.993246220000032 ] ] ], [ [ [ -103.61827651, 19.512518770000021 ], [ -103.60619931, 19.500557860000047 ], [ -103.61482422, 19.49404662 ], [ -103.61535757, 19.47499545 ], [ -103.57891669, 19.43548575 ], [ -103.57426842, 19.41156232 ], [ -103.5562112, 19.40697174 ], [ -103.526722, 19.372764720000028 ], [ -103.52220862, 19.35782558 ], [ -103.48642998, 19.33789065 ], [ -103.49566931, 19.31975566 ], [ -103.48987829, 19.310686220000022 ], [ -103.50918158, 19.295149909999989 ], [ -103.50569078, 19.236156509999965 ], [ -103.51523852, 19.211351799999989 ], [ -103.49763088, 19.174642150000011 ], [ -103.50916565, 19.155961310000038 ], [ -103.51100905, 19.13204911 ], [ -103.5236168, 19.115640660000022 ], [ -103.51738778, 19.0987906 ], [ -103.52648063, 19.07872805 ], [ -103.48850554, 19.027586749999987 ], [ -103.49878222000001, 19.01167365 ], [ -103.49083122, 18.995820820000013 ], [ -103.495675890000015, 18.97204368 ], [ -103.48845302, 18.963905180000022 ], [ -103.49306178, 18.95795595 ], [ -103.50860145, 18.96367132 ], [ -103.50291538, 18.957789550000022 ], [ -103.50637, 18.94822552 ], [ -103.52253563, 18.94791669 ], [ -103.51442162, 18.93438874000001 ], [ -103.53405871, 18.9262932 ], [ -103.53134792, 18.906259119999987 ], [ -103.55807468, 18.90658043 ], [ -103.57324414, 18.87132789 ], [ -103.58234403, 18.875624859999981 ], [ -103.58757569, 18.865846950000016 ], [ -103.59629009, 18.883945369999982 ], [ -103.6025266, 18.881599260000055 ], [ -103.615556110000014, 18.892420880000014 ], [ -103.63028009, 18.885324849999989 ], [ -103.64057237, 18.86724449 ], [ -103.61718726, 18.842851339999985 ], [ -103.626199650000018, 18.830974369999968 ], [ -103.62003102, 18.8013832 ], [ -103.63797822, 18.78320754 ], [ -103.679017, 18.773211050000018 ], [ -103.68543838, 18.75729277 ], [ -103.70030265, 18.75435575 ], [ -103.71893031, 18.71043149 ], [ -103.73798223, 18.694074430000018 ], [ -103.737905233, 18.684022942 ], [ -103.803418940000014, 18.74891023 ], [ -103.94750414, 18.842092250000011 ], [ -103.983208415, 18.872251431999974 ], [ -104.16081369, 18.962683909999988 ], [ -104.295149073, 19.012521831000029 ], [ -104.33206412, 19.017621879999982 ], [ -104.336290573, 19.02944130000002 ], [ -104.33007425, 19.051159859999967 ], [ -104.314664339, 19.061171081 ], [ -104.317686582, 19.054676197 ], [ -104.305351631, 19.057295568999976 ], [ -104.303953698, 19.071855488999983 ], [ -104.314461399, 19.089825179999988 ], [ -104.333972977, 19.102160305000037 ], [ -104.345389632000021, 19.103172765000021 ], [ -104.35415534, 19.091037799999977 ], [ -104.349826654, 19.103507098000016 ], [ -104.35540855, 19.115383850000033 ], [ -104.37538378, 19.119664140000037 ], [ -104.39394294, 19.114612950000019 ], [ -104.39879502, 19.10648441999998 ], [ -104.389800290000011, 19.096016020000015 ], [ -104.395431405, 19.085027015 ], [ -104.411320255000021, 19.106449778 ], [ -104.427823006, 19.091799436 ], [ -104.438474665, 19.098395303000046 ], [ -104.43641575, 19.086046719999967 ], [ -104.441717980000021, 19.083256750000022 ], [ -104.4514724, 19.108483720000013 ], [ -104.467193569, 19.109892859 ], [ -104.48938205, 19.12455315 ], [ -104.60400929, 19.15086612 ], [ -104.69058569, 19.176975880000018 ], [ -104.68799892, 19.184878680000018 ], [ -104.68093592, 19.18377375 ], [ -104.68361231, 19.189957920000015 ], [ -104.67997934, 19.193171520000014 ], [ -104.67514565, 19.18549574 ], [ -104.6293416, 19.17290635 ], [ -104.61882157, 19.180851450000013 ], [ -104.612833890000019, 19.155482819999985 ], [ -104.58984008, 19.150095219999987 ], [ -104.58578017, 19.16181432 ], [ -104.59614263, 19.164052230000014 ], [ -104.60028748, 19.179053370000013 ], [ -104.5900288, 19.18653168 ], [ -104.58398962, 19.177989320000016 ], [ -104.57693762, 19.1802046 ], [ -104.56724857, 19.20126612 ], [ -104.56911274, 19.21869523 ], [ -104.56026131, 19.21969855 ], [ -104.55451595, 19.237097779999978 ], [ -104.53028786, 19.25978883 ], [ -104.50838474, 19.244225049999979 ], [ -104.49453543, 19.253947049999976 ], [ -104.48895489, 19.229943370000012 ], [ -104.47725769, 19.23870338 ], [ -104.47167291, 19.22883585 ], [ -104.46301626, 19.232959659999981 ], [ -104.46700818, 19.24510689 ], [ -104.45569874, 19.24804026 ], [ -104.45752702, 19.25941946 ], [ -104.43840785, 19.262873089999982 ], [ -104.43925912, 19.27798786 ], [ -104.4009456, 19.289069799999965 ], [ -104.40132251, 19.26681303 ], [ -104.37427346, 19.28188398 ], [ -104.36187369, 19.26907842 ], [ -104.34388029, 19.289545979999989 ], [ -104.31480391, 19.279355890000026 ], [ -104.297591, 19.302670769999985 ], [ -104.28363525, 19.29700528 ], [ -104.26117905, 19.3118062 ], [ -104.21842417, 19.299015621 ], [ -104.20434629, 19.303602221 ], [ -104.19166737, 19.292209769999989 ], [ -104.17980131900002, 19.312562121000013 ], [ -104.169796579, 19.312963740000026 ], [ -104.16164983, 19.302719650000039 ], [ -104.152930379, 19.315152420000011 ], [ -104.14478909, 19.311240970000021 ], [ -104.132207749, 19.320886261000016 ], [ -104.12298462, 19.31904194000002 ], [ -104.13334412, 19.353745830999966 ], [ -104.090226219, 19.3930248 ], [ -104.070883749, 19.435235430999988 ], [ -104.079942939, 19.43178175 ], [ -104.086639779, 19.442031 ], [ -104.076739519000014, 19.48021472 ], [ -104.06172506, 19.497702939999972 ], [ -104.00004555, 19.468828831 ], [ -103.97400709, 19.474552911 ], [ -103.96479866, 19.454162651000026 ], [ -103.8995216, 19.43454725 ], [ -103.90876546, 19.45362831 ], [ -103.88933089, 19.463597309999983 ], [ -103.87941817, 19.444488660000012 ], [ -103.863755, 19.44738474 ], [ -103.85645277, 19.431330540000012 ], [ -103.82413489, 19.43778825 ], [ -103.81925286000002, 19.408739710000024 ], [ -103.79273366, 19.42751369 ], [ -103.71825732, 19.453497510000012 ], [ -103.7157894, 19.46700952 ], [ -103.69004529, 19.49244777 ], [ -103.61827651, 19.512518770000021 ] ] ], [ [ [ -110.801021451, 19.334874325000026 ], [ -110.79140415, 19.324538649 ], [ -110.800564884000011, 19.311697626999958 ], [ -110.796283879, 19.302702156 ], [ -110.812655325, 19.298234779 ], [ -110.818851272, 19.306517533 ], [ -110.803195436, 19.320099012 ], [ -110.801021451, 19.334874325000026 ] ] ] ] } },
{ "type": "Feature", "properties": { "cvegeo": "07", "cve_ent": "07", "nomgeo": "Chiapas", "nom_abrev": "Chis." }, "geometry": { "type": "Polygon", "coordinates": [ [ [ -91.99567109, 17.942589970000014 ], [ -91.97845257, 17.91368865 ], [ -91.93959785, 17.906293059999985 ], [ -91.95683277, 17.87992991 ], [ -91.94840917, 17.86330835 ], [ -91.92806134, 17.87082251 ], [ -91.91812769, 17.89951965 ], [ -91.89416148, 17.88750026000001 ], [ -91.87068931, 17.890780720000045 ], [ -91.84968629, 17.882864599999987 ], [ -91.81090755, 17.89940117 ], [ -91.80436874, 17.868866449999974 ], [ -91.77969046, 17.85129858 ], [ -91.79237158, 17.824516940000031 ], [ -91.78225312, 17.78248463000001 ], [ -91.79016174, 17.74601811 ], [ -91.81032503, 17.75132334 ], [ -91.83066169, 17.737677230000013 ], [ -91.81843395, 17.727432230000016 ], [ -91.78651588, 17.71902568 ], [ -91.78053169, 17.70781948 ], [ -91.77660258, 17.715431681000027 ], [ -91.76785262, 17.703115451 ], [ -91.748243970000019, 17.70017702 ], [ -91.73880623, 17.71080865 ], [ -91.733294, 17.696580340999954 ], [ -91.72476354, 17.69206389 ], [ -91.71754542, 17.698409230000031 ], [ -91.71707749, 17.68774651 ], [ -91.70403577, 17.69222508999998 ], [ -91.70095798, 17.678939781000018 ], [ -91.69371123, 17.685001200999984 ], [ -91.68137726, 17.670133719999985 ], [ -91.67299249, 17.683472430000037 ], [ -91.65474351, 17.676157119999978 ], [ -91.66433929, 17.66666063 ], [ -91.65405457, 17.645229431 ], [ -91.6587876, 17.639707981 ], [ -91.65281126, 17.638570740000024 ], [ -91.65989858, 17.630447461 ], [ -91.64456749, 17.621924550999985 ], [ -91.6635632, 17.61216714 ], [ -91.6388274, 17.58146943 ], [ -91.63428774, 17.534624261000022 ], [ -91.64249112, 17.52901665 ], [ -91.64182131, 17.51892203 ], [ -91.64907717, 17.517772741000023 ], [ -91.65007309, 17.495685080000019 ], [ -91.66281677, 17.479816740000011 ], [ -91.69979725, 17.467111049999986 ], [ -91.6652056, 17.46166023 ], [ -91.67204314, 17.44405882 ], [ -91.643326430000016, 17.43098798 ], [ -91.63488734, 17.43649492 ], [ -91.62020768, 17.43170045 ], [ -91.60689818, 17.41689138000001 ], [ -91.57968832, 17.40734382 ], [ -91.55879354, 17.400529580000029 ], [ -91.55785669, 17.422244150000015 ], [ -91.53724422, 17.419736170000014 ], [ -91.53684714, 17.407362679999988 ], [ -91.50993554, 17.39220271 ], [ -91.50500477, 17.399482450000033 ], [ -91.45649563, 17.375721539999979 ], [ -91.43929846, 17.384287370000028 ], [ -91.41983262, 17.37407068000001 ], [ -91.41677535, 17.34562712 ], [ -91.39699742, 17.33794506 ], [ -91.38351423, 17.31283055 ], [ -91.38954918, 17.29951645 ], [ -91.41259251, 17.307549 ], [ -91.42552935, 17.30184412 ], [ -91.42749635, 17.276583619999986 ], [ -91.43975886, 17.25000005 ], [ -91.42742435, 17.21659483 ], [ -91.41122218, 17.20619449 ], [ -91.375529400000019, 17.204554830000031 ], [ -91.35474766, 17.190771139999988 ], [ -91.34648977, 17.15902712 ], [ -91.33557057, 17.16124417 ], [ -91.32445028, 17.182747310000018 ], [ -91.27908551, 17.17963252 ], [ -91.26644706, 17.170133029999977 ], [ -91.26344346, 17.158264249999981 ], [ -91.27306782, 17.13773448 ], [ -91.26694323, 17.107878110000012 ], [ -91.22695802, 17.09505897 ], [ -91.210307, 17.05307814 ], [ -91.17525329, 17.015704 ], [ -91.154403, 17.00487005 ], [ -91.12275903, 17.00338394 ], [ -91.12004969, 16.97752834 ], [ -91.10440909, 16.97020065000002 ], [ -91.06448006, 16.92512975 ], [ -91.07404431, 16.91363566 ], [ -91.06562732, 16.90285824999998 ], [ -91.00711226, 16.88618351 ], [ -90.98783149, 16.86308495 ], [ -90.98050285, 16.872680460000012 ], [ -90.98506309, 16.89795407999997 ], [ -90.96500934, 16.90150002 ], [ -90.95450922, 16.88447417 ], [ -90.97405478, 16.863626459999981 ], [ -90.9336388, 16.85932649 ], [ -90.93388875, 16.842321089999988 ], [ -90.92176512, 16.821935380000014 ], [ -90.87771254, 16.82378622 ], [ -90.84878448, 16.796534880000014 ], [ -90.80409192, 16.798715799999979 ], [ -90.80280938, 16.776234509999973 ], [ -90.76243085, 16.762754219999984 ], [ -90.75684512, 16.75106094 ], [ -90.71525803, 16.727890659999979 ], [ -90.70776574, 16.718095280000014 ], [ -90.70951229, 16.70475475 ], [ -90.68169163, 16.68857033999997 ], [ -90.67594823, 16.66056149 ], [ -90.65759562, 16.63945765 ], [ -90.66198452, 16.627965879999955 ], [ -90.65335789, 16.59450305 ], [ -90.666973727, 16.589185582 ], [ -90.666841438, 16.581806451 ], [ -90.644634918, 16.579077221 ], [ -90.640492527, 16.595814261000015 ], [ -90.625600728, 16.577704340999979 ], [ -90.647077577, 16.560517781 ], [ -90.645410087, 16.518643482000019 ], [ -90.635594828, 16.513520850999985 ], [ -90.616583698, 16.521789621 ], [ -90.605763658, 16.502039092 ], [ -90.618591628, 16.488638201 ], [ -90.633441918, 16.489111541 ], [ -90.633971828, 16.481270571000014 ], [ -90.62042263, 16.47717809 ], [ -90.61344957, 16.488449970000012 ], [ -90.59519665, 16.490775380000027 ], [ -90.58844568, 16.469685819999988 ], [ -90.54701191, 16.48235109 ], [ -90.546939120000019, 16.468055620000012 ], [ -90.52780171, 16.45771622 ], [ -90.51421577, 16.46989634 ], [ -90.50060911, 16.466915169999972 ], [ -90.49580414, 16.45348855 ], [ -90.480353, 16.46126294 ], [ -90.47788785, 16.443683319999973 ], [ -90.48608745, 16.423912 ], [ -90.42072422, 16.42489654 ], [ -90.40771988, 16.404033250000015 ], [ -90.39426894, 16.415935520000016 ], [ -90.38780488, 16.40614317 ], [ -90.40134632, 16.398633 ], [ -90.401126, 16.391431890000018 ], [ -90.37292755, 16.374350319999984 ], [ -90.37032603, 16.36592792 ], [ -90.379721980000014, 16.360027490000011 ], [ -90.39581203, 16.37451155 ], [ -90.40976588, 16.36301589 ], [ -90.4093142, 16.34589914 ], [ -90.40303437, 16.361056570000013 ], [ -90.39924097, 16.349393289999981 ], [ -90.3833286, 16.3452118 ], [ -90.38164231, 16.33844958000001 ], [ -90.38686928, 16.33424875 ], [ -90.39753526, 16.33959857 ], [ -90.41001091, 16.32918294 ], [ -90.41164372, 16.307236290000045 ], [ -90.43857015, 16.30209534 ], [ -90.43179186, 16.29222448 ], [ -90.44048158, 16.27979217 ], [ -90.42242988, 16.25917891 ], [ -90.42826478, 16.253893289999969 ], [ -90.44547478, 16.261524740000016 ], [ -90.45471658000001, 16.24864791000001 ], [ -90.45055142, 16.240540520000028 ], [ -90.44004394, 16.24757442 ], [ -90.42782686, 16.233195540000025 ], [ -90.45119085, 16.224895219999983 ], [ -90.45667331, 16.20950568000001 ], [ -90.45197822, 16.18504037 ], [ -90.43146226, 16.177648109999975 ], [ -90.424505, 16.163184450000024 ], [ -90.45025012, 16.149950800000024 ], [ -90.42788114, 16.13712138 ], [ -90.429765800000013, 16.11776886 ], [ -90.451445910000018, 16.12450402 ], [ -90.45661157, 16.11214872 ], [ -90.45366957, 16.092259140000014 ], [ -90.43377254, 16.105143350000013 ], [ -90.42503840000002, 16.103667019999982 ], [ -90.42560725, 16.09624669 ], [ -90.43516318, 16.09599254 ], [ -90.4451538, 16.08302215 ], [ -90.44084089, 16.07419489 ], [ -91.73138415, 16.074020369999971 ], [ -92.21007594000001, 15.261215380000047 ], [ -92.05919722, 15.070333650000018 ], [ -92.07315955, 15.06151082 ], [ -92.07019602, 15.04678111 ], [ -92.07792406, 15.04588148 ], [ -92.08566582, 15.020728860000013 ], [ -92.09879129, 15.00960743 ], [ -92.12698292, 15.015236619999969 ], [ -92.150767629, 14.986917570999989 ], [ -92.14477405, 14.974947089999981 ], [ -92.144694969000014, 14.909503711 ], [ -92.136216309, 14.891649571 ], [ -92.146562779, 14.870205420000012 ], [ -92.17174194, 14.86019266000001 ], [ -92.181419169, 14.84757415 ], [ -92.18483409, 14.82826425 ], [ -92.16072585, 14.773496540000011 ], [ -92.16185542, 14.762024780000029 ], [ -92.17176091, 14.756746140000018 ], [ -92.1699306, 14.74374966000002 ], [ -92.14749471, 14.719034539999969 ], [ -92.14573814, 14.66344258 ], [ -92.17705438, 14.626225630000025 ], [ -92.18247635, 14.57832948 ], [ -92.21526042, 14.55689835000002 ], [ -92.2165412, 14.54314829 ], [ -92.22675194, 14.53209837 ], [ -92.373728466, 14.666551646 ], [ -92.415621301, 14.692876222000042 ], [ -92.40870149, 14.702455680000011 ], [ -92.43257322, 14.728423460000013 ], [ -92.51589805, 14.80503569 ], [ -92.85397771, 15.158786599999962 ], [ -93.166698547, 15.448429404999985 ], [ -93.332345550000014, 15.591124580000015 ], [ -93.540466334, 15.753961276999975 ], [ -93.748981290000017, 15.89651502 ], [ -93.89075591, 15.972624459999988 ], [ -93.917104891, 15.982899956 ], [ -93.95715015, 15.98460197 ], [ -94.03600811, 16.02209472 ], [ -94.102763690000018, 16.142515919999987 ], [ -94.1095676, 16.179101249999952 ], [ -94.04846992, 16.21617148 ], [ -94.03519555, 16.23955368 ], [ -94.04353437, 16.255686919999977 ], [ -94.032961, 16.27594497 ], [ -94.05066485, 16.329713919999975 ], [ -94.139156, 16.461786429999986 ], [ -93.86091577, 17.16374114 ], [ -93.827137690000015, 17.172503481 ], [ -93.82663017, 17.19049403 ], [ -93.798305843, 17.241922641 ], [ -93.788609505, 17.232327342000019 ], [ -93.772450198, 17.245823559 ], [ -93.762976481, 17.239344492 ], [ -93.662694365, 17.256276901999961 ], [ -93.664411458, 17.286193384999976 ], [ -93.638132334, 17.290948363 ], [ -93.607939816, 17.314930021000016 ], [ -93.51380472, 17.442805260999972 ], [ -93.50604142, 17.477491201000024 ], [ -93.514878599, 17.49032282 ], [ -93.50252128, 17.499522580000015 ], [ -93.48414582, 17.549876550000022 ], [ -93.47297525, 17.553493679999988 ], [ -93.451707049, 17.546484229999979 ], [ -93.44594562, 17.58598569 ], [ -93.420489909, 17.590047941 ], [ -93.40959929, 17.619297860000017 ], [ -93.38496829, 17.63417611 ], [ -93.38478872, 17.64437794 ], [ -93.35627777, 17.648037449999968 ], [ -93.36050386, 17.66489408 ], [ -93.35430235, 17.71288218 ], [ -93.36255185, 17.728687980000032 ], [ -93.37394657, 17.73299477 ], [ -93.36984888, 17.73738305 ], [ -93.390547830000017, 17.77339971 ], [ -93.38657055, 17.777565289999973 ], [ -93.37541995, 17.76679802 ], [ -93.34913509, 17.767085279999961 ], [ -93.34311188, 17.78751668 ], [ -93.35850308, 17.788396320000025 ], [ -93.36441871, 17.779084320000031 ], [ -93.380948489, 17.783164951 ], [ -93.36661095, 17.80292332 ], [ -93.35209248, 17.79542346 ], [ -93.340585980000014, 17.798120549999982 ], [ -93.34931077, 17.815427600000017 ], [ -93.33429511, 17.85169889 ], [ -93.35058277, 17.87606603 ], [ -93.33602245, 17.90498655 ], [ -93.34089685, 17.93033066 ], [ -93.3366702, 17.93660125 ], [ -93.32583286, 17.92791351000001 ], [ -93.29800969, 17.93858178 ], [ -93.27832269, 17.985287801 ], [ -93.24092098, 17.95009469 ], [ -93.20735877, 17.96063794 ], [ -93.19200158, 17.956135720000034 ], [ -93.18314389, 17.94030905 ], [ -93.145078029, 17.93235297 ], [ -93.145982079000021, 17.919926660000048 ], [ -93.12912889, 17.90785238 ], [ -93.104975029, 17.907419322 ], [ -93.09137594, 17.89756125000002 ], [ -93.09195929, 17.88657588 ], [ -93.12362598, 17.874450380000027 ], [ -93.13180032, 17.85231642 ], [ -93.115640750000011, 17.82221263 ], [ -93.10164546, 17.845828339999969 ], [ -93.043126309, 17.84257731000001 ], [ -93.02543628, 17.82541845 ], [ -93.0120134, 17.79366903 ], [ -93.02780051, 17.771644950000024 ], [ -93.04263828, 17.76841151 ], [ -93.05772471, 17.720488750000026 ], [ -93.03711608, 17.70338191 ], [ -93.04545765, 17.65910545 ], [ -93.04052534, 17.60982815 ], [ -93.00448754, 17.579587649999983 ], [ -93.00556525, 17.555248020000029 ], [ -92.98834048, 17.55000595 ], [ -92.980489680000019, 17.537562830000013 ], [ -92.99264832, 17.53001572 ], [ -92.98487342, 17.51130786 ], [ -92.96804212, 17.517972719999975 ], [ -92.94811983, 17.482743020000015 ], [ -92.93919943, 17.50244730999998 ], [ -92.91293754, 17.498213060000012 ], [ -92.88735617, 17.510463540000018 ], [ -92.85980875, 17.500281550000018 ], [ -92.84987592, 17.46897814 ], [ -92.83155248, 17.480857169999972 ], [ -92.81963085, 17.432745949999983 ], [ -92.82582475, 17.42378422 ], [ -92.856191020000011, 17.41887622 ], [ -92.85426446, 17.41119763 ], [ -92.82921632, 17.39630049 ], [ -92.8293996, 17.40859934 ], [ -92.78579471, 17.417527290000013 ], [ -92.79079423, 17.40498514 ], [ -92.768309, 17.38550412 ], [ -92.77066331, 17.360396320000014 ], [ -92.75873742, 17.35819778 ], [ -92.7541802, 17.34329865999997 ], [ -92.72950834, 17.348128509999984 ], [ -92.67876503, 17.378493570000018 ], [ -92.668185150000014, 17.45669457 ], [ -92.65940828, 17.444284740000022 ], [ -92.64886586, 17.460699420000015 ], [ -92.60582514, 17.47737574 ], [ -92.59406366, 17.49295223 ], [ -92.59990143, 17.50080002 ], [ -92.592343020000015, 17.50961725 ], [ -92.596989690000015, 17.520359650000017 ], [ -92.57141092, 17.54960862 ], [ -92.55803054, 17.54022542 ], [ -92.53007342, 17.54999842 ], [ -92.51998489, 17.573049769999983 ], [ -92.46761691, 17.57711886 ], [ -92.43677565, 17.570096880000019 ], [ -92.4020786, 17.578040109999979 ], [ -92.40085814, 17.58603255 ], [ -92.35067371, 17.61793406 ], [ -92.35813168, 17.64195914 ], [ -92.34915949, 17.65472752 ], [ -92.34989703, 17.702784719999975 ], [ -92.34012922, 17.70375798 ], [ -92.33734726, 17.712089630000015 ], [ -92.28868154, 17.70266734 ], [ -92.27462289, 17.69225805 ], [ -92.1944994, 17.77664118 ], [ -92.18848715, 17.768134630000024 ], [ -92.17195018, 17.78656784999998 ], [ -92.15245402, 17.779065570000022 ], [ -92.15170817, 17.76456888000002 ], [ -92.13082542, 17.766080350000024 ], [ -92.13597189, 17.77901231 ], [ -92.12713808, 17.78589838 ], [ -92.14658277, 17.814676 ], [ -92.12048163, 17.79597269 ], [ -92.10553518, 17.812938719999988 ], [ -92.10203335, 17.850880170000018 ], [ -92.09049763, 17.85072778 ], [ -92.09046882, 17.856599490000022 ], [ -92.05630822, 17.84675445 ], [ -92.04940708, 17.85477203 ], [ -92.05245798, 17.86724611 ], [ -92.07179705, 17.877673650000037 ], [ -92.01970791, 17.88782392 ], [ -92.01554663, 17.897501120000044 ], [ -92.00335506, 17.89051818 ], [ -91.99128974, 17.91961231 ], [ -91.99567109, 17.942589970000014 ] ] ] } },
{ "type": "Feature", "properties": { "cvegeo": "08", "cve_ent": "08", "nomgeo": "Chihuahua", "nom_abrev": "Chih." }, "geometry": { "type": "Polygon", "coordinates": [ [ [ -108.20837346, 31.78375402 ], [ -106.52852328, 31.783817449999976 ], [ -106.487545509, 31.747716859999986 ], [ -106.45205102, 31.76462322999998 ], [ -106.38126846, 31.73233505 ], [ -106.37206814, 31.712596580000028 ], [ -106.349414419, 31.696398021000014 ], [ -106.30316611, 31.62231468 ], [ -106.28040643, 31.562292 ], [ -106.24718883, 31.542805829999988 ], [ -106.20813086, 31.46758191 ], [ -106.17458009, 31.45524286 ], [ -106.13241815, 31.42518306 ], [ -106.108316380000019, 31.42262582 ], [ -106.080196570000012, 31.39860278 ], [ -106.00478206, 31.392655019999978 ], [ -105.97145274, 31.366610049999981 ], [ -105.95351088, 31.364094340000019 ], [ -105.937827740000017, 31.318239910000038 ], [ -105.907738830000014, 31.31236911 ], [ -105.89329015, 31.29038366 ], [ -105.87033131, 31.28971583 ], [ -105.79488871, 31.203073890000024 ], [ -105.78327494, 31.19815103 ], [ -105.77257749, 31.16620818 ], [ -105.74189889, 31.164707740000015 ], [ -105.70932351, 31.136289859999987 ], [ -105.64828285, 31.11539054 ], [ -105.64233102, 31.098497549999987 ], [ -105.62704020000001, 31.09820043 ], [ -105.60414225, 31.08326806 ], [ -105.58501797, 31.05589658 ], [ -105.57893772, 31.02124359999997 ], [ -105.56966717, 31.017004420000035 ], [ -105.557586051, 30.99004963 ], [ -105.53295614, 30.984637920000019 ], [ -105.51633054, 30.965464369999978 ], [ -105.5028488, 30.96800982 ], [ -105.49152523, 30.94230295 ], [ -105.471100689, 30.93368735 ], [ -105.46719318, 30.92479132 ], [ -105.45186063, 30.92440905999997 ], [ -105.45318023, 30.91615489 ], [ -105.44713746, 30.91936075000001 ], [ -105.44156638, 30.90840695 ], [ -105.41620698, 30.90028548 ], [ -105.41237191, 30.88887138 ], [ -105.40009526, 30.889383429999985 ], [ -105.404470909, 30.880150090000011 ], [ -105.39166278, 30.87423218 ], [ -105.40118646, 30.853188 ], [ -105.36185945, 30.85060812 ], [ -105.35194183, 30.835578489999982 ], [ -105.339103911, 30.84025642000001 ], [ -105.329582321, 30.82550135000001 ], [ -105.31863362, 30.828303429999988 ], [ -105.31650765, 30.810878829999989 ], [ -105.30975998, 30.816934679999981 ], [ -105.30615911, 30.809752369999984 ], [ -105.300976580000011, 30.82395074999997 ], [ -105.2911616, 30.82582785 ], [ -105.25636495, 30.794423290000033 ], [ -105.21555248, 30.805899480000015 ], [ -105.21071097, 30.79862137 ], [ -105.216820371, 30.78354345 ], [ -105.195559550000013, 30.7922542 ], [ -105.17554989, 30.76757963 ], [ -105.16591494, 30.77953888 ], [ -105.15623718, 30.76944503 ], [ -105.16168874, 30.752417079999969 ], [ -105.11858777, 30.7495948 ], [ -105.10561208, 30.72366634 ], [ -105.08058155, 30.70792625 ], [ -105.08258345, 30.70138857 ], [ -105.06269417, 30.698176600000018 ], [ -105.061936710000012, 30.68582212 ], [ -105.04689917, 30.679866579999988 ], [ -105.04711686, 30.688166720000019 ], [ -105.039544550000016, 30.688529400000025 ], [ -105.0272446, 30.678850980000011 ], [ -105.00690286, 30.685779690000011 ], [ -104.98539368, 30.661763309999962 ], [ -104.98418062, 30.63516471 ], [ -104.97167665, 30.610004060000019 ], [ -104.93570234, 30.606113249999986 ], [ -104.93050634, 30.59845342 ], [ -104.92236058, 30.60353202 ], [ -104.91981514, 30.586883490000016 ], [ -104.89915782, 30.570510450000015 ], [ -104.889185, 30.53497192 ], [ -104.88029209, 30.529846259999974 ], [ -104.885684280000021, 30.51807613999998 ], [ -104.87329432, 30.513597229999988 ], [ -104.873899919, 30.495407250000014 ], [ -104.86648745, 30.49403343000003 ], [ -104.86824252000001, 30.44202746 ], [ -104.85829265, 30.43735372 ], [ -104.86147605, 30.426441290000032 ], [ -104.84783583, 30.42068025 ], [ -104.85916217, 30.39040106 ], [ -104.83728078, 30.373873690000018 ], [ -104.81656712, 30.3751166 ], [ -104.81936908, 30.367964550000021 ], [ -104.811098770000015, 30.36165932 ], [ -104.82213338, 30.349938489999985 ], [ -104.80997755, 30.34109026 ], [ -104.81128245, 30.33265306000003 ], [ -104.791804490000018, 30.32583098000001 ], [ -104.77707318, 30.31027338 ], [ -104.77903817, 30.303313429999974 ], [ -104.76533029, 30.306116620000012 ], [ -104.75808829, 30.28268243 ], [ -104.76318688, 30.274583 ], [ -104.74808608, 30.274195780000021 ], [ -104.75024015, 30.261692720000024 ], [ -104.73698114, 30.25594222 ], [ -104.73332777, 30.26112294 ], [ -104.70619483, 30.234131430000016 ], [ -104.71102897, 30.223199570000016 ], [ -104.6862572, 30.172919749999974 ], [ -104.6853712, 30.14427069 ], [ -104.69645023, 30.13467546 ], [ -104.69535542, 30.118341800000021 ], [ -104.68553529, 30.10896972 ], [ -104.69431475, 30.10167903 ], [ -104.68901211, 30.095242290000026 ], [ -104.684987780000014, 30.099263400000012 ], [ -104.68508608, 30.08539674 ], [ -104.70659308, 30.05057609 ], [ -104.69510102, 30.037821370000046 ], [ -104.70329929, 30.02265677 ], [ -104.68984332, 30.014956 ], [ -104.69404658, 30.002778979999984 ], [ -104.68719055, 29.996139349999986 ], [ -104.69492715, 29.99255763 ], [ -104.68561311, 29.99025648 ], [ -104.693487030000014, 29.975833380000033 ], [ -104.68102966, 29.97759382 ], [ -104.68500558, 29.956601049999975 ], [ -104.67347555, 29.956011 ], [ -104.68294991, 29.92917455000002 ], [ -104.66553123, 29.90161171 ], [ -104.65565868, 29.90599655 ], [ -104.65802562, 29.89046563 ], [ -104.65071, 29.89134494000001 ], [ -104.63293446, 29.87000743 ], [ -104.62371486, 29.842437600000018 ], [ -104.615659350000016, 29.84643472 ], [ -104.60940334, 29.83943742 ], [ -104.62035895, 29.8309622 ], [ -104.60857772, 29.82782828 ], [ -104.60998677000002, 29.818968549999969 ], [ -104.59381631, 29.805061399999989 ], [ -104.59115362, 29.80945842 ], [ -104.58979692, 29.7960608 ], [ -104.58127137000001, 29.794595 ], [ -104.56534654, 29.77013492 ], [ -104.56970989, 29.752467379999988 ], [ -104.54971498, 29.74140014 ], [ -104.560438030000014, 29.7360788 ], [ -104.54950331, 29.731032940000027 ], [ -104.54573198, 29.69912108 ], [ -104.5308432, 29.69049831 ], [ -104.54415995, 29.680704220000031 ], [ -104.53617488, 29.667252179999984 ], [ -104.52616992, 29.66797831 ], [ -104.5083344, 29.63265128 ], [ -104.49807446, 29.639609459999985 ], [ -104.47635075, 29.628329719999986 ], [ -104.46666275, 29.609695969999979 ], [ -104.39898177, 29.573004490000034 ], [ -104.39321491, 29.553509710000032 ], [ -104.38421046, 29.553862220000028 ], [ -104.38492332, 29.54299146 ], [ -104.36022349, 29.53586269 ], [ -104.35615365, 29.541194750000017 ], [ -104.353137, 29.528669180000012 ], [ -104.33980931, 29.527228540000028 ], [ -104.33538326, 29.519795689999977 ], [ -104.31340838, 29.531758550000028 ], [ -104.31109365, 29.52363338000001 ], [ -104.26364446, 29.514158430000045 ], [ -104.23682122, 29.49714557 ], [ -104.23075043, 29.479118149999962 ], [ -104.21288222, 29.48508883 ], [ -104.21750685, 29.456118549999974 ], [ -104.182212, 29.427218020000041 ], [ -104.16792935, 29.395514849999987 ], [ -104.15338309, 29.39325991000003 ], [ -104.14299171, 29.380578679999982 ], [ -104.124216, 29.38119837 ], [ -104.119510140000017, 29.370729579999985 ], [ -104.10781323, 29.37357468999998 ], [ -104.08307911, 29.346582709999982 ], [ -104.05593935, 29.336880859999987 ], [ -104.03789389, 29.319905169999988 ], [ -103.97619894, 29.296729460000019 ], [ -103.92573991, 29.29432469 ], [ -103.917991050000012, 29.284940280000018 ], [ -103.899535450000016, 29.28773252 ], [ -103.88947645, 29.279415690000011 ], [ -103.87940022, 29.285514310000021 ], [ -103.84439695, 29.280005079999981 ], [ -103.8267172, 29.269771400000014 ], [ -103.81403845, 29.2745148 ], [ -103.80077682, 29.25929994 ], [ -103.78332466, 29.26551887999997 ], [ -103.77555254, 29.249566169999987 ], [ -103.78147483, 29.240523660000015 ], [ -103.77730274, 29.221933780000018 ], [ -103.76957005, 29.221265739999986 ], [ -103.76038022, 29.23345717 ], [ -103.75587637, 29.22004491 ], [ -103.74264712, 29.22229665000004 ], [ -103.739772710000011, 29.20540471 ], [ -103.71827848, 29.181147509999956 ], [ -103.70365917, 29.18487242 ], [ -103.69833395, 29.17760714 ], [ -103.65922657, 29.170590419999989 ], [ -103.65014597, 29.156693949999987 ], [ -103.612213880000013, 29.165298539999981 ], [ -103.58501785, 29.149669150000022 ], [ -103.55407248, 29.15851603 ], [ -103.55020585, 29.14385645000004 ], [ -103.52477355, 29.1372722 ], [ -103.52485366, 29.12133428 ], [ -103.50182138, 29.117905169999986 ], [ -103.50471108, 29.10792606 ], [ -103.494349, 29.108471769999987 ], [ -103.47070831, 29.085124140000026 ], [ -103.47169252, 29.06679246000002 ], [ -103.45001254, 29.072669539999971 ], [ -103.44590425, 29.06120328 ], [ -103.43442223, 29.057320170000036 ], [ -103.43281714, 29.043631649999988 ], [ -103.40499508, 29.03950658 ], [ -103.4016486, 29.031286709999957 ], [ -103.39092868, 29.034643819999985 ], [ -103.38632698, 29.02209225 ], [ -103.35960405, 29.01878609 ], [ -103.34508152, 29.046802220000018 ], [ -103.32748475, 29.03989532 ], [ -103.32910228, 29.030780020000048 ], [ -103.34221214, 29.028005519999972 ], [ -103.33647503, 29.018173310000012 ], [ -103.30677174, 29.022927800000012 ], [ -103.3159812, 29.010847139999989 ], [ -103.3077024, 29.00227654 ], [ -103.35770066, 28.920250630000012 ], [ -103.403650250000013, 28.869254169999987 ], [ -103.39634672, 28.833528570000023 ], [ -103.40458611, 28.829551520000024 ], [ -103.41001538, 28.84092238 ], [ -103.43166305, 28.813180350000017 ], [ -103.51451214, 28.66499785 ], [ -103.51976198, 28.66874503 ], [ -103.55729531, 28.611280680000043 ], [ -103.57265895, 28.64063917 ], [ -103.58200149, 28.62879350999998 ], [ -103.59637371, 28.63947455 ], [ -103.61604603, 28.59819472 ], [ -103.59191588, 28.59083426 ], [ -103.601008401, 28.574907400000026 ], [ -103.6245676, 28.581146509999986 ], [ -103.64794446, 28.532983479999977 ], [ -103.6430108, 28.51246188 ], [ -103.72833286, 28.35649102 ], [ -103.76287125, 28.29819678 ], [ -103.76817978, 28.30037252 ], [ -103.86749986, 28.11213568 ], [ -103.860941290000014, 28.10902194 ], [ -103.92669189, 27.97135675 ], [ -103.877715940000016, 27.95749034 ], [ -103.89288585, 27.914022969999962 ], [ -103.94186758, 27.92779649 ], [ -103.93564309, 27.94534237 ], [ -103.95497349, 27.950821 ], [ -103.94333128, 27.888843220000016 ], [ -103.94578305, 27.85638823 ], [ -103.96000192, 27.83530902 ], [ -103.94390671, 27.82687055 ], [ -103.90084392, 27.826857259999951 ], [ -103.93564955, 27.797552739999983 ], [ -103.88114534, 27.739185740000011 ], [ -103.89669229, 27.74055725000003 ], [ -103.88950494, 27.71321714 ], [ -103.89553266, 27.67402120000002 ], [ -103.88324458, 27.657591820000018 ], [ -103.89726286, 27.65654877 ], [ -103.88355552, 27.600771749999986 ], [ -103.86883766, 27.60713683 ], [ -103.85460095, 27.54943274 ], [ -103.85850514, 27.439891489999987 ], [ -103.86365042, 27.44092074 ], [ -103.87687602, 27.31159214 ], [ -103.83212255, 27.29829348 ], [ -103.81976349, 27.242956550000017 ], [ -103.80939543, 27.24920308 ], [ -103.79842734, 27.21347569 ], [ -103.79939848, 27.124729540000022 ], [ -103.78347032, 27.091205600000034 ], [ -103.7524612, 27.077919600000026 ], [ -103.74083437, 27.02252175 ], [ -103.77994769, 27.008886290000035 ], [ -103.78462875, 26.980698520000026 ], [ -103.85208903, 26.934619420000026 ], [ -103.83591918, 26.93581335 ], [ -103.85170071, 26.89613383 ], [ -103.77960545, 26.836126250000017 ], [ -103.75396792, 26.829573449999977 ], [ -103.75061974, 26.80990508 ], [ -103.7248708, 26.77210652 ], [ -103.71524869000001, 26.73507726 ], [ -103.69909411, 26.72525638 ], [ -103.86129849, 26.75409457 ], [ -103.99383283, 26.75361042 ], [ -103.99499549, 26.77754026 ], [ -104.03319062, 26.77439149 ], [ -104.04573782, 26.74297654 ], [ -104.18393589, 26.773572 ], [ -104.22780885, 26.777153630000029 ], [ -104.27304242, 26.84227952 ], [ -104.29488806, 26.817751020000021 ], [ -104.28616149, 26.81520482 ], [ -104.31530657, 26.799069519999989 ], [ -104.305315480000019, 26.792891799999975 ], [ -104.30176194, 26.77194857 ], [ -104.3172796, 26.760736749999978 ], [ -104.29975972, 26.75194554 ], [ -104.28654348, 26.725403 ], [ -104.30679534, 26.707168170000013 ], [ -104.33038743, 26.65653292 ], [ -104.37542254, 26.64071649 ], [ -104.43477525, 26.604520539999989 ], [ -104.468555450000011, 26.520341450000014 ], [ -104.49589932, 26.466859309999979 ], [ -104.50282863, 26.46584592 ], [ -104.495401770000015, 26.43341895 ], [ -104.50097438, 26.41475743 ], [ -104.57445148, 26.34046828 ], [ -104.59385649, 26.38043965000001 ], [ -104.620088580000015, 26.36884265 ], [ -104.64531755, 26.39161228 ], [ -104.65407538, 26.39105302000003 ], [ -104.67729342, 26.429333080000021 ], [ -104.72703634, 26.477964920000016 ], [ -104.74784208, 26.4924472 ], [ -104.760956060000012, 26.485818719999976 ], [ -104.80927414, 26.50849742 ], [ -104.85658323, 26.50286885 ], [ -104.89890032, 26.510018310000024 ], [ -104.936729920000019, 26.48371158 ], [ -104.94437668, 26.468344689999984 ], [ -104.96321518, 26.473390920000014 ], [ -104.96959186, 26.465952290000036 ], [ -104.95623905, 26.462844679999989 ], [ -104.9631036, 26.449184349999978 ], [ -105.00038937, 26.454950830000012 ], [ -105.05257782, 26.429764579999979 ], [ -105.05663403, 26.41930054 ], [ -105.10154955, 26.52140552 ], [ -105.26468258, 26.46207275 ], [ -105.27908188, 26.487475369999974 ], [ -105.289933620000014, 26.48811112000001 ], [ -105.301926970000011, 26.472445680000025 ], [ -105.31548169, 26.47034791 ], [ -105.31675243, 26.46228678000001 ], [ -105.33875366, 26.47805018 ], [ -105.35276537, 26.478876479999979 ], [ -105.35452392, 26.49261718 ], [ -105.34270611, 26.50451551 ], [ -105.36862468, 26.53426945 ], [ -105.403427570000019, 26.51752466 ], [ -105.43860205, 26.52834475 ], [ -105.47014242, 26.52789805 ], [ -105.47151398, 26.508701680000016 ], [ -105.49562902, 26.52563108 ], [ -105.49608532000002, 26.542851880000022 ], [ -105.54900303, 26.54657858 ], [ -105.61948726, 26.683509449999988 ], [ -105.60101006, 26.61484889 ], [ -105.640892980000018, 26.6199962 ], [ -105.63720282, 26.60914188 ], [ -105.64553332, 26.616609970000038 ], [ -105.67488306, 26.61767031 ], [ -105.670948, 26.635226460000037 ], [ -105.68988005, 26.65718885 ], [ -105.704798769, 26.65290769000001 ], [ -105.72890797, 26.69789606 ], [ -105.73496358, 26.684819620000017 ], [ -105.74634185, 26.71386858 ], [ -105.79426129, 26.698767260000018 ], [ -105.77580868, 26.660933139999965 ], [ -105.81455289, 26.69096691 ], [ -105.86543746, 26.74737586000003 ], [ -105.87454225, 26.73857574 ], [ -105.89410174, 26.74100949 ], [ -105.89833697, 26.763853880000042 ], [ -105.90860609, 26.752837820000018 ], [ -105.92810702, 26.765931969999958 ], [ -105.93919351, 26.763215519999971 ], [ -106.04733909, 26.84487591 ], [ -106.06504842, 26.82763335000001 ], [ -106.10064266, 26.75933318 ], [ -106.1252624, 26.779410369999951 ], [ -106.17762645, 26.77233657999998 ], [ -106.17043394, 26.75012554000002 ], [ -106.17872946, 26.744436489999973 ], [ -106.17658083, 26.72772205 ], [ -106.141444, 26.72078665 ], [ -106.13067448, 26.702203380000025 ], [ -106.13301674, 26.6973326 ], [ -106.1474628, 26.70923774 ], [ -106.16013268, 26.702338449999985 ], [ -106.17266208, 26.7051668 ], [ -106.189675, 26.69513932 ], [ -106.18798948, 26.67447577 ], [ -106.19712848, 26.683779020000014 ], [ -106.19834671, 26.67600929 ], [ -106.20792268, 26.67806475 ], [ -106.20604223, 26.66894809 ], [ -106.21982609, 26.65635598 ], [ -106.22673486, 26.61495646 ], [ -106.23654006, 26.61216749 ], [ -106.23296108, 26.559560370000028 ], [ -106.23952714, 26.56243732 ], [ -106.24121712, 26.54498992 ], [ -106.28013545, 26.532067229999964 ], [ -106.26957143, 26.527169429999987 ], [ -106.280666, 26.51175355 ], [ -106.25388102, 26.50735555 ], [ -106.2508554, 26.478584969999968 ], [ -106.24203046, 26.46682385 ], [ -106.26522062, 26.42413971 ], [ -106.26437405, 26.40611592 ], [ -106.29759802, 26.396454800000015 ], [ -106.30217655, 26.36387632 ], [ -106.27545792, 26.367415459999982 ], [ -106.28704095, 26.33508157 ], [ -106.31225757, 26.3487544 ], [ -106.43277552, 26.20401342 ], [ -106.41561495, 26.139400290000033 ], [ -106.45864358, 26.11216069000001 ], [ -106.45440686000002, 26.09526042 ], [ -106.471229309, 26.060522920000011 ], [ -106.45409829, 26.04635703 ], [ -106.45339663, 26.027840690000023 ], [ -106.46745158, 26.018288370000015 ], [ -106.47040669, 26.005425750000011 ], [ -106.44471262, 26.005088219999987 ], [ -106.45581546, 25.972579200000023 ], [ -106.49166531, 25.96805348 ], [ -106.50147317, 25.95495575 ], [ -106.53371546, 25.94576152 ], [ -106.54730611, 25.952421750000013 ], [ -106.56012978, 25.91270677000001 ], [ -106.55596775, 25.691706629999985 ], [ -106.52655457, 25.71337977000001 ], [ -106.46404158, 25.74170966 ], [ -106.46361751, 25.729043680000036 ], [ -106.50883178, 25.70750802 ], [ -106.53644125, 25.67596348 ], [ -106.56552978, 25.666568309999967 ], [ -106.56966515, 25.657662910000031 ], [ -106.5918238, 25.647391720000016 ], [ -106.62925554, 25.60379163 ], [ -106.63084765, 25.58580012 ], [ -106.65559546, 25.575165830000014 ], [ -106.65282631, 25.558843620000026 ], [ -106.67141985, 25.567421650000014 ], [ -106.68024494, 25.58932309 ], [ -106.70796985, 25.60245126 ], [ -106.68196852, 25.579168450000019 ], [ -106.69884591, 25.58083942 ], [ -106.70575814, 25.59734974 ], [ -106.70254869, 25.581205749999956 ], [ -106.74479637, 25.585163380000012 ], [ -106.87375598, 25.57186483 ], [ -106.89922208, 25.643742050000011 ], [ -106.89378369, 25.644291350000035 ], [ -106.994324520000021, 25.6622326 ], [ -106.96693982, 25.66833082 ], [ -106.96532269, 25.69787858 ], [ -106.99029875, 25.714924059999987 ], [ -107.010680030000017, 25.691459380000012 ], [ -107.0461442, 25.69987526 ], [ -107.04807946, 25.710826920000013 ], [ -107.06422371, 25.71907409000001 ], [ -107.06468345, 25.74816422 ], [ -107.05790477, 25.757367969999983 ], [ -107.20886554, 25.85631277 ], [ -107.20694914, 25.86391942 ], [ -107.22903295, 25.86974175 ], [ -107.239382254, 25.880382513 ], [ -107.24651002, 25.87777449 ], [ -107.24247066, 25.89236965 ], [ -107.29612822, 25.924793400000024 ], [ -107.28003709, 25.958095879999981 ], [ -107.27634626, 26.00197654 ], [ -107.306691720000018, 26.04878415000001 ], [ -107.3048898, 26.076402430000016 ], [ -107.3465278, 26.109523119999988 ], [ -107.41611823, 26.141220250000025 ], [ -107.43234746, 26.138245770000015 ], [ -107.43104269, 26.142859919999989 ], [ -107.46000315, 26.138314950000016 ], [ -107.492171150000019, 26.11146266 ], [ -107.50611522, 26.115787480000016 ], [ -107.52001998, 26.104227170000037 ], [ -107.52626705, 26.12774765 ], [ -107.54368018, 26.137319569999967 ], [ -107.5432774, 26.14634894000001 ], [ -107.58202728, 26.170640120000012 ], [ -107.635749570000016, 26.154578049999984 ], [ -107.65276429, 26.16364097 ], [ -107.69631928, 26.165473650000024 ], [ -107.71107551, 26.17441306 ], [ -107.71743154, 26.164741580000022 ], [ -107.73871603, 26.167239689999985 ], [ -107.73787311, 26.156947119999987 ], [ -107.74759715, 26.153793169999989 ], [ -107.75517215, 26.134512449999985 ], [ -107.78069046, 26.13693758 ], [ -107.78892391, 26.16861378000003 ], [ -107.82275477, 26.187629089999984 ], [ -107.83994963, 26.182938180000015 ], [ -107.85401851, 26.196519379999984 ], [ -107.85626457, 26.226035120000034 ], [ -108.01279702, 26.439048059999969 ], [ -107.96963911, 26.470167860000014 ], [ -107.9856226, 26.47209977 ], [ -107.95726531, 26.493743949999971 ], [ -107.96101675, 26.5269554 ], [ -107.98974483, 26.5480398 ], [ -107.99204592000001, 26.56228345 ], [ -108.01248402, 26.579643020000013 ], [ -108.01217489, 26.59139551 ], [ -108.03251363, 26.603182220000015 ], [ -108.03180954, 26.615924350000014 ], [ -108.05158235, 26.629835850000013 ], [ -108.07455838, 26.627993750000012 ], [ -108.08160345, 26.641993829999986 ], [ -108.03172358, 26.667981250000036 ], [ -108.01174663, 26.68948243 ], [ -108.00677938, 26.715487549999985 ], [ -108.01923097, 26.730666750000012 ], [ -108.00570074, 26.7610488 ], [ -108.01426423, 26.77315294 ], [ -108.03764905, 26.769780800000021 ], [ -108.02682085, 26.798466370000021 ], [ -108.09410725, 26.870463680000025 ], [ -108.144247350000015, 26.867649320000012 ], [ -108.14310155, 26.90788414 ], [ -108.15591326, 26.89521651 ], [ -108.1685584, 26.89507095 ], [ -108.17454863, 26.88146483 ], [ -108.18391557, 26.899738 ], [ -108.19008051, 26.89587214 ], [ -108.20739018, 26.906000079999984 ], [ -108.2027796, 26.890618710000023 ], [ -108.20971749, 26.885437650000028 ], [ -108.23023691, 26.905724580000012 ], [ -108.22502092, 26.922876949999971 ], [ -108.23501571, 26.958619850000012 ], [ -108.21837357, 26.964787 ], [ -108.21582783, 26.97768291 ], [ -108.19690725000001, 26.98112357 ], [ -108.18152402, 26.99410992 ], [ -108.1942744, 27.03195335 ], [ -108.2115662, 27.034448889999972 ], [ -108.22585405, 27.02722135 ], [ -108.24121869, 27.041846050000014 ], [ -108.250447599, 27.04103148999997 ], [ -108.28601014, 27.01247065 ], [ -108.28891423, 27.026579920000039 ], [ -108.30338766, 27.03662035 ], [ -108.31655805, 27.03448835 ], [ -108.32598137, 27.02049295 ], [ -108.32202602000001, 27.008936550000023 ], [ -108.333326220000018, 27.004596310000014 ], [ -108.35010994, 27.022554430000039 ], [ -108.40964045, 27.013404950000012 ], [ -108.4431016, 27.02949806 ], [ -108.45479106, 27.027035859999977 ], [ -108.46430897, 27.04009991 ], [ -108.471313230000021, 27.03049514 ], [ -108.47997402, 27.039587710000013 ], [ -108.49173488, 27.0313802 ], [ -108.48417188, 27.017438939999984 ], [ -108.50626043, 27.00307951 ], [ -108.50248612, 26.98735703000003 ], [ -108.55176343, 26.997145290000013 ], [ -108.57224742, 27.012655830000046 ], [ -108.56253528, 27.046018939999982 ], [ -108.60227605, 27.03694328 ], [ -108.60618897, 27.06358502 ], [ -108.59695618, 27.07689964999998 ], [ -108.61142671, 27.15414475 ], [ -108.64432015, 27.17881115 ], [ -108.653220550000015, 27.176054600000043 ], [ -108.64751891, 27.18670085 ], [ -108.66257808, 27.219542919999984 ], [ -108.65808851, 27.23165222 ], [ -108.66437549, 27.23939582999995 ], [ -108.625590630000019, 27.28924586 ], [ -108.59104512, 27.31808048 ], [ -108.6291252, 27.382920599999977 ], [ -108.63341769, 27.42813648 ], [ -108.6616484, 27.464744350000014 ], [ -108.65302291, 27.469031630000018 ], [ -108.65240535, 27.537032909999976 ], [ -108.65527706, 27.54379743 ], [ -108.71280771, 27.56624648 ], [ -108.72295809000002, 27.588147740000025 ], [ -108.73985238, 27.59995458 ], [ -108.75419938, 27.63673343 ], [ -108.74931378, 27.66473082 ], [ -108.77278677, 27.69650148 ], [ -108.76602478, 27.705833569999985 ], [ -108.78444694, 27.71490686 ], [ -108.78449463, 27.73046525 ], [ -108.79927569, 27.7230284 ], [ -108.80738435, 27.73799075 ], [ -108.81700366, 27.73216608 ], [ -108.83296378, 27.744349570000029 ], [ -108.89551565, 27.744807090000045 ], [ -108.92029422, 27.78397306 ], [ -108.91046414, 27.80913575 ], [ -108.88608172, 27.81367003 ], [ -108.86914022, 27.839286339999976 ], [ -108.91486798, 27.85400523 ], [ -108.92651103, 27.94059423 ], [ -108.95031378, 27.954039539999989 ], [ -108.9637054, 27.97252402 ], [ -108.99168494, 27.979980890000011 ], [ -109.03189962, 28.018288030000022 ], [ -109.04894792, 28.092650349999989 ], [ -109.0728942, 28.148572349999984 ], [ -109.06199011, 28.19920194 ], [ -109.07488617, 28.272609419999977 ], [ -109.05843618, 28.26726886 ], [ -109.0686964, 28.28613885 ], [ -109.05188326, 28.27642463 ], [ -109.04576474, 28.28116165 ], [ -109.04068195, 28.266990020000037 ], [ -109.022777, 28.277531940000017 ], [ -108.99744377, 28.25505454 ], [ -108.98830878, 28.26254071 ], [ -108.98705477, 28.27783268 ], [ -108.99554509, 28.28638697 ], [ -108.993974380000012, 28.297959660000018 ], [ -108.98291357, 28.287068659999989 ], [ -108.98355891, 28.27696471000003 ], [ -108.96726111, 28.26499975 ], [ -108.92881614, 28.259555909999985 ], [ -108.92201445, 28.25149178 ], [ -108.9126754, 28.26000124999997 ], [ -108.88066334, 28.26472643 ], [ -108.85608857, 28.251538289999981 ], [ -108.85138326, 28.259483 ], [ -108.84199691, 28.253257370000014 ], [ -108.83042295, 28.265049280000021 ], [ -108.79166318, 28.253617059999982 ], [ -108.79668451, 28.267163450000027 ], [ -108.750983880000021, 28.271569349999986 ], [ -108.68722511, 28.30346249 ], [ -108.66193388, 28.295475109999977 ], [ -108.65583229, 28.30180695 ], [ -108.64129314, 28.291608649999986 ], [ -108.63618094, 28.33522802 ], [ -108.61116729, 28.33525682 ], [ -108.60350743, 28.347561909999978 ], [ -108.550927851, 28.31805545 ], [ -108.51963772, 28.33476218 ], [ -108.521651, 28.365060630000013 ], [ -108.5013654, 28.355729260000022 ], [ -108.47970102, 28.369551060000013 ], [ -108.515541400000018, 28.42628432 ], [ -108.50414122, 28.45443928 ], [ -108.52038878, 28.459758820000026 ], [ -108.50479518, 28.49335728999996 ], [ -108.50767171, 28.50821591 ], [ -108.52328665, 28.50591035 ], [ -108.531286850000015, 28.556668579999982 ], [ -108.5613618, 28.591173509999987 ], [ -108.56439637, 28.612709650000021 ], [ -108.5801512, 28.632446339999987 ], [ -108.5837852, 28.740139380000031 ], [ -108.6207434, 28.750327509999977 ], [ -108.62523375, 28.75933654 ], [ -108.64329442, 28.76506755 ], [ -108.645556750000011, 28.79472709000002 ], [ -108.63632843, 28.79188277 ], [ -108.62381738, 28.806123 ], [ -108.62962509, 28.811722350000011 ], [ -108.65784955, 28.80922449 ], [ -108.681200520000019, 28.85477117 ], [ -108.67817623, 28.86327588 ], [ -108.709797720000012, 28.88951546 ], [ -108.69814537, 28.93626566 ], [ -108.72435312, 29.069897 ], [ -108.71310712, 29.07036734 ], [ -108.70943818, 29.08300332 ], [ -108.72747149, 29.0857612 ], [ -108.729589520000019, 29.096532689999975 ], [ -108.6985282, 29.127739569999989 ], [ -108.72885354, 29.17180114000001 ], [ -108.74529691, 29.162342739999985 ], [ -108.75386949, 29.20009806 ], [ -108.739829951000019, 29.200820319999984 ], [ -108.73540834, 29.21771269000001 ], [ -108.74282837, 29.225864350000037 ], [ -108.74124455, 29.240427 ], [ -108.76188763, 29.253883580000021 ], [ -108.73066709, 29.26340278 ], [ -108.730302400000014, 29.269093620000046 ], [ -108.68220857, 29.267429820000032 ], [ -108.66973292, 29.307416920000041 ], [ -108.71775386, 29.465953830000014 ], [ -108.69433192000001, 29.4671142 ], [ -108.689606461000011, 29.48400042 ], [ -108.64398632000001, 29.48883951 ], [ -108.62515538000001, 29.50103129 ], [ -108.64871266, 29.509101029999989 ], [ -108.66230914, 29.544481660000027 ], [ -108.638324200000014, 29.558318830000019 ], [ -108.65950508, 29.584040680000015 ], [ -108.64113712, 29.58888566 ], [ -108.64465715, 29.62754922 ], [ -108.654987920000011, 29.64943289 ], [ -108.61828003, 29.660525450000044 ], [ -108.65909895, 29.7161274 ], [ -108.59253438, 29.717645719999989 ], [ -108.59275131, 29.72839149 ], [ -108.54077557, 29.73622796999997 ], [ -108.53496428, 29.75136451 ], [ -108.54125877, 29.79613785 ], [ -108.6185596, 29.800466 ], [ -108.62944418, 29.806273850000018 ], [ -108.63571774, 29.82968448 ], [ -108.60719926, 29.84714006 ], [ -108.62169071, 29.878209489999985 ], [ -108.61486306, 29.895125260000018 ], [ -108.62870897, 29.9530344 ], [ -108.61549958, 29.96587243 ], [ -108.60692209, 30.028617919999988 ], [ -108.61822289, 30.089452540000032 ], [ -108.61165574, 30.10234943 ], [ -108.62021763, 30.298229720000013 ], [ -108.55054666, 30.26664218000003 ], [ -108.542199021, 30.283512170000012 ], [ -108.56577377, 30.308186379999988 ], [ -108.58000597, 30.33748211 ], [ -108.62205649, 30.34031817 ], [ -108.61983989, 30.374796379999978 ], [ -108.648652250000012, 30.416864720000014 ], [ -108.61355868, 30.43571638 ], [ -108.60384323, 30.465113 ], [ -108.664771880000018, 30.468151650000024 ], [ -108.65711651, 30.47031675 ], [ -108.66197291, 30.52194189 ], [ -108.67409, 30.53229149 ], [ -108.6777922, 30.557072720000019 ], [ -108.68739831, 30.554764769999988 ], [ -108.72743949, 30.58047691 ], [ -108.72666566, 30.59454808 ], [ -108.756541721, 30.59607572 ], [ -108.76201975, 30.587271970000028 ], [ -108.83064743, 30.601733020000033 ], [ -108.87646528, 30.624574319999986 ], [ -108.86692525, 30.689386630000012 ], [ -108.88691946, 30.719286540000031 ], [ -108.91896837, 30.73935366000002 ], [ -108.94830245, 30.736911279999973 ], [ -108.9354568, 30.77363126 ], [ -108.92984925, 30.861020920000016 ], [ -108.93924274, 30.907565169999987 ], [ -108.80239257, 30.904101 ], [ -108.80325546, 31.00482926 ], [ -108.68380745, 31.00597332 ], [ -108.68438668, 31.03373954 ], [ -108.75246602, 31.03384751 ], [ -108.72989914, 31.05215418000002 ], [ -108.76615652, 31.073628180000028 ], [ -108.769996859, 31.10247183 ], [ -108.84564006, 31.13557622 ], [ -108.83501235, 31.169334709999987 ], [ -108.80502466, 31.19295554 ], [ -108.848331969, 31.195107580000013 ], [ -108.86068718, 31.2189272 ], [ -108.90033231, 31.202452120000032 ], [ -108.9062908, 31.21334308999997 ], [ -108.87981248, 31.238785940000017 ], [ -108.81723143, 31.239005660000018 ], [ -108.75591614, 31.332419019999961 ], [ -108.20847317, 31.33336334 ], [ -108.20837346, 31.78375402 ] ] ] } },
{ "type": "Feature", "properties": { "cvegeo": "09", "cve_ent": "09", "nomgeo": "Ciudad de México", "nom_abrev": "CDMX" }, "geometry": { "type": "Polygon", "coordinates": [ [ [ -99.11124114, 19.561497770999988 ], [ -99.1305746, 19.53609129 ], [ -99.128004579, 19.524531121 ], [ -99.11440711, 19.511060820000012 ], [ -99.09739952, 19.51263125 ], [ -99.06386254, 19.498778711 ], [ -99.06799134000002, 19.48908322 ], [ -99.046459066, 19.442364562 ], [ -99.05813572, 19.400692150000019 ], [ -98.991939178, 19.36759871000001 ], [ -98.994556659, 19.35814132099998 ], [ -98.957902629, 19.323227620999987 ], [ -98.97653063, 19.253125380000011 ], [ -98.96598688, 19.249941 ], [ -98.96858651, 19.232217949999978 ], [ -98.94030282, 19.223239650000014 ], [ -98.94255322, 19.215614860000017 ], [ -98.96852792, 19.210571081 ], [ -98.96769389, 19.18974308 ], [ -98.952385650000011, 19.168637619999988 ], [ -98.967366400000017, 19.16443869 ], [ -98.95462631, 19.14952435 ], [ -98.96645594, 19.14387051 ], [ -98.95750748, 19.122383220000014 ], [ -98.96572148, 19.08586116999998 ], [ -98.978995402, 19.074455951000044 ], [ -99.028993682, 19.085368792000033 ], [ -99.043208864, 19.075755461 ], [ -99.059800232000015, 19.048236663000029 ], [ -99.135379018, 19.089296071 ], [ -99.22677778, 19.096060004000016 ], [ -99.278695219, 19.131701723 ], [ -99.31534335, 19.22919649 ], [ -99.34234097, 19.241122400000013 ], [ -99.33915989, 19.267697149999989 ], [ -99.3649242, 19.277769249999988 ], [ -99.34998526, 19.296837180000018 ], [ -99.35660785, 19.3066758 ], [ -99.33384208, 19.3305904 ], [ -99.317607630000012, 19.36572952 ], [ -99.30348343, 19.37783003 ], [ -99.29901978, 19.36751526 ], [ -99.293889370000016, 19.37014725 ], [ -99.25813005, 19.404763480999986 ], [ -99.222274429, 19.42702297 ], [ -99.229627479, 19.437374664000032 ], [ -99.21813295, 19.444111831 ], [ -99.21997278, 19.452880140000026 ], [ -99.20717365, 19.469568120000019 ], [ -99.22111506, 19.47506848 ], [ -99.20925754, 19.512409020000014 ], [ -99.15718111, 19.502848890000031 ], [ -99.17704574, 19.529328479999972 ], [ -99.156798120000019, 19.528090769999967 ], [ -99.15108489, 19.544845709999979 ], [ -99.1609, 19.54926088 ], [ -99.158095519, 19.55735134 ], [ -99.12370609, 19.592757280000029 ], [ -99.11124114, 19.561497770999988 ] ] ] } },
{ "type": "Feature", "properties": { "cvegeo": "10", "cve_ent": "10", "nomgeo": "Durango", "nom_abrev": "Dgo." }, "geometry": { "type": "Polygon", "coordinates": [ [ [ -106.04733909, 26.84487591 ], [ -105.93919351, 26.763215519999971 ], [ -105.92810702, 26.765931969999958 ], [ -105.90860609, 26.752837820000018 ], [ -105.89833697, 26.763853880000042 ], [ -105.89410174, 26.74100949 ], [ -105.87454225, 26.73857574 ], [ -105.86543746, 26.74737586000003 ], [ -105.81455289, 26.69096691 ], [ -105.77580868, 26.660933139999965 ], [ -105.79426129, 26.698767260000018 ], [ -105.74634185, 26.71386858 ], [ -105.73496358, 26.684819620000017 ], [ -105.72890797, 26.69789606 ], [ -105.704798769, 26.65290769000001 ], [ -105.68988005, 26.65718885 ], [ -105.670948, 26.635226460000037 ], [ -105.67488306, 26.61767031 ], [ -105.64553332, 26.616609970000038 ], [ -105.63720282, 26.60914188 ], [ -105.640892980000018, 26.6199962 ], [ -105.60101006, 26.61484889 ], [ -105.61948726, 26.683509449999988 ], [ -105.54900303, 26.54657858 ], [ -105.49608532000002, 26.542851880000022 ], [ -105.49562902, 26.52563108 ], [ -105.47151398, 26.508701680000016 ], [ -105.47014242, 26.52789805 ], [ -105.43860205, 26.52834475 ], [ -105.403427570000019, 26.51752466 ], [ -105.36862468, 26.53426945 ], [ -105.34270611, 26.50451551 ], [ -105.35452392, 26.49261718 ], [ -105.35276537, 26.478876479999979 ], [ -105.33875366, 26.47805018 ], [ -105.31675243, 26.46228678000001 ], [ -105.31548169, 26.47034791 ], [ -105.301926970000011, 26.472445680000025 ], [ -105.289933620000014, 26.48811112000001 ], [ -105.27908188, 26.487475369999974 ], [ -105.26468258, 26.46207275 ], [ -105.10154955, 26.52140552 ], [ -105.05663403, 26.41930054 ], [ -105.05257782, 26.429764579999979 ], [ -105.00038937, 26.454950830000012 ], [ -104.9631036, 26.449184349999978 ], [ -104.95623905, 26.462844679999989 ], [ -104.96959186, 26.465952290000036 ], [ -104.96321518, 26.473390920000014 ], [ -104.94437668, 26.468344689999984 ], [ -104.936729920000019, 26.48371158 ], [ -104.89890032, 26.510018310000024 ], [ -104.85658323, 26.50286885 ], [ -104.80927414, 26.50849742 ], [ -104.760956060000012, 26.485818719999976 ], [ -104.74784208, 26.4924472 ], [ -104.72703634, 26.477964920000016 ], [ -104.67729342, 26.429333080000021 ], [ -104.65407538, 26.39105302000003 ], [ -104.64531755, 26.39161228 ], [ -104.620088580000015, 26.36884265 ], [ -104.59385649, 26.38043965000001 ], [ -104.57445148, 26.34046828 ], [ -104.50097438, 26.41475743 ], [ -104.495401770000015, 26.43341895 ], [ -104.50282863, 26.46584592 ], [ -104.49589932, 26.466859309999979 ], [ -104.468555450000011, 26.520341450000014 ], [ -104.43477525, 26.604520539999989 ], [ -104.37542254, 26.64071649 ], [ -104.33038743, 26.65653292 ], [ -104.30679534, 26.707168170000013 ], [ -104.28654348, 26.725403 ], [ -104.29975972, 26.75194554 ], [ -104.3172796, 26.760736749999978 ], [ -104.30176194, 26.77194857 ], [ -104.305315480000019, 26.792891799999975 ], [ -104.31530657, 26.799069519999989 ], [ -104.28616149, 26.81520482 ], [ -104.29488806, 26.817751020000021 ], [ -104.27304242, 26.84227952 ], [ -104.22780885, 26.777153630000029 ], [ -104.18393589, 26.773572 ], [ -104.04573782, 26.74297654 ], [ -104.03319062, 26.77439149 ], [ -103.99499549, 26.77754026 ], [ -103.99383283, 26.75361042 ], [ -103.86129849, 26.75409457 ], [ -103.658255999, 26.719483950000033 ], [ -103.64389145, 26.690158490000023 ], [ -103.63698243, 26.693435770000018 ], [ -103.37418349, 26.60235489 ], [ -103.3167926, 26.361776181 ], [ -103.26082526, 26.284726820000017 ], [ -103.350488219, 26.142389950999966 ], [ -103.346360109, 25.860304381000017 ], [ -103.318587659, 25.812701289999989 ], [ -103.333705218, 25.738736109000019 ], [ -103.35283606, 25.716553090000033 ], [ -103.33943689, 25.70760482 ], [ -103.354990860000015, 25.699860029999972 ], [ -103.34921371, 25.693443940000041 ], [ -103.38304092, 25.655317400000015 ], [ -103.38142223, 25.640342340000014 ], [ -103.40600325, 25.645027150000022 ], [ -103.40327558, 25.628128290000028 ], [ -103.42477012, 25.623679920000018 ], [ -103.41602526, 25.614421600000014 ], [ -103.42685023, 25.612090030000012 ], [ -103.429624449, 25.59891669 ], [ -103.43840582, 25.59664328 ], [ -103.43536654, 25.58277754 ], [ -103.45099069, 25.578933689999982 ], [ -103.45465355, 25.557928719999957 ], [ -103.49441429, 25.5377318 ], [ -103.369062, 25.41646072 ], [ -103.34136772, 25.410142230000037 ], [ -103.336916200000019, 25.37123114 ], [ -103.35122842, 25.372977350000014 ], [ -103.36551943, 25.39315628 ], [ -103.40669917, 25.3989014 ], [ -103.46205937, 25.376310940000028 ], [ -103.46621663, 25.35234817 ], [ -103.48648332, 25.332861829999977 ], [ -103.47925015, 25.323924780000013 ], [ -103.49574289, 25.311109460000011 ], [ -103.49767043, 25.29514925 ], [ -103.50935169, 25.29146257 ], [ -103.51071005, 25.279126119999983 ], [ -103.49672011, 25.255748519999987 ], [ -103.47318437, 25.250107680000031 ], [ -103.45021374, 25.22861491 ], [ -103.438681570000014, 25.2019588 ], [ -103.42579595, 25.20153929 ], [ -103.40285778, 25.18234891 ], [ -103.39429042, 25.15773563 ], [ -103.35953931, 25.110028849999974 ], [ -103.34266238, 25.11032942 ], [ -103.33722594, 25.099126980000015 ], [ -103.26218034, 25.05854931 ], [ -103.27801522, 25.03461417 ], [ -103.26748934, 25.02804372 ], [ -103.27405397, 25.023359889999984 ], [ -103.27046954, 25.015659600000021 ], [ -103.24656308, 24.996026600000025 ], [ -103.24536378, 24.982462800000011 ], [ -103.25914589, 24.964658770000018 ], [ -103.08920338, 24.821225779999981 ], [ -103.05374472, 24.809943550000018 ], [ -103.033355250000014, 24.81084017000002 ], [ -103.00513802, 24.79321815 ], [ -102.9752154, 24.799463660000011 ], [ -102.97456758, 24.792808319999985 ], [ -102.9649182, 24.79400855000004 ], [ -102.94914475, 24.77970594 ], [ -102.92299094, 24.78021888 ], [ -102.92167491, 24.773089339999974 ], [ -102.89549318, 24.766026769999989 ], [ -102.88309814, 24.75043554 ], [ -102.85640278000001, 24.73977397 ], [ -102.85313072, 24.772000949999974 ], [ -102.66969398, 25.06663649 ], [ -102.65242209, 25.045229059999972 ], [ -102.64954537, 25.027955799999976 ], [ -102.62888483, 25.008321660000011 ], [ -102.64295555, 24.97864817 ], [ -102.672984450000015, 24.978818250000018 ], [ -102.67306157, 24.942752079999956 ], [ -102.56623578, 24.90222075 ], [ -102.56537289000002, 24.866355419999984 ], [ -102.51218231, 24.70972111 ], [ -102.47980697, 24.490448050000023 ], [ -102.48699622, 24.444228379999988 ], [ -102.47312688, 24.44521478 ], [ -102.48026728, 24.428013879999984 ], [ -102.52014631, 24.42393214 ], [ -102.53393142, 24.407722109999987 ], [ -102.60659277, 24.411168819999983 ], [ -102.61856431, 24.3963784 ], [ -102.6999044, 24.37397185 ], [ -102.75665432, 24.376983 ], [ -102.7888524, 24.40624848 ], [ -102.83173562, 24.384691910000015 ], [ -102.84590277, 24.398082580000025 ], [ -102.85389205, 24.424359150000022 ], [ -102.86501269, 24.430312080000022 ], [ -102.86062092, 24.434492350000017 ], [ -102.89189095, 24.46111812 ], [ -102.90010651, 24.42850048 ], [ -102.967440170000017, 24.457703630000019 ], [ -102.9835728, 24.43325715000001 ], [ -103.04315022, 24.46650086 ], [ -103.07508097, 24.422624580000026 ], [ -103.08751465, 24.436027050000025 ], [ -103.09852728, 24.401626600000046 ], [ -103.13170883, 24.424677 ], [ -103.15772582, 24.42784062999997 ], [ -103.16525892, 24.435198430000021 ], [ -103.17545686, 24.433261 ], [ -103.18195342, 24.41989658 ], [ -103.20209151, 24.42446914 ], [ -103.222833540000011, 24.41710277 ], [ -103.236635650000011, 24.4270566 ], [ -103.23397955, 24.43583823 ], [ -103.25353178, 24.447253799999981 ], [ -103.26451908, 24.434580919999977 ], [ -103.28264548, 24.42883703 ], [ -103.3102502, 24.43565785 ], [ -103.32392878, 24.426505629999987 ], [ -103.3862048, 24.42296472 ], [ -103.39405638, 24.432099289999954 ], [ -103.40981448, 24.42628189 ], [ -103.4193324, 24.43048809 ], [ -103.43023703, 24.408909149999989 ], [ -103.42514894, 24.387856369999984 ], [ -103.43052252, 24.360146229999962 ], [ -103.44834005, 24.332600459999988 ], [ -103.46269672, 24.32046858 ], [ -103.48406263, 24.318340940000013 ], [ -103.48500178, 24.30093049 ], [ -103.50454726, 24.295769319999977 ], [ -103.50675542, 24.287964049999974 ], [ -103.53124325, 24.293909 ], [ -103.56834994, 24.286371260000017 ], [ -103.55649278, 24.24200398 ], [ -103.56552309, 24.211406920000023 ], [ -103.55953635, 24.19378886000003 ], [ -103.60576554, 24.151154480000017 ], [ -103.622006680000013, 24.117464689999988 ], [ -103.635969540000019, 24.11029338 ], [ -103.66036155, 24.149326290000026 ], [ -103.799770339, 24.050564462 ], [ -103.810281519, 24.040091941000011 ], [ -103.813274119, 24.02197358199998 ], [ -103.843128849, 24.026967122 ], [ -103.847825979, 24.003236152000017 ], [ -103.872386579, 24.007021721999987 ], [ -103.850275779, 23.988837432 ], [ -103.838799289, 23.964824352000011 ], [ -103.833946569, 23.969642291999982 ], [ -103.818359829, 23.964908602000037 ], [ -103.830795949, 23.907798752 ], [ -103.853112349, 23.874615552 ], [ -103.849754309, 23.862565981999985 ], [ -103.832621519, 23.848930372 ], [ -103.83118637, 23.824661852 ], [ -103.816066979000013, 23.807650322000018 ], [ -103.820273289, 23.791879511999976 ], [ -103.835094949, 23.785089182 ], [ -103.862362339, 23.752638382 ], [ -103.841014619, 23.701242892000018 ], [ -103.851080539, 23.679599231 ], [ -103.785103509, 23.67656489099998 ], [ -103.79354178, 23.63085506200002 ], [ -103.811301939, 23.613648801999979 ], [ -103.849178509, 23.640081712000011 ], [ -103.877429019, 23.628969942 ], [ -103.873449019, 23.620467511999959 ], [ -103.88252238, 23.592270580000019 ], [ -103.89900683, 23.603971709999975 ], [ -103.90686731, 23.601870949999959 ], [ -103.89008692, 23.579827580000014 ], [ -103.91193357, 23.57608288 ], [ -103.91227715, 23.588122050000013 ], [ -103.9214686, 23.589175339999983 ], [ -103.91627066, 23.565725250000011 ], [ -103.92531342, 23.556982680000022 ], [ -104.06597709, 23.46349327999997 ], [ -104.0862676, 23.398627630000011 ], [ -104.1112146, 23.351205490000012 ], [ -104.12902262, 23.18221422 ], [ -104.1721324, 23.128407680000016 ], [ -104.17361446, 22.982444950000012 ], [ -104.16284705, 22.975302490000026 ], [ -104.16659289, 22.945220719999977 ], [ -104.15409569, 22.93783798 ], [ -104.15112208, 22.92213712 ], [ -104.13595535, 22.918116169999969 ], [ -104.13299402, 22.90495855000006 ], [ -104.11264435, 22.90511803 ], [ -104.11773917, 22.89770685 ], [ -104.10750489, 22.884796220000034 ], [ -104.10630403, 22.856887719999985 ], [ -104.11682768, 22.85095191000001 ], [ -104.10430788, 22.83360097 ], [ -104.1114848, 22.810310859999976 ], [ -104.09522718, 22.805838849999976 ], [ -104.10022418, 22.794825220000035 ], [ -104.08047523, 22.766616819999964 ], [ -104.09528525, 22.75924351000004 ], [ -104.10720303, 22.76860052 ], [ -104.11938149, 22.76225572 ], [ -104.13925775, 22.768420819999974 ], [ -104.18218085, 22.75826811 ], [ -104.199614350000019, 22.776477849999978 ], [ -104.22103871, 22.77942015 ], [ -104.23207465, 22.753103939999985 ], [ -104.2663444, 22.73653937000001 ], [ -104.26915235, 22.72086489 ], [ -104.2627078, 22.71764348 ], [ -104.27762983, 22.70240683 ], [ -104.27486308, 22.682019629999971 ], [ -104.28832674, 22.663525889999967 ], [ -104.28073197, 22.65338837 ], [ -104.28996588, 22.64560957 ], [ -104.26927494, 22.635821109999988 ], [ -104.28328789, 22.621703250000053 ], [ -104.26053471, 22.596167319999989 ], [ -104.26140748, 22.586202849999985 ], [ -104.27817274, 22.58307097 ], [ -104.28884962, 22.552965230000019 ], [ -104.30568929, 22.557888650000027 ], [ -104.31408866, 22.54072723 ], [ -104.325824170000018, 22.537396660000038 ], [ -104.30283132, 22.49201671 ], [ -104.29902542, 22.46170188 ], [ -104.31542711, 22.44815112 ], [ -104.32018806, 22.430094250000018 ], [ -104.33060262, 22.432229680000042 ], [ -104.33094448, 22.42419548999996 ], [ -104.34884292, 22.40971665 ], [ -104.37151222, 22.421658650000015 ], [ -104.49538985, 22.376324140000023 ], [ -104.48786037, 22.368905080000015 ], [ -104.49499028000001, 22.360532089999971 ], [ -104.48369022, 22.34943332000001 ], [ -104.50651325, 22.3451634 ], [ -104.51865866, 22.360603939999969 ], [ -104.53591085, 22.364802799999989 ], [ -104.55125297, 22.388866599999968 ], [ -104.55738337, 22.38575334999997 ], [ -104.56087914, 22.39477857 ], [ -104.58167108, 22.399945970000019 ], [ -104.60543835, 22.44545789 ], [ -104.6025606, 22.46050808 ], [ -104.65529172, 22.46215466 ], [ -104.65368017, 22.52424177 ], [ -104.66762197, 22.5625452 ], [ -104.70873708, 22.554624319999988 ], [ -104.71979678, 22.569045219999989 ], [ -104.73606749, 22.557949689999969 ], [ -104.75981217, 22.56871837 ], [ -104.7759342, 22.58512331 ], [ -104.77409432, 22.63254978 ], [ -104.78891886, 22.64797362 ], [ -104.804255950000012, 22.648743860000017 ], [ -104.80402069, 22.640341249999981 ], [ -104.81467751, 22.63424918 ], [ -104.84011643, 22.651138570000018 ], [ -104.85839706, 22.64832671000001 ], [ -104.86249312, 22.60707049 ], [ -104.96052517, 22.50531145 ], [ -104.98791254, 22.498726580000021 ], [ -105.00755274, 22.585671969999986 ], [ -105.07236894, 22.656499090000029 ], [ -105.06842251, 22.67841415 ], [ -105.05730269, 22.688094 ], [ -104.89272045, 22.737409250000024 ], [ -104.91563665, 22.74853797 ], [ -104.91337535, 22.790485969999981 ], [ -104.90557632, 22.799577520000014 ], [ -104.9183892, 22.81978075 ], [ -104.93422628, 22.82731089 ], [ -104.94050486, 22.816163280000016 ], [ -104.951720750000021, 22.82182974 ], [ -104.95896731, 22.813604599999987 ], [ -104.98840523, 22.836049320000011 ], [ -104.98779563, 22.888252019999989 ], [ -105.00506914, 22.90355206 ], [ -105.00005417, 22.908897170000028 ], [ -105.01003912, 22.922362739999979 ], [ -104.99689314, 22.9520016 ], [ -105.00834105, 22.96845869 ], [ -105.00313942, 22.976982680000013 ], [ -105.07601578, 22.959638829999985 ], [ -105.297699060000014, 22.954162110000013 ], [ -105.32356989, 22.941330170000015 ], [ -105.33414166, 22.95340892 ], [ -105.33084949, 22.963173179999988 ], [ -105.34304926, 22.96815929 ], [ -105.33370491, 22.99468209 ], [ -105.35385651, 23.0197848 ], [ -105.35079626, 23.035634459999983 ], [ -105.35877918, 23.046257569999973 ], [ -105.35047118, 23.060575339999989 ], [ -105.35794028, 23.063195310000015 ], [ -105.35831631, 23.073923369999985 ], [ -105.398251279, 23.088207030000017 ], [ -105.39879552, 23.102210949999961 ], [ -105.40853302, 23.10320046 ], [ -105.41589235, 23.11689734 ], [ -105.45531918, 23.117335659999988 ], [ -105.50197815, 23.128011629999985 ], [ -105.531216290000017, 23.118061320000017 ], [ -105.53707398, 23.10454108 ], [ -105.55430908, 23.09888665999998 ], [ -105.56934277, 23.11005751 ], [ -105.57537674, 23.10496689 ], [ -105.58424809, 23.11286031 ], [ -105.59764086, 23.10914962 ], [ -105.60695992, 23.121788680000027 ], [ -105.62396957, 23.12238809 ], [ -105.64399075, 23.141768080000027 ], [ -105.6458054, 23.15150152 ], [ -105.63687588, 23.155915969999985 ], [ -105.63303894, 23.173449 ], [ -105.64071791, 23.185451179999983 ], [ -105.62971252, 23.202294519999988 ], [ -105.63574406, 23.214747349999961 ], [ -105.630317350000013, 23.235581089999975 ], [ -105.64263571, 23.238958420000021 ], [ -105.6432084, 23.27647909 ], [ -105.66370826, 23.287420149999985 ], [ -105.67264622, 23.28163689 ], [ -105.68708411, 23.28752002 ], [ -105.69397229, 23.30131222 ], [ -105.68738015, 23.307143820000025 ], [ -105.69947063, 23.30771912 ], [ -105.69233118, 23.31097482 ], [ -105.70217915, 23.33265065 ], [ -105.69400474, 23.340569220000027 ], [ -105.7151564, 23.35021777 ], [ -105.71224506, 23.36428137 ], [ -105.73068966, 23.374897289999964 ], [ -105.71733189, 23.378594780000014 ], [ -105.72241872, 23.386035679999974 ], [ -105.71207955, 23.392550479999979 ], [ -105.700288750000013, 23.42017058 ], [ -105.72833091, 23.428984459999977 ], [ -105.72840323, 23.439588400000027 ], [ -105.73886463, 23.445205510000019 ], [ -105.72465722, 23.46080923 ], [ -105.72344478, 23.47484014 ], [ -105.76033858, 23.502959289999971 ], [ -105.75686734, 23.524897260000049 ], [ -105.76912351, 23.541939340000024 ], [ -105.76930223, 23.55646531 ], [ -105.80664678, 23.58887302 ], [ -105.81164389, 23.611028550000018 ], [ -105.845516020000019, 23.60325554 ], [ -105.84518582, 23.583694829999988 ], [ -105.85359602, 23.59728760000003 ], [ -105.88431791, 23.59039386 ], [ -105.892655378, 23.552645281 ], [ -105.908905367, 23.588269552999964 ], [ -105.926633749, 23.684135663000017 ], [ -105.906093347, 23.739398853000015 ], [ -105.923062908, 23.747753772999989 ], [ -105.92878492, 23.78658189 ], [ -105.9321746, 23.794696 ], [ -105.93933023, 23.791430229999971 ], [ -105.96126557, 23.84074215 ], [ -105.95366198, 23.90858457999996 ], [ -105.86724132, 23.875242980000014 ], [ -105.85758795, 23.899296149999984 ], [ -105.88155351, 23.932819619999979 ], [ -105.8999194, 23.943921290000027 ], [ -105.94541506, 23.94802569 ], [ -105.90846158, 23.983426629999986 ], [ -105.91213585, 23.99753386 ], [ -105.928870370000013, 23.999288310000018 ], [ -105.94234294, 24.014317920000043 ], [ -105.95981088, 24.01740335 ], [ -105.97950585, 24.041962369999968 ], [ -105.99871974, 24.04338314 ], [ -105.99671725, 24.05422223 ], [ -106.00788345, 24.07250663 ], [ -106.00070931, 24.076056150000017 ], [ -105.989724, 24.11439017 ], [ -106.00404637, 24.120532799999989 ], [ -106.00321077, 24.146841030000015 ], [ -106.02855726, 24.18033229000001 ], [ -106.04388357, 24.22085035 ], [ -106.06994835, 24.220200579999986 ], [ -106.07584323, 24.271389200000023 ], [ -106.15253962, 24.338770369999967 ], [ -106.1699752, 24.33365018 ], [ -106.19440566, 24.35178511 ], [ -106.26886942, 24.374755289999989 ], [ -106.33632982, 24.355695319999988 ], [ -106.34614528, 24.34493398 ], [ -106.35262369, 24.31646815 ], [ -106.36754466, 24.3019408 ], [ -106.46965466, 24.27785695 ], [ -106.5090966, 24.291139309999952 ], [ -106.51709355, 24.286984259999986 ], [ -106.58595862, 24.37900031 ], [ -106.58346566, 24.39026992 ], [ -106.60158831, 24.414565850000038 ], [ -106.56927602, 24.43702058 ], [ -106.5600158, 24.472710619999983 ], [ -106.59365274, 24.49505874 ], [ -106.60036172, 24.483210819999989 ], [ -106.60999494, 24.497851279999963 ], [ -106.63006708, 24.50650314 ], [ -106.622607, 24.52489668 ], [ -106.64546066, 24.52897946 ], [ -106.6836086, 24.59853048 ], [ -106.70594837, 24.66526166 ], [ -106.79301072, 24.743910340000031 ], [ -106.86585288, 24.822955339999975 ], [ -106.90294888, 24.82838785 ], [ -106.91927678, 24.81395312 ], [ -106.93066257, 24.820916679999989 ], [ -106.94648782, 24.839753170000023 ], [ -106.94396112, 24.85152737 ], [ -106.951418109, 24.85902372 ], [ -106.927080259, 24.86662438 ], [ -106.93450765, 24.880535850000033 ], [ -107.00057543, 24.928241020000012 ], [ -107.02105288, 24.909908279999982 ], [ -107.025146679, 24.92838051 ], [ -107.01834391, 24.933617370000029 ], [ -107.0604198, 25.00242743 ], [ -107.063571289, 25.025255349999973 ], [ -107.12989163, 25.053138800000013 ], [ -107.124918549, 25.186639830000011 ], [ -107.148774799, 25.224548139999978 ], [ -107.132021370000018, 25.2267118 ], [ -107.121057119, 25.243111220000031 ], [ -107.15720275, 25.261764979999956 ], [ -107.20781657, 25.331564229999987 ], [ -107.1715508, 25.326357880000028 ], [ -107.21013223, 25.417100510000026 ], [ -107.1848744, 25.436815800000012 ], [ -107.15869055, 25.441992140000039 ], [ -107.15111743, 25.476697890000011 ], [ -107.13929497, 25.48956486000003 ], [ -107.14768423, 25.50502722 ], [ -107.16629029, 25.502995319999989 ], [ -107.17811732, 25.51517637 ], [ -107.169506400000017, 25.5324678 ], [ -107.176880460000021, 25.540819629999987 ], [ -107.17387949, 25.55655257 ], [ -107.13874935, 25.560095089999987 ], [ -107.13826405, 25.552198430000015 ], [ -107.12456486, 25.550414380000024 ], [ -106.97329046, 25.62957043 ], [ -106.994324520000021, 25.6622326 ], [ -106.89378369, 25.644291350000035 ], [ -106.89922208, 25.643742050000011 ], [ -106.87375598, 25.57186483 ], [ -106.74479637, 25.585163380000012 ], [ -106.70254869, 25.581205749999956 ], [ -106.70575814, 25.59734974 ], [ -106.69884591, 25.58083942 ], [ -106.68196852, 25.579168450000019 ], [ -106.70796985, 25.60245126 ], [ -106.68024494, 25.58932309 ], [ -106.67141985, 25.567421650000014 ], [ -106.65282631, 25.558843620000026 ], [ -106.65559546, 25.575165830000014 ], [ -106.63084765, 25.58580012 ], [ -106.62925554, 25.60379163 ], [ -106.5918238, 25.647391720000016 ], [ -106.56966515, 25.657662910000031 ], [ -106.56552978, 25.666568309999967 ], [ -106.53644125, 25.67596348 ], [ -106.50883178, 25.70750802 ], [ -106.46361751, 25.729043680000036 ], [ -106.46404158, 25.74170966 ], [ -106.52655457, 25.71337977000001 ], [ -106.55596775, 25.691706629999985 ], [ -106.56012978, 25.91270677000001 ], [ -106.54730611, 25.952421750000013 ], [ -106.53371546, 25.94576152 ], [ -106.50147317, 25.95495575 ], [ -106.49166531, 25.96805348 ], [ -106.45581546, 25.972579200000023 ], [ -106.44471262, 26.005088219999987 ], [ -106.47040669, 26.005425750000011 ], [ -106.46745158, 26.018288370000015 ], [ -106.45339663, 26.027840690000023 ], [ -106.45409829, 26.04635703 ], [ -106.471229309, 26.060522920000011 ], [ -106.45440686000002, 26.09526042 ], [ -106.45864358, 26.11216069000001 ], [ -106.41561495, 26.139400290000033 ], [ -106.43277552, 26.20401342 ], [ -106.31225757, 26.3487544 ], [ -106.28704095, 26.33508157 ], [ -106.27545792, 26.367415459999982 ], [ -106.30217655, 26.36387632 ], [ -106.29759802, 26.396454800000015 ], [ -106.26437405, 26.40611592 ], [ -106.26522062, 26.42413971 ], [ -106.24203046, 26.46682385 ], [ -106.2508554, 26.478584969999968 ], [ -106.25388102, 26.50735555 ], [ -106.280666, 26.51175355 ], [ -106.26957143, 26.527169429999987 ], [ -106.28013545, 26.532067229999964 ], [ -106.24121712, 26.54498992 ], [ -106.23952714, 26.56243732 ], [ -106.23296108, 26.559560370000028 ], [ -106.23654006, 26.61216749 ], [ -106.22673486, 26.61495646 ], [ -106.21982609, 26.65635598 ], [ -106.20604223, 26.66894809 ], [ -106.20792268, 26.67806475 ], [ -106.19834671, 26.67600929 ], [ -106.19712848, 26.683779020000014 ], [ -106.19328614, 26.681876800000026 ], [ -106.18924783, 26.67463243 ], [ -106.18798948, 26.67447577 ], [ -106.189675, 26.69513932 ], [ -106.17266208, 26.7051668 ], [ -106.16013268, 26.702338449999985 ], [ -106.1474628, 26.70923774 ], [ -106.13301674, 26.6973326 ], [ -106.13067448, 26.702203380000025 ], [ -106.141444, 26.72078665 ], [ -106.17658083, 26.72772205 ], [ -106.17872946, 26.744436489999973 ], [ -106.17043394, 26.75012554000002 ], [ -106.17762645, 26.77233657999998 ], [ -106.1252624, 26.779410369999951 ], [ -106.10064266, 26.75933318 ], [ -106.06504842, 26.82763335000001 ], [ -106.04733909, 26.84487591 ] ] ] } },
{ "type": "Feature", "properties": { "cvegeo": "11", "cve_ent": "11", "nomgeo": "Guanajuato", "nom_abrev": "Gto." }, "geometry": { "type": "Polygon", "coordinates": [ [ [ -101.36145995, 21.83912078 ], [ -101.31948394, 21.83533445 ], [ -101.289685460000015, 21.812139779999967 ], [ -101.28152658, 21.821468149999983 ], [ -101.26231022, 21.823444320000021 ], [ -101.21715234, 21.81607703 ], [ -101.21979463, 21.80220038 ], [ -101.16126698, 21.757505920000014 ], [ -101.13613889, 21.753225910000012 ], [ -101.05924797, 21.76552074 ], [ -101.00517262, 21.75723114 ], [ -101.00230331, 21.75081694 ], [ -101.00002932, 21.75640723 ], [ -100.98197437, 21.75352735 ], [ -100.96555185, 21.734925570000016 ], [ -100.94350282, 21.732621629999983 ], [ -100.93805454, 21.720534550000014 ], [ -100.91257757, 21.71364874 ], [ -100.92127346, 21.70027357 ], [ -100.90839203, 21.69166498 ], [ -100.90718337, 21.681636799999989 ], [ -100.870112180000021, 21.67249352 ], [ -100.86514988, 21.687079600000025 ], [ -100.83432149, 21.664558780000018 ], [ -100.85767825, 21.61898658 ], [ -100.81656097, 21.602653399999973 ], [ -100.80949611, 21.592049829999986 ], [ -100.79230837, 21.594834170000034 ], [ -100.773295, 21.588121799999971 ], [ -100.77246762, 21.595451629999975 ], [ -100.761763180000017, 21.58493522 ], [ -100.7343438, 21.578726540000012 ], [ -100.717630230000012, 21.550231510000039 ], [ -100.68116792, 21.5475046 ], [ -100.657456080000017, 21.524717970000012 ], [ -100.63854157, 21.528293020000014 ], [ -100.63544732, 21.54319163000001 ], [ -100.61429931, 21.53313455 ], [ -100.62191022, 21.51898592 ], [ -100.614955, 21.50578917 ], [ -100.58198251, 21.52612028 ], [ -100.54685888, 21.532204910000011 ], [ -100.53395002, 21.542326829999983 ], [ -100.46108028, 21.545334849999989 ], [ -100.46484597, 21.55362154 ], [ -100.455381220000021, 21.55625645 ], [ -100.46070198, 21.571210019999981 ], [ -100.4856852, 21.595277029999977 ], [ -100.47049037, 21.60646546 ], [ -100.451349380000011, 21.66659894 ], [ -100.43504425, 21.682718459999979 ], [ -100.42305128, 21.67505698 ], [ -100.39999346, 21.674478600000015 ], [ -100.35136555, 21.691670849999955 ], [ -100.32207814, 21.682094169999971 ], [ -100.27213546, 21.68734697999998 ], [ -100.24631149, 21.664932599999972 ], [ -100.22227543, 21.66565152 ], [ -100.19283878, 21.646958340000019 ], [ -100.17963474, 21.650790490000013 ], [ -100.16714922, 21.63411822 ], [ -100.17144305, 21.601266339999988 ], [ -100.1471948, 21.618125310000014 ], [ -100.07584369, 21.557931680000014 ], [ -100.06227605, 21.52330548 ], [ -99.95682229, 21.52622708 ], [ -99.9651106, 21.505121380000013 ], [ -99.94570529, 21.49743169 ], [ -99.95934602, 21.483513739999985 ], [ -99.94233312, 21.449619819999974 ], [ -99.94316878, 21.461783770000025 ], [ -99.90517412, 21.448159149999974 ], [ -99.86700038, 21.47346238 ], [ -99.83492889, 21.478115950000021 ], [ -99.83918135, 21.462385630000025 ], [ -99.82529198, 21.46652163000002 ], [ -99.81707412, 21.46169082 ], [ -99.78798783, 21.47750618 ], [ -99.79103983, 21.490671890000016 ], [ -99.77608052, 21.494536909999972 ], [ -99.77549554, 21.374968600000017 ], [ -99.79452202, 21.357399420000014 ], [ -99.79213268, 21.343906599999986 ], [ -99.77756528, 21.343235430000032 ], [ -99.78779083, 21.329621720000013 ], [ -99.784003090000013, 21.32014957 ], [ -99.75789357, 21.29214037 ], [ -99.73416115, 21.30144392 ], [ -99.73725312, 21.31288497 ], [ -99.70756531, 21.314545829999989 ], [ -99.67130262, 21.301193750000017 ], [ -99.69907631, 21.266698399999985 ], [ -99.69870635, 21.240752090000047 ], [ -99.68785488, 21.225780259999979 ], [ -99.738483459, 21.23581777 ], [ -99.775833539, 21.207282319999983 ], [ -99.77696963, 21.195938510000015 ], [ -99.830426109, 21.15750717 ], [ -99.888250949, 21.16959502 ], [ -99.899347180000021, 21.183897289999983 ], [ -99.942645719, 21.194417830000017 ], [ -99.94536218, 21.20988537000002 ], [ -99.95471412, 21.205671820000013 ], [ -99.94786483, 21.212374940000018 ], [ -99.986368049, 21.218310030000033 ], [ -100.01108574, 21.189464339999976 ], [ -99.99641766, 21.182594909999988 ], [ -100.02754308, 21.100253020000046 ], [ -100.021877629, 21.10008445 ], [ -100.02641888, 21.07356232 ], [ -100.01976522, 21.05512952 ], [ -100.00665758, 21.04639446 ], [ -100.01106957, 21.02850463 ], [ -100.022563170000012, 21.014621199999976 ], [ -100.05448012, 21.027785080000029 ], [ -100.06894972000002, 21.0228134 ], [ -100.06074631, 21.005815779999981 ], [ -100.07376014, 20.991758340000018 ], [ -100.06985452, 20.9834934 ], [ -100.07804317, 20.97265748 ], [ -100.06880277, 20.95791202 ], [ -100.08073849, 20.94985751 ], [ -100.06417194, 20.936288600000012 ], [ -100.11782778, 20.922155120000017 ], [ -100.13531185, 20.93726383 ], [ -100.17837008, 20.938665080000025 ], [ -100.1815276, 20.930401659999973 ], [ -100.26362329, 20.97099885 ], [ -100.27206109, 20.963029460000016 ], [ -100.26179669, 20.95337308 ], [ -100.26554323, 20.92924738 ], [ -100.29920917, 20.931327750000026 ], [ -100.30537822, 20.923826830000021 ], [ -100.29839429, 20.91529172 ], [ -100.3335908, 20.89072848 ], [ -100.41339938, 20.887431880000019 ], [ -100.45395602, 20.900179380000022 ], [ -100.45317648, 20.92319905 ], [ -100.47223288, 20.928446060000013 ], [ -100.46995829, 20.907039349999987 ], [ -100.48536677, 20.90879972 ], [ -100.50902352, 20.870706710000036 ], [ -100.502048620000011, 20.852920459999979 ], [ -100.57758894, 20.816669749999949 ], [ -100.57336445, 20.803674170000033 ], [ -100.55832829, 20.80457115 ], [ -100.56407731, 20.774696880000043 ], [ -100.54812108, 20.74956088 ], [ -100.548914620000019, 20.73638342000001 ], [ -100.58441452, 20.728937350000013 ], [ -100.59653571, 20.717260920000012 ], [ -100.58128446000002, 20.69293263 ], [ -100.58360349, 20.67842426 ], [ -100.56193063, 20.67142778 ], [ -100.55112518, 20.633766049999981 ], [ -100.52953528, 20.638667260000023 ], [ -100.52148632, 20.624864289999984 ], [ -100.49617743, 20.616193740000011 ], [ -100.48209165, 20.57150831 ], [ -100.48500338, 20.55380422 ], [ -100.50476545, 20.5550334 ], [ -100.5085206, 20.52620926 ], [ -100.50111137, 20.51259574 ], [ -100.50975558, 20.506526850000014 ], [ -100.49735717, 20.50483042 ], [ -100.49238212, 20.49041554 ], [ -100.489498, 20.431394109999967 ], [ -100.47826992, 20.416286370000023 ], [ -100.47618106, 20.389610799999986 ], [ -100.40999518, 20.376006419999971 ], [ -100.39401649, 20.350231919999985 ], [ -100.39126252, 20.31309368 ], [ -100.34813042, 20.286579629999988 ], [ -100.32355837, 20.25193402 ], [ -100.35523671, 20.21901835 ], [ -100.35234251, 20.20046088 ], [ -100.34030845, 20.189736919999973 ], [ -100.35583669, 20.18238594 ], [ -100.37088694, 20.136185420000025 ], [ -100.39151168, 20.12103318 ], [ -100.38529154, 20.104505580000012 ], [ -100.39725668, 20.096952750000021 ], [ -100.38975111, 20.080822940000022 ], [ -100.35826368, 20.064916460000013 ], [ -100.35496966, 20.01011958000003 ], [ -100.36050505, 20.023960689999988 ], [ -100.37040326, 20.02126558 ], [ -100.36293112, 19.98986108 ], [ -100.44358388, 19.982285 ], [ -100.46582435, 19.987398029999984 ], [ -100.46245566, 19.97926829 ], [ -100.49818423, 19.9580432 ], [ -100.51168709, 19.95821609 ], [ -100.51994645, 19.91882005 ], [ -100.53600851, 19.9230066 ], [ -100.5267794, 19.965760450000033 ], [ -100.53182334, 19.976394490000011 ], [ -100.54063118000002, 19.974929290000027 ], [ -100.533934230000014, 19.969214820000015 ], [ -100.55071702, 19.957965970000018 ], [ -100.56548168, 19.966139319999986 ], [ -100.59307574, 19.958280370000022 ], [ -100.58759408, 19.971390339999985 ], [ -100.565698860000012, 19.9745312 ], [ -100.55678186, 19.98529837 ], [ -100.55789489, 19.99171555 ], [ -100.57671014, 19.99306078 ], [ -100.59560331, 19.991662020000021 ], [ -100.61757338, 19.95769255 ], [ -100.648869, 19.95800122 ], [ -100.66038134, 19.96454834 ], [ -100.68064849, 19.950463151 ], [ -100.718817351, 19.940519370000018 ], [ -100.748752781, 19.912750181000018 ], [ -100.778813619, 19.91514969 ], [ -100.792063939, 19.9555748 ], [ -100.824301449, 19.97832909 ], [ -100.83286912, 19.97239532 ], [ -100.83576183, 19.93459643 ], [ -100.854524, 19.93491414 ], [ -100.86028595, 19.948942969999983 ], [ -100.8826128, 19.94392626 ], [ -100.906011080000013, 19.961582680000014 ], [ -100.932581889, 19.953490851000041 ], [ -100.94753938, 19.96254523 ], [ -100.94787935, 19.93356306 ], [ -100.97054689, 19.929237680000021 ], [ -100.98079123, 19.95522108 ], [ -101.00227569, 19.952363249999976 ], [ -101.00465615, 19.96623388 ], [ -100.97670925, 19.98273845 ], [ -100.98270078, 20.002630650000022 ], [ -100.97277972000002, 20.00208895 ], [ -100.96764442, 20.01129348 ], [ -100.98785365, 20.02691786 ], [ -101.00808918, 20.028093179999978 ], [ -101.003566620000015, 20.037964 ], [ -101.01421075, 20.04034568 ], [ -100.99283392, 20.06490586000001 ], [ -101.017277940000014, 20.085695229999988 ], [ -101.04290109, 20.091954170000015 ], [ -101.11392208, 20.07723329 ], [ -101.13314708, 20.059984660000033 ], [ -101.15437109, 20.085029660000032 ], [ -101.17523717, 20.097116310000015 ], [ -101.17161977, 20.073451720000023 ], [ -101.17908465, 20.06243385 ], [ -101.19631846, 20.057188550000014 ], [ -101.16035151, 20.040200149999986 ], [ -101.18229477, 20.026861080000028 ], [ -101.20153182, 20.025738550000021 ], [ -101.20305551, 20.00722415 ], [ -101.220726320000011, 20.01143628 ], [ -101.23834597, 20.03211855 ], [ -101.25076555, 20.023264030000011 ], [ -101.25303054, 20.03549607999997 ], [ -101.28097218, 20.02754406 ], [ -101.296459520000013, 20.038644779999988 ], [ -101.33403925, 20.03152275 ], [ -101.37494654, 20.04042886000002 ], [ -101.3887358, 20.030397599999965 ], [ -101.40168028, 20.035009050000014 ], [ -101.40265782, 20.04643146 ], [ -101.39427778, 20.052911819999981 ], [ -101.39544668, 20.069959819999983 ], [ -101.38751315, 20.08296125 ], [ -101.40469589, 20.080195179999983 ], [ -101.40868905, 20.123133829999986 ], [ -101.39100772, 20.12712072 ], [ -101.389376, 20.13486377 ], [ -101.39237495, 20.14402892 ], [ -101.403603750000016, 20.142116489999989 ], [ -101.42249825, 20.163226319999975 ], [ -101.41989112, 20.20159058000003 ], [ -101.36319817, 20.195794420000016 ], [ -101.35261809, 20.2349322 ], [ -101.36051948, 20.24905574 ], [ -101.39532438, 20.24854934 ], [ -101.42056248, 20.275203919999974 ], [ -101.43548211, 20.277380829999981 ], [ -101.43685731, 20.26378532 ], [ -101.45593046, 20.267169680000048 ], [ -101.45717072, 20.28514209 ], [ -101.44498465, 20.28972543 ], [ -101.44972297, 20.298228920000028 ], [ -101.44019705, 20.30519282 ], [ -101.45669662, 20.304370479999978 ], [ -101.45094222, 20.319498320000022 ], [ -101.46392917, 20.32852322 ], [ -101.48022728, 20.33017448 ], [ -101.50106823, 20.311672539999979 ], [ -101.50288232, 20.324876600000014 ], [ -101.51417554, 20.31791177 ], [ -101.52415646, 20.321230829999983 ], [ -101.52293609, 20.332346950000016 ], [ -101.53781034, 20.324375250000028 ], [ -101.55326571, 20.3325158 ], [ -101.56578214, 20.315740949999981 ], [ -101.58309772, 20.32735982 ], [ -101.58924478, 20.309601821 ], [ -101.600932849, 20.310052741000021 ], [ -101.60107414, 20.298018541 ], [ -101.604685, 20.309424400000015 ], [ -101.62465428, 20.314580380000024 ], [ -101.63492083, 20.28896745 ], [ -101.62396914, 20.27610835 ], [ -101.625534, 20.266997690000018 ], [ -101.64252065, 20.26764638 ], [ -101.65092646, 20.253484020000016 ], [ -101.64625232, 20.238668050000012 ], [ -101.65457717, 20.243496460000046 ], [ -101.66330802, 20.237579979999978 ], [ -101.66847437, 20.213135139999981 ], [ -101.68691675, 20.21722105 ], [ -101.697934890000013, 20.189674369999977 ], [ -101.71062162, 20.20530598 ], [ -101.72594034, 20.205617970000016 ], [ -101.731199, 20.21480231000001 ], [ -101.74351492, 20.20391238 ], [ -101.75939177, 20.201731909999989 ], [ -101.78230885, 20.210751430000037 ], [ -101.78661568, 20.219318449999975 ], [ -101.82486072, 20.201837599999983 ], [ -101.81964611, 20.208665519999983 ], [ -101.83386618, 20.224790399999982 ], [ -101.87159811, 20.21098885000001 ], [ -101.88142863, 20.19999754 ], [ -101.879194450000014, 20.18918151 ], [ -101.888114, 20.18839334 ], [ -101.89302198, 20.20377723 ], [ -101.91789728, 20.195077319999964 ], [ -101.90793882, 20.21515295 ], [ -101.91778049, 20.2193314 ], [ -101.9306028, 20.20812126 ], [ -101.93234657, 20.225889080000027 ], [ -101.93987263, 20.227081750000018 ], [ -101.93217165, 20.24373791 ], [ -101.95118428, 20.27158257 ], [ -101.93686168, 20.28146108 ], [ -101.94714257, 20.286361579999973 ], [ -101.9345474, 20.297691461 ], [ -101.95991889, 20.305135940000014 ], [ -101.948957710000016, 20.3151074 ], [ -101.96347163, 20.31855742 ], [ -101.9473174, 20.330975940000027 ], [ -101.94529382, 20.342673149999982 ], [ -101.9623372, 20.34468946 ], [ -101.96899069, 20.36025975 ], [ -101.99639003, 20.35964322 ], [ -102.01370246, 20.35063208 ], [ -102.00490254, 20.333065770000033 ], [ -102.01379882, 20.327930319999968 ], [ -102.02523491, 20.3479816 ], [ -102.01006405, 20.381856318 ], [ -102.01359, 20.393897688 ], [ -102.02265091, 20.38088994 ], [ -102.065032629, 20.374921571000012 ], [ -102.09641168, 20.384257490000021 ], [ -102.08453323, 20.405009249999967 ], [ -102.07088262, 20.409019169999983 ], [ -102.07661583, 20.42815875 ], [ -102.04399457, 20.456592200000014 ], [ -102.04602729, 20.482614290000022 ], [ -102.028194690000021, 20.496541920000023 ], [ -102.01009242, 20.52605885 ], [ -102.01414163, 20.542596089999989 ], [ -101.98791289, 20.545279799999964 ], [ -101.98395472, 20.535009119999987 ], [ -101.97391842, 20.541788429999976 ], [ -101.9698976, 20.56881087999998 ], [ -101.96280165, 20.57024262 ], [ -101.96703097, 20.579344089999989 ], [ -101.95114368, 20.607426850000024 ], [ -101.95873957, 20.608791370000034 ], [ -101.957077580000018, 20.63264274 ], [ -101.97118786, 20.63760975 ], [ -101.96807966, 20.6636412 ], [ -101.98137692, 20.657529449999974 ], [ -101.98194455, 20.66332678 ], [ -102.01383749, 20.66444117 ], [ -102.01909038, 20.676184179999989 ], [ -102.014389370000018, 20.717063660000019 ], [ -102.03774026, 20.71739648 ], [ -102.03446088, 20.742139400000021 ], [ -102.06448731, 20.738749620000011 ], [ -102.06103965, 20.748516570000017 ], [ -102.07363332, 20.74875954 ], [ -102.06759263, 20.772247430000021 ], [ -102.09590838, 20.780050520000021 ], [ -102.08709189, 20.801460519999978 ], [ -102.07994508, 20.801787059999988 ], [ -102.07986705, 20.82906508 ], [ -102.07367789, 20.837924260000023 ], [ -102.03858502, 20.84735234 ], [ -102.02178054, 20.862160320000015 ], [ -102.01257982, 20.878343849999986 ], [ -102.01799411, 20.88328469 ], [ -101.98109691, 20.91480878 ], [ -101.97988182, 20.925047549999967 ], [ -101.96310031, 20.92251803 ], [ -101.95787657, 20.935200830000014 ], [ -101.93894975, 20.930614250000012 ], [ -101.93714437, 20.95580086 ], [ -101.92221332, 20.971938 ], [ -101.92470598, 20.98323668999997 ], [ -101.90874634, 20.998585059999989 ], [ -101.90662742, 21.02881754 ], [ -101.89660591, 21.047751139999974 ], [ -101.90133494, 21.05296305 ], [ -101.8945494, 21.051243719999977 ], [ -101.87494275, 21.070085369999983 ], [ -101.87500374, 21.092894349999984 ], [ -101.83748689, 21.096765430000023 ], [ -101.8176588, 21.10704569 ], [ -101.82026785, 21.118666399999981 ], [ -101.83084592, 21.119372540000011 ], [ -101.83344802, 21.137272970000026 ], [ -101.811826, 21.141236749999965 ], [ -101.81569777, 21.149527379999981 ], [ -101.80400915, 21.166348179999964 ], [ -101.7872714, 21.156382 ], [ -101.78110878, 21.16052789 ], [ -101.77120045, 21.234731280000013 ], [ -101.75458642, 21.24388854 ], [ -101.768197230000013, 21.257732279999971 ], [ -101.75940272, 21.26061334 ], [ -101.759716510000018, 21.267621740000024 ], [ -101.738535110000015, 21.269159599999984 ], [ -101.73578789, 21.277292230000011 ], [ -101.70937674, 21.280725649999972 ], [ -101.70200538, 21.275462879999981 ], [ -101.68667542, 21.29405985 ], [ -101.66285288, 21.28657991 ], [ -101.64317711, 21.299335690000017 ], [ -101.64284492, 21.35510609 ], [ -101.67948629, 21.389506369999971 ], [ -101.677582950000016, 21.39514237 ], [ -101.65851586, 21.4068002 ], [ -101.63094423, 21.40731307999997 ], [ -101.60025649, 21.42054134 ], [ -101.58913934, 21.41513148 ], [ -101.57041563, 21.418535749999982 ], [ -101.58042392, 21.42827969 ], [ -101.58187252, 21.447809419999981 ], [ -101.58995092, 21.445580889999984 ], [ -101.58904198, 21.46489997 ], [ -101.63243146, 21.51905417 ], [ -101.64026103, 21.513625679999969 ], [ -101.64116629, 21.52226674000001 ], [ -101.60725652, 21.56201174 ], [ -101.61231332, 21.582916890000039 ], [ -101.59526468, 21.610003769999974 ], [ -101.58602363, 21.607809629999963 ], [ -101.58018874, 21.62553134 ], [ -101.59608609, 21.637061910000014 ], [ -101.56913898, 21.692310260000031 ], [ -101.58404332, 21.70957449 ], [ -101.57085537, 21.70430772 ], [ -101.557653290000019, 21.73509866 ], [ -101.5796828, 21.736404599999982 ], [ -101.58569408, 21.778777119999983 ], [ -101.53883217, 21.77733488 ], [ -101.4738734, 21.827391020000036 ], [ -101.4640614, 21.82022503 ], [ -101.45507234, 21.829958539999975 ], [ -101.42266894, 21.82496294 ], [ -101.36145995, 21.83912078 ] ] ] } },
{ "type": "Feature", "properties": { "cvegeo": "12", "cve_ent": "12", "nomgeo": "Guerrero", "nom_abrev": "Gro." }, "geometry": { "type": "MultiPolygon", "coordinates": [ [ [ [ -99.918150372, 16.822706363 ], [ -99.9014177, 16.822744105000019 ], [ -99.905612344000019, 16.817549612 ], [ -99.918150372, 16.822706363 ] ] ], [ [ [ -101.659587913, 17.673288397000011 ], [ -101.654536624, 17.678815492 ], [ -101.652013047, 17.673831305000018 ], [ -101.659587913, 17.673288397000011 ] ] ], [ [ [ -100.61018114, 18.88711749 ], [ -100.58549378, 18.85876586000002 ], [ -100.54111203, 18.836729280000011 ], [ -100.538619890000021, 18.84411065 ], [ -100.49348271, 18.82391672 ], [ -100.48988195, 18.810378539999981 ], [ -100.49761486, 18.80596069000002 ], [ -100.49028505, 18.789303050000012 ], [ -100.481770220000016, 18.798651650000011 ], [ -100.45939165, 18.79689269 ], [ -100.45600435, 18.77787815 ], [ -100.430633750000013, 18.78324845 ], [ -100.427758219, 18.766618519999987 ], [ -100.41808522, 18.75951408000001 ], [ -100.43713043, 18.750555250000012 ], [ -100.45037355, 18.716048079999965 ], [ -100.44713332, 18.70157505 ], [ -100.4783372, 18.686864779999969 ], [ -100.48702769, 18.64035165 ], [ -100.47428932, 18.619216119999972 ], [ -100.44650903, 18.62246523000001 ], [ -100.42973331, 18.599273220000011 ], [ -100.43693697, 18.596474860000029 ], [ -100.4493616, 18.55656137 ], [ -100.42909695, 18.51004806 ], [ -100.39595369, 18.54052009 ], [ -100.37370129, 18.529113850000034 ], [ -100.362003179, 18.49684723 ], [ -100.38535698, 18.426524140000012 ], [ -100.35944132, 18.42346186 ], [ -100.34614129, 18.400314490000021 ], [ -100.303753169, 18.367017219999987 ], [ -100.29197828, 18.38160592 ], [ -100.270891519, 18.373732460999989 ], [ -100.25951991, 18.427432689999975 ], [ -100.236399649, 18.41677177 ], [ -100.23801432, 18.425218721 ], [ -100.217076089, 18.445923691 ], [ -100.20871123, 18.44915938000003 ], [ -100.20865577, 18.44122932 ], [ -100.20013965, 18.456694510000027 ], [ -100.18573625, 18.455107230000028 ], [ -100.18236814, 18.46812154 ], [ -100.17198383, 18.47151415 ], [ -100.17420298, 18.48168134 ], [ -100.165336, 18.47971363 ], [ -100.15877, 18.491819619999969 ], [ -100.145591510000017, 18.48802192 ], [ -100.13618334, 18.506124080000024 ], [ -100.13217455, 18.499963980000018 ], [ -100.12801218, 18.507803089999978 ], [ -100.11851554, 18.50596214 ], [ -100.12267729, 18.51649455 ], [ -100.08995114, 18.522160779999979 ], [ -100.06888634, 18.564440649999987 ], [ -100.07073151, 18.582816339999983 ], [ -100.08241383, 18.587949830000031 ], [ -100.07175498, 18.593691489999983 ], [ -100.06359594, 18.585503920000011 ], [ -100.02496363, 18.60686675 ], [ -99.99930085, 18.583578370000023 ], [ -100.00160337, 18.563930060000011 ], [ -99.98969491, 18.56970215 ], [ -99.96167226, 18.55297891 ], [ -99.94716185, 18.58794057 ], [ -99.90700145, 18.60182097 ], [ -99.88846285, 18.61866305 ], [ -99.8637414, 18.61786203 ], [ -99.84761808, 18.6054904 ], [ -99.84835952, 18.620258829999987 ], [ -99.83048055, 18.627569089999973 ], [ -99.81655875, 18.625003430000014 ], [ -99.812517520000014, 18.640857910000012 ], [ -99.79300475, 18.63065763000002 ], [ -99.78331555, 18.642366349999985 ], [ -99.78430558, 18.6623356 ], [ -99.77242275, 18.686197401 ], [ -99.75490034, 18.697387091 ], [ -99.75829577, 18.71127558 ], [ -99.73909765, 18.728279109999988 ], [ -99.737031399, 18.739832511 ], [ -99.704728649, 18.73493252 ], [ -99.67956405, 18.711333291 ], [ -99.67197238, 18.71350394 ], [ -99.709157889, 18.768838880999965 ], [ -99.69473546, 18.77677228 ], [ -99.69699351, 18.78633692 ], [ -99.66145586, 18.77130546 ], [ -99.63090775, 18.720552230000017 ], [ -99.62112075, 18.725932780000011 ], [ -99.622866060000021, 18.73983891 ], [ -99.58990892, 18.73930722 ], [ -99.57972025, 18.735178629999989 ], [ -99.58169086, 18.721747580000031 ], [ -99.56978155, 18.705510940000011 ], [ -99.53643492, 18.693751110000033 ], [ -99.49441415, 18.7205448 ], [ -99.45388632, 18.609902319999986 ], [ -99.44120146, 18.612574 ], [ -99.440495, 18.59746440000001 ], [ -99.41970445, 18.590336660000013 ], [ -99.42288218, 18.56206788000004 ], [ -99.407804430000013, 18.55606637 ], [ -99.39027118, 18.525682830000012 ], [ -99.36295192, 18.499026719999968 ], [ -99.35740426, 18.46766917 ], [ -99.34344566, 18.46712786 ], [ -99.35267526, 18.485980829999985 ], [ -99.32826428, 18.488831539999961 ], [ -99.32836782, 18.45954025 ], [ -99.24760734, 18.450999249999985 ], [ -99.24600706, 18.45643337 ], [ -99.20542163, 18.456588799999981 ], [ -99.20667403, 18.44743443 ], [ -99.17790537, 18.42474525 ], [ -99.18131508, 18.448417749999976 ], [ -99.15612757, 18.466348429999982 ], [ -99.14241122, 18.465285340000026 ], [ -99.14062335, 18.47497308999997 ], [ -99.13609829, 18.44918695 ], [ -99.12439525, 18.44123965 ], [ -99.12831486, 18.427308980000028 ], [ -99.11065777, 18.419074580000025 ], [ -99.10051832, 18.401189 ], [ -99.08954689, 18.399985719999986 ], [ -99.07853645, 18.38706597 ], [ -99.08125646, 18.373114710000028 ], [ -99.07283926, 18.377312460000013 ], [ -99.06605051, 18.36710522 ], [ -99.07596357, 18.34237922 ], [ -99.06611832, 18.333067339999978 ], [ -99.06991332, 18.324231769999983 ], [ -99.05177255, 18.28981525 ], [ -99.06936388, 18.283234679999985 ], [ -99.05322812, 18.264156370000023 ], [ -99.06382045, 18.262501539999981 ], [ -99.06370989, 18.25148303 ], [ -99.05577145, 18.250173970000034 ], [ -99.03170551, 18.27231452 ], [ -99.01690332, 18.266391419999984 ], [ -99.01932995, 18.24541105 ], [ -98.98904085, 18.24931774000002 ], [ -99.00006632, 18.190204910000016 ], [ -98.95721909, 18.188697510000033 ], [ -98.881876889, 18.166162091 ], [ -98.852369769, 18.117600941 ], [ -98.86981182, 18.057216659999963 ], [ -98.81299974, 18.064875350000019 ], [ -98.811297150000016, 18.050632719999964 ], [ -98.80033665, 18.05307782 ], [ -98.79707011, 18.062646480000026 ], [ -98.75913808, 18.044676019999983 ], [ -98.73509786, 18.04509512000001 ], [ -98.76709711, 18.01961117 ], [ -98.80125962, 18.022052430000034 ], [ -98.81493843, 18.00169671 ], [ -98.731827480000021, 17.982553020000019 ], [ -98.70884006, 17.9675406 ], [ -98.70594806, 17.955614449999985 ], [ -98.688102020000017, 17.96193817 ], [ -98.67295475, 17.943268709999977 ], [ -98.65053817, 17.93316105 ], [ -98.63297923, 17.94353235 ], [ -98.62205422, 17.941712349999968 ], [ -98.61048352, 17.958062800000022 ], [ -98.59321226, 17.96036222 ], [ -98.58552349, 17.974941030000018 ], [ -98.55539032, 17.97284011 ], [ -98.55394742, 17.978773140000015 ], [ -98.54377691, 17.97335338 ], [ -98.53843292, 17.983804200000012 ], [ -98.52962826, 17.97582252 ], [ -98.52672482, 17.99628885000001 ], [ -98.50049177, 17.99557894 ], [ -98.47638666, 17.98104362 ], [ -98.47146577, 17.99178465 ], [ -98.44814048, 17.990711090000019 ], [ -98.42509434, 17.976933540000012 ], [ -98.43273263, 17.97199889 ], [ -98.42416506, 17.938238349999988 ], [ -98.44499795, 17.92229706 ], [ -98.434438220000018, 17.90837231 ], [ -98.43551792, 17.891411370000014 ], [ -98.42422585, 17.89223777 ], [ -98.42495698, 17.83959451 ], [ -98.49634268, 17.768809450000017 ], [ -98.486699, 17.73373155 ], [ -98.48965563, 17.703438890000026 ], [ -98.48617251, 17.68099222 ], [ -98.47070455, 17.678095980000016 ], [ -98.46104474, 17.63035886 ], [ -98.45050465, 17.63334518 ], [ -98.43310792, 17.622995350000011 ], [ -98.41015194, 17.59976873999998 ], [ -98.37697158, 17.60534906000002 ], [ -98.36473111, 17.582620460000033 ], [ -98.35459312, 17.578976650000016 ], [ -98.35348085, 17.564860740000029 ], [ -98.34530492, 17.562587549999982 ], [ -98.34115968, 17.541917780000023 ], [ -98.32945183, 17.532980949999974 ], [ -98.33082729, 17.51176328 ], [ -98.32029762, 17.50688208 ], [ -98.31188428, 17.47749222 ], [ -98.32901351, 17.47872789 ], [ -98.33585075, 17.45630463 ], [ -98.30491478, 17.394303770000011 ], [ -98.28737318, 17.329011149999982 ], [ -98.30481052, 17.32751983 ], [ -98.32349522, 17.27594414999998 ], [ -98.28848332, 17.238220400000028 ], [ -98.27719212, 17.250076430000039 ], [ -98.24434242, 17.25146689 ], [ -98.20313623, 17.21628742 ], [ -98.20040005, 17.203811970000014 ], [ -98.20511723, 17.191024230000018 ], [ -98.21768114, 17.18686432 ], [ -98.22504598, 17.152279920000016 ], [ -98.22259954, 17.12214968 ], [ -98.15342389, 17.110402939999986 ], [ -98.15000878, 17.102431350000014 ], [ -98.11801074, 17.095515290000023 ], [ -98.08091397, 17.066581200000019 ], [ -98.0072764, 17.04013734 ], [ -98.03015774, 17.015757061000013 ], [ -98.057494399, 17.02377646 ], [ -98.11126131, 16.9588684 ], [ -98.07233389, 16.874249549999988 ], [ -98.10815703, 16.76095138 ], [ -98.12050374, 16.754729660000017 ], [ -98.13517783, 16.758393110000014 ], [ -98.13474598, 16.751505740999988 ], [ -98.12423671, 16.749640650999989 ], [ -98.138994, 16.723783801 ], [ -98.175210770000021, 16.718003571000029 ], [ -98.20027106, 16.697235090999964 ], [ -98.20551695, 16.69801623 ], [ -98.201544619, 16.712671821 ], [ -98.22134678, 16.70854794000001 ], [ -98.23353455, 16.71736632 ], [ -98.24344229, 16.696700080999964 ], [ -98.246311999, 16.67236675 ], [ -98.23306668, 16.670633401000028 ], [ -98.228458779, 16.639503710999982 ], [ -98.21420638, 16.618795400999986 ], [ -98.19377578, 16.621462691000012 ], [ -98.203364219, 16.587180420000013 ], [ -98.22926877, 16.58089103 ], [ -98.24150383, 16.567773880000018 ], [ -98.26942657, 16.558455480000013 ], [ -98.29282949, 16.55778058000001 ], [ -98.29170326, 16.570065520000014 ], [ -98.32997, 16.57274826 ], [ -98.34027983, 16.5581692 ], [ -98.3951394, 16.546836430000013 ], [ -98.38332397, 16.51265614 ], [ -98.38733294, 16.49778632 ], [ -98.36833166, 16.500851770000011 ], [ -98.36883835, 16.491178460000029 ], [ -98.35253228, 16.489431450000012 ], [ -98.35987792, 16.471705140000022 ], [ -98.34946505, 16.44558686 ], [ -98.39915783, 16.38051262 ], [ -98.45418094, 16.385793449999976 ], [ -98.45595483, 16.38042054 ], [ -98.47085537, 16.38115514 ], [ -98.48548312, 16.368804420000018 ], [ -98.53339845, 16.351582630000024 ], [ -98.55263245, 16.315952580000026 ], [ -98.570835404, 16.326978771000036 ], [ -98.565483996, 16.334462176 ], [ -98.57497795, 16.34907408 ], [ -98.697486876, 16.460426281 ], [ -98.77274775, 16.554754639 ], [ -98.806656259, 16.558095402 ], [ -98.841722552, 16.548447212 ], [ -98.85695492, 16.528249370000012 ], [ -98.90585763, 16.534426749999977 ], [ -99.07409228, 16.59189262 ], [ -99.33288588, 16.65844911 ], [ -99.460439718, 16.68217985699998 ], [ -99.549692349, 16.6888433 ], [ -99.608000915, 16.683139646000029 ], [ -99.663879232, 16.697889396 ], [ -99.756007798, 16.741230683 ], [ -99.816605532, 16.787399364999974 ], [ -99.828702711, 16.790209508999986 ], [ -99.83657086, 16.78280386 ], [ -99.85685452, 16.793517090000016 ], [ -99.852545472, 16.799292523 ], [ -99.83979663, 16.79398688 ], [ -99.836171664, 16.802348314 ], [ -99.84638237, 16.811028091 ], [ -99.85472405, 16.80580975 ], [ -99.87652171, 16.814546180999983 ], [ -99.86304952, 16.834790489999978 ], [ -99.851218739, 16.836982804999987 ], [ -99.86208851, 16.855132490000038 ], [ -99.88249752, 16.859666430000026 ], [ -99.898091585000017, 16.853880355 ], [ -99.910922437, 16.841860298999983 ], [ -99.89446492, 16.839504749999971 ], [ -99.89406058, 16.832790451000044 ], [ -99.915749649, 16.82775795 ], [ -99.922897449, 16.859517612 ], [ -99.932835659, 16.860367981 ], [ -99.94530658, 16.87934851000001 ], [ -99.958041709, 16.88406723000001 ], [ -99.959208690000011, 16.89296808 ], [ -99.989876449, 16.90926492 ], [ -100.12160549, 16.949030889999975 ], [ -100.578440681, 17.111638205 ], [ -100.675785179, 17.137593538 ], [ -100.824717811, 17.195351961000014 ], [ -101.013469685, 17.254031814 ], [ -101.037580763, 17.268539387999969 ], [ -101.061265918, 17.264763184 ], [ -101.06624375, 17.273248342000013 ], [ -101.05535114, 17.276239319999981 ], [ -101.050259687, 17.291571841 ], [ -101.056204804, 17.306953407 ], [ -101.120809012, 17.360235718999977 ], [ -101.174471155, 17.389123334000011 ], [ -101.179667957, 17.408948527000039 ], [ -101.206823269, 17.428733032000043 ], [ -101.289666584, 17.467024045 ], [ -101.443007724, 17.525754966 ], [ -101.457013757, 17.524966068 ], [ -101.46055911, 17.53667615 ], [ -101.44295252, 17.53623614 ], [ -101.44360315, 17.563898880000025 ], [ -101.494386762000019, 17.613422373 ], [ -101.516803188000011, 17.624095683 ], [ -101.552447514, 17.611317383000014 ], [ -101.5577346, 17.619956799999976 ], [ -101.54572887, 17.62529002599997 ], [ -101.55182048, 17.638571971 ], [ -101.572124009, 17.622337678 ], [ -101.577295486, 17.636497342 ], [ -101.595937902, 17.634745299999985 ], [ -101.606788006, 17.660796472000015 ], [ -101.631195696, 17.667006986 ], [ -101.653168829, 17.662473399 ], [ -101.64283856, 17.671614135 ], [ -101.64748928, 17.701155970000041 ], [ -101.667069215, 17.733750145 ], [ -101.747428165, 17.79281493600001 ], [ -101.74807178, 17.8081216 ], [ -101.771619336, 17.830651458999988 ], [ -101.76953535, 17.844026519999979 ], [ -101.78401243, 17.86472295 ], [ -101.81813124, 17.892447271 ], [ -101.865273121, 17.910678701 ], [ -101.87119268, 17.919873259999953 ], [ -101.936670434000021, 17.955365766 ], [ -102.032167618, 17.987560120999976 ], [ -102.098832408, 17.982955710000013 ], [ -102.13790655, 17.940189550000021 ], [ -102.13298928, 17.950835779999984 ], [ -102.13755174, 17.96968411 ], [ -102.18015955, 17.99890091 ], [ -102.18434532, 18.059487170000011 ], [ -102.17827506, 18.12292335 ], [ -102.16321052, 18.14477688 ], [ -102.16181818, 18.164148249999982 ], [ -102.15064103, 18.16988129 ], [ -102.14245517, 18.187055250000014 ], [ -102.05736846, 18.19515255 ], [ -102.03867717, 18.20819631 ], [ -102.01905528, 18.20211572 ], [ -101.97814883, 18.20730957 ], [ -101.97340885, 18.232307090000013 ], [ -101.92797262, 18.231610689999982 ], [ -101.9066474, 18.244807850000022 ], [ -101.90712262, 18.261184750000023 ], [ -101.89681948, 18.277115219999981 ], [ -101.88303877, 18.262423880000018 ], [ -101.86324931, 18.261655139999977 ], [ -101.88291574, 18.277437139999964 ], [ -101.862694680000018, 18.287228480000035 ], [ -101.87019782, 18.308322859999976 ], [ -101.85571614, 18.31427555 ], [ -101.8708012, 18.331767490000018 ], [ -101.86156695, 18.356467969999983 ], [ -101.87405402, 18.368346420000016 ], [ -101.87303372, 18.384297380000021 ], [ -101.88931614, 18.400473229999953 ], [ -101.87375883, 18.437485579999976 ], [ -101.86044205, 18.44618517 ], [ -101.88792518, 18.481495249999988 ], [ -101.88225983, 18.53422766 ], [ -101.84384443, 18.57439574 ], [ -101.77179418, 18.603721399999987 ], [ -101.71735718, 18.6120108 ], [ -101.701175850000013, 18.58789338 ], [ -101.63899314, 18.602534400000053 ], [ -101.62449978, 18.599153980000043 ], [ -101.605087080000018, 18.574595249999987 ], [ -101.58356334, 18.52099477 ], [ -101.50744406, 18.486797290000013 ], [ -101.468021920000012, 18.48693552 ], [ -101.45742089, 18.49735406 ], [ -101.44194723, 18.48899338 ], [ -101.43215494, 18.50167643 ], [ -101.41758063, 18.49754811 ], [ -101.40688495, 18.512512569999966 ], [ -101.39492228, 18.506126619999975 ], [ -101.37858997, 18.50984668 ], [ -101.3656042, 18.499882249999985 ], [ -101.3618772, 18.5202178 ], [ -101.29896008, 18.533126059999987 ], [ -101.28207717, 18.54473403 ], [ -101.270014660000015, 18.535158349999953 ], [ -101.2119006, 18.53641725 ], [ -101.19156694, 18.51782752 ], [ -101.1682136, 18.5210244 ], [ -101.1427864, 18.51053252 ], [ -101.13151185, 18.517493460000011 ], [ -101.12026862, 18.5092568 ], [ -101.08866086, 18.505907859999979 ], [ -101.0379678, 18.526206029999983 ], [ -101.01200328, 18.52754302000001 ], [ -101.00599212, 18.493651029999974 ], [ -100.97370738, 18.48196057 ], [ -100.960832540000013, 18.465025550000018 ], [ -100.96641783, 18.448521050000014 ], [ -100.95744338, 18.44443011000002 ], [ -100.94275314, 18.45507735 ], [ -100.92227452, 18.44456734 ], [ -100.91451602, 18.471750200000013 ], [ -100.89436837, 18.46313866 ], [ -100.87397543, 18.492008780000013 ], [ -100.8591712, 18.478387349999966 ], [ -100.83848075, 18.47306932 ], [ -100.79817758, 18.48054112 ], [ -100.77764326, 18.439543350000022 ], [ -100.7513584, 18.425771230000016 ], [ -100.73736932, 18.427301459999978 ], [ -100.72273026, 18.40044938 ], [ -100.70703845, 18.419 ], [ -100.69105122, 18.414153170000013 ], [ -100.68932348, 18.393939350000011 ], [ -100.67495485000002, 18.38362494 ], [ -100.676693719000014, 18.372559480000017 ], [ -100.64299965, 18.34615769 ], [ -100.639675180000012, 18.3639184 ], [ -100.626939, 18.375651510000012 ], [ -100.61060397, 18.377053819999958 ], [ -100.60966454, 18.38723988 ], [ -100.5961456, 18.39945294 ], [ -100.59957675, 18.405794620000034 ], [ -100.58822978, 18.412145150000033 ], [ -100.63149212, 18.43846965 ], [ -100.63724448, 18.45774917 ], [ -100.6479778, 18.457411599999972 ], [ -100.69779029, 18.49064115 ], [ -100.704613599, 18.483315311 ], [ -100.71504118, 18.486397020000016 ], [ -100.70697738, 18.48990094 ], [ -100.72267566, 18.51376798 ], [ -100.73198985, 18.520984830000039 ], [ -100.74422518, 18.518072969999988 ], [ -100.76489572, 18.56121134 ], [ -100.75121282, 18.64166672 ], [ -100.76010371, 18.64163055 ], [ -100.76128229, 18.67598895 ], [ -100.77028262, 18.69271023 ], [ -100.78426425, 18.68700286 ], [ -100.772935180000019, 18.732567710000019 ], [ -100.78178035, 18.74510508 ], [ -100.79691198, 18.74627017000001 ], [ -100.79015606, 18.761444920000013 ], [ -100.79896894, 18.78453578 ], [ -100.78251752, 18.80165351 ], [ -100.79177089, 18.834168479999974 ], [ -100.78211742, 18.85425772 ], [ -100.76667368, 18.865415150000011 ], [ -100.74840342, 18.86793257 ], [ -100.74620235, 18.85797935 ], [ -100.73683074, 18.86050985 ], [ -100.73636737, 18.851313690000016 ], [ -100.709985, 18.836432850000012 ], [ -100.71196777, 18.82590902 ], [ -100.70275557, 18.82375974 ], [ -100.70583817, 18.796406519999973 ], [ -100.69606854, 18.79412549 ], [ -100.68000363, 18.81722589 ], [ -100.66685378, 18.81937966 ], [ -100.67293297, 18.82480497 ], [ -100.66608186, 18.83425477 ], [ -100.64341352, 18.848876819999983 ], [ -100.64083675, 18.86590609000001 ], [ -100.62224717, 18.866835249999976 ], [ -100.61018114, 18.88711749 ] ] ] ] } },
{ "type": "Feature", "properties": { "cvegeo": "13", "cve_ent": "13", "nomgeo": "Hidalgo", "nom_abrev": "Hgo." }, "geometry": { "type": "Polygon", "coordinates": [ [ [ -98.48553528, 21.39837567999998 ], [ -98.4810914, 21.388400819999976 ], [ -98.46869709, 21.387032619999975 ], [ -98.46995977, 21.35753891 ], [ -98.463605680000015, 21.35015434 ], [ -98.47787817, 21.343761220000026 ], [ -98.48517775, 21.350149860000013 ], [ -98.49561751, 21.34042022 ], [ -98.49556692, 21.32996577 ], [ -98.54398172, 21.263901229999977 ], [ -98.51654337, 21.24426895 ], [ -98.49900978, 21.25223114 ], [ -98.46835974, 21.249651140000044 ], [ -98.46925783, 21.234163980000016 ], [ -98.48081488, 21.23067465 ], [ -98.47965663, 21.223888460000012 ], [ -98.45694788, 21.214833 ], [ -98.45289289, 21.21003195 ], [ -98.45962606, 21.20480175 ], [ -98.446673, 21.19962 ], [ -98.44676691, 21.17981315 ], [ -98.43010749, 21.17278774 ], [ -98.41643569, 21.15498189 ], [ -98.40454445, 21.15265189 ], [ -98.386807970000021, 21.162259140000014 ], [ -98.380219520000011, 21.15512474 ], [ -98.36624108, 21.16223506 ], [ -98.35075423, 21.15714268000001 ], [ -98.31585591, 21.186879620000031 ], [ -98.29790337, 21.17740249 ], [ -98.296150260000019, 21.187961539999989 ], [ -98.27913114, 21.19275255 ], [ -98.27857935, 21.17258472 ], [ -98.29535382, 21.155971850000011 ], [ -98.29451371, 21.147188550000017 ], [ -98.28217377, 21.136417380000022 ], [ -98.26250277, 21.140656579999963 ], [ -98.24911037, 21.12940332 ], [ -98.22735005, 21.150415939999988 ], [ -98.21682458, 21.15147235 ], [ -98.20505372, 21.138087909999989 ], [ -98.20741766, 21.12872605 ], [ -98.19515225, 21.1203632 ], [ -98.20198243, 21.106442940000022 ], [ -98.174861920000012, 21.106223890000027 ], [ -98.14741034, 21.076583370000012 ], [ -98.16115768, 21.01913063 ], [ -98.188271430000015, 21.03130815 ], [ -98.18899837, 21.018318770000018 ], [ -98.20206846, 21.011749220000031 ], [ -98.20061928, 20.99469632 ], [ -98.21500745, 20.989627310000021 ], [ -98.2169194, 20.973743019999983 ], [ -98.20953931, 20.967088579999984 ], [ -98.21611157, 20.952607919999988 ], [ -98.22857369, 20.95760885 ], [ -98.239354649, 20.92302642 ], [ -98.229822029, 20.91459443 ], [ -98.222704289, 20.918447979999982 ], [ -98.224862889, 20.90635725 ], [ -98.250966309, 20.89730469 ], [ -98.265503049, 20.86653623 ], [ -98.256222289, 20.85896928 ], [ -98.254642979, 20.8489522 ], [ -98.262322879, 20.846892539999985 ], [ -98.253765049, 20.82149171999998 ], [ -98.224705059, 20.818235229999988 ], [ -98.233652619, 20.79755557 ], [ -98.244886849, 20.802221599999967 ], [ -98.247749649000014, 20.789437 ], [ -98.254041549, 20.794102890000023 ], [ -98.26159517, 20.78596923 ], [ -98.292022939, 20.78550675000001 ], [ -98.298810059, 20.777839850000014 ], [ -98.304478709, 20.782733460000017 ], [ -98.298446429, 20.801429260000024 ], [ -98.302876909, 20.795900769999975 ], [ -98.307830349, 20.80191611 ], [ -98.315315979, 20.788746830000015 ], [ -98.328522319, 20.78409682 ], [ -98.344665259, 20.79748534 ], [ -98.314837849, 20.80981548 ], [ -98.316536049, 20.817770480000011 ], [ -98.328646479, 20.820501349999976 ], [ -98.327196079, 20.829438230000022 ], [ -98.352870459, 20.83600714000001 ], [ -98.34514554, 20.864852540000015 ], [ -98.35751018, 20.856790119999971 ], [ -98.37112595, 20.862314450000014 ], [ -98.37966078, 20.85186158 ], [ -98.402909060000013, 20.85838388 ], [ -98.41371722, 20.84863645 ], [ -98.43063858, 20.847672429999989 ], [ -98.45055357, 20.821471860000013 ], [ -98.44964145, 20.806088579999987 ], [ -98.46455731, 20.772529110000011 ], [ -98.44972888, 20.75134571 ], [ -98.50361051, 20.732226689999969 ], [ -98.50813865, 20.744189399999982 ], [ -98.51665391, 20.74288968 ], [ -98.51449332, 20.732322380000024 ], [ -98.50643806, 20.733119150000036 ], [ -98.5301598, 20.71809832 ], [ -98.5290726, 20.703993920000023 ], [ -98.55017975, 20.68939254 ], [ -98.53339735, 20.66271691 ], [ -98.525051340000019, 20.68183911 ], [ -98.46034183, 20.713312110000018 ], [ -98.43385742, 20.743163180000014 ], [ -98.42551051, 20.748929290000017 ], [ -98.42144782, 20.74427612 ], [ -98.42920125000002, 20.71641152 ], [ -98.44334989, 20.709880969999983 ], [ -98.44590365, 20.69433671 ], [ -98.44921637, 20.70089572 ], [ -98.4598834, 20.696203350000019 ], [ -98.46368595, 20.667241280000024 ], [ -98.49484672, 20.64434051 ], [ -98.48018046, 20.588998890000031 ], [ -98.51224802, 20.59422434999998 ], [ -98.52297865, 20.5818126 ], [ -98.52449234, 20.548362229999988 ], [ -98.53466517, 20.530658180000049 ], [ -98.55461409, 20.518705950000033 ], [ -98.55760623, 20.50936477 ], [ -98.59728569, 20.49577086 ], [ -98.54968914, 20.43535917 ], [ -98.55017917, 20.39570511000003 ], [ -98.5430648, 20.37556034 ], [ -98.54896666, 20.36028612 ], [ -98.51740108, 20.33685168 ], [ -98.46038915, 20.33144962 ], [ -98.41829414, 20.38004869 ], [ -98.38614878, 20.402712911000016 ], [ -98.35981997, 20.399809741000023 ], [ -98.32101362, 20.418013801 ], [ -98.3121386, 20.44976765100002 ], [ -98.28046357, 20.469377051 ], [ -98.25577374, 20.499940121 ], [ -98.2341028, 20.506195051 ], [ -98.228694050000016, 20.520834721000018 ], [ -98.21160089, 20.528699850000024 ], [ -98.18834483, 20.523219941000022 ], [ -98.15804302, 20.542561281000019 ], [ -98.15371825, 20.565220831000012 ], [ -98.14773643, 20.562661801 ], [ -98.13018798, 20.590931251 ], [ -98.1216428, 20.586094380999988 ], [ -98.11872358, 20.594129311000039 ], [ -98.12690597, 20.597267201000022 ], [ -98.11497675, 20.600103861 ], [ -98.11178648, 20.615936751000042 ], [ -98.10059182, 20.613877781000031 ], [ -98.09821414, 20.624369459999986 ], [ -98.08718085, 20.622876770000026 ], [ -98.07195811, 20.657720629999989 ], [ -98.07490282, 20.67654784999997 ], [ -98.06678289, 20.673869739999976 ], [ -98.03997942, 20.631932430000013 ], [ -98.02101, 20.62678 ], [ -98.0177098, 20.60170491 ], [ -98.02872817, 20.5897116 ], [ -98.00830565, 20.532689820000019 ], [ -98.01727162, 20.525992380000027 ], [ -97.98507112, 20.5174056 ], [ -97.99742609, 20.50609525 ], [ -97.988791, 20.4953852 ], [ -97.99337038, 20.48522135000005 ], [ -98.00886478, 20.482541 ], [ -98.01138482, 20.455772251000013 ], [ -98.07048426, 20.430273169999985 ], [ -98.07731791, 20.40311974999997 ], [ -98.10838854, 20.373958291000012 ], [ -98.11564638, 20.363107371000023 ], [ -98.11250378, 20.354295720000032 ], [ -98.126184, 20.346296349999982 ], [ -98.12683551, 20.33623102 ], [ -98.16325355, 20.3278486 ], [ -98.18130811, 20.33654308 ], [ -98.17907757, 20.29380837 ], [ -98.21594823, 20.291456582 ], [ -98.236476479, 20.304347482 ], [ -98.254029649, 20.301341881999981 ], [ -98.26603712, 20.273611090999978 ], [ -98.28444354, 20.262788850000046 ], [ -98.278924779, 20.225272891 ], [ -98.270546169, 20.215806281 ], [ -98.243812459, 20.217943220999977 ], [ -98.229138719, 20.236613221 ], [ -98.21296386, 20.234291061000018 ], [ -98.192395679, 20.258217751000021 ], [ -98.175924939, 20.254229540000019 ], [ -98.147726309000021, 20.226385401000027 ], [ -98.153922219, 20.208580681000011 ], [ -98.12795855, 20.185941370000023 ], [ -98.12972682, 20.161483111000013 ], [ -98.139582649, 20.150141621 ], [ -98.09787945, 20.145389661 ], [ -98.10846246, 20.120803401000018 ], [ -98.124607059, 20.124069891 ], [ -98.12827266, 20.107202650000016 ], [ -98.159704738, 20.092569970999985 ], [ -98.168146459, 20.057229711 ], [ -98.180902849, 20.046985539999987 ], [ -98.174996570000019, 20.02960058 ], [ -98.163961139, 20.02245782 ], [ -98.174263889, 19.997739401 ], [ -98.160427979, 19.978129571000043 ], [ -98.180697649, 19.959751571 ], [ -98.21594135, 19.968521140000014 ], [ -98.226746489, 19.95622217 ], [ -98.222081689, 19.946932060000012 ], [ -98.251603779, 19.948149771000026 ], [ -98.242192749, 19.94114946 ], [ -98.25626445, 19.929305019999987 ], [ -98.24530906, 19.923998081000022 ], [ -98.24807295, 19.91753072 ], [ -98.2678202, 19.91611392 ], [ -98.26935185, 19.895709140999969 ], [ -98.29093342, 19.88887705100003 ], [ -98.29107488, 19.875812401 ], [ -98.31500434, 19.855115601000033 ], [ -98.30529209, 19.845870520000023 ], [ -98.26714911, 19.843336 ], [ -98.26458218, 19.82299928999997 ], [ -98.25085805, 19.81275798 ], [ -98.25102748, 19.79506448 ], [ -98.23481545, 19.777045510000015 ], [ -98.21615555, 19.77841697 ], [ -98.22142425, 19.77357635 ], [ -98.1944842, 19.76558965 ], [ -98.1956988, 19.741619659999987 ], [ -98.21510934, 19.74131445 ], [ -98.23626309, 19.723333950000018 ], [ -98.259574768, 19.717209480999983 ], [ -98.28052155, 19.726321079999984 ], [ -98.2796724, 19.71688149 ], [ -98.29332172, 19.726229599999986 ], [ -98.3316672, 19.722319969999972 ], [ -98.33004674, 19.699037459999989 ], [ -98.32094918, 19.701010890000017 ], [ -98.32380314, 19.68529765000002 ], [ -98.38169685, 19.609361860000043 ], [ -98.412666539000014, 19.617499089999981 ], [ -98.441423649, 19.612580571 ], [ -98.49019543, 19.619953320000015 ], [ -98.491613849, 19.607367830000019 ], [ -98.5192388, 19.60239929 ], [ -98.53557578, 19.63441888 ], [ -98.55039968, 19.61857817 ], [ -98.55561046, 19.628102369999979 ], [ -98.56371951, 19.62714882 ], [ -98.5663578, 19.641119660000019 ], [ -98.57993998, 19.637416339999969 ], [ -98.60983608, 19.602014309999955 ], [ -98.63468663, 19.59775811 ], [ -98.64590929, 19.607530169999976 ], [ -98.66314562, 19.60475422 ], [ -98.67239572, 19.62514757000001 ], [ -98.67005482, 19.658676139999987 ], [ -98.66643598, 19.66226788 ], [ -98.64381414, 19.64883780000001 ], [ -98.61967057, 19.66116392 ], [ -98.63989709, 19.671083110000023 ], [ -98.6239154, 19.69640805 ], [ -98.63292434, 19.722235859999984 ], [ -98.61589903, 19.729482949999976 ], [ -98.60810171, 19.72507503 ], [ -98.59686666, 19.765839750000023 ], [ -98.61166368, 19.774128950000019 ], [ -98.61223371, 19.786368420000013 ], [ -98.62526105, 19.785182520000028 ], [ -98.62356192, 19.79388869 ], [ -98.63878785, 19.80076963 ], [ -98.63990311, 19.811964449999984 ], [ -98.660814860000016, 19.835031420000014 ], [ -98.674792180000011, 19.832396199999984 ], [ -98.67587542, 19.813184349999982 ], [ -98.69764125, 19.83211482 ], [ -98.67183974000001, 19.85365914 ], [ -98.67265892, 19.86283462 ], [ -98.68536755, 19.85054897 ], [ -98.69912665, 19.858419859999973 ], [ -98.71282066, 19.853801919999974 ], [ -98.73917285, 19.872559509999959 ], [ -98.78057412, 19.883540550000014 ], [ -98.79392682, 19.87208409 ], [ -98.789721540000016, 19.86188685 ], [ -98.79517248, 19.856414690000012 ], [ -98.84403368, 19.881988260000018 ], [ -98.84095155, 19.892308860000014 ], [ -98.85583002, 19.904280150000023 ], [ -98.86589594, 19.89258689 ], [ -98.88316208, 19.90152875 ], [ -98.89588994, 19.895707571 ], [ -98.89826971, 19.883605340999981 ], [ -98.90411752, 19.887579950000013 ], [ -98.9118248, 19.881017261 ], [ -98.91748098, 19.86923318 ], [ -98.90520322, 19.863543799999988 ], [ -98.908788779, 19.857124971 ], [ -98.902977939, 19.859305511 ], [ -98.90601609, 19.84512954 ], [ -98.9163232, 19.839332281 ], [ -98.927631519, 19.843392681 ], [ -98.950042399, 19.79964129 ], [ -99.008200719, 19.828402061 ], [ -99.00015171, 19.834179180999982 ], [ -99.02058115, 19.86768266 ], [ -98.966005969, 19.891656800999986 ], [ -98.953546939, 19.888539889999969 ], [ -98.9614464, 19.893640709999964 ], [ -98.9527226, 19.906714571 ], [ -98.956112429, 19.928183551 ], [ -98.98316475, 19.938612831 ], [ -98.98469075, 19.946318020000017 ], [ -98.999778509, 19.94182502 ], [ -98.995622819, 19.956891721 ], [ -98.98117572, 19.9547214 ], [ -98.96621946, 19.97399508 ], [ -98.94273049, 19.97907309 ], [ -98.946654649, 20.027475091 ], [ -98.96397657, 20.031237691 ], [ -98.95868769, 20.039565401 ], [ -98.98897789, 20.06826192100003 ], [ -99.00564429, 20.05320451 ], [ -99.010497539000013, 20.035479371 ], [ -99.0052668, 20.028944050999961 ], [ -99.02155471, 19.987005231000023 ], [ -99.00754749, 19.979163341000032 ], [ -99.004120109000013, 19.964952111 ], [ -99.02765582, 19.964558621000013 ], [ -99.034512969, 19.971771781 ], [ -99.02742291, 20.001648180999986 ], [ -99.03134289, 20.014853630999969 ], [ -99.04943031, 20.007697111 ], [ -99.047648149, 19.995160280000018 ], [ -99.058500779, 19.988404771000024 ], [ -99.05957574, 19.97399582 ], [ -99.06756048, 19.9849894 ], [ -99.063840859, 20.014194351 ], [ -99.078323949, 20.018299601 ], [ -99.085449969, 20.032487921000026 ], [ -99.15860312, 20.02718771000001 ], [ -99.16787278, 20.003512770000022 ], [ -99.18000149, 19.99808878000001 ], [ -99.17721734, 19.993138889999976 ], [ -99.190052649, 19.993963290999982 ], [ -99.189205720000018, 19.984819549999944 ], [ -99.196919059, 19.984826599999987 ], [ -99.21539443, 19.954614419999974 ], [ -99.22776105, 19.95106812 ], [ -99.218572541, 19.927241911000031 ], [ -99.21151906, 19.92428843 ], [ -99.20921565, 19.93243598 ], [ -99.20560277, 19.92750074 ], [ -99.22392522, 19.901998399999982 ], [ -99.217467089, 19.891423630000013 ], [ -99.22829969, 19.875046799999989 ], [ -99.241430339, 19.875262111 ], [ -99.247960819, 19.859785451000025 ], [ -99.269468719, 19.859555281000013 ], [ -99.278718920000017, 19.840409401000034 ], [ -99.29694378, 19.835222249999987 ], [ -99.31192295, 19.814162490999966 ], [ -99.30660052, 19.79769371 ], [ -99.325581739, 19.793095491000017 ], [ -99.33865391, 19.802028250000021 ], [ -99.34456045, 19.779454521000023 ], [ -99.37061022, 19.781844551000013 ], [ -99.383031909, 19.771415511 ], [ -99.38788358, 19.77791318 ], [ -99.38117186, 19.784054401 ], [ -99.390331019000016, 19.785733547 ], [ -99.377540429, 19.796453401000015 ], [ -99.38672211, 19.813032021 ], [ -99.373249909, 19.851541851000015 ], [ -99.39175175, 19.859917541000012 ], [ -99.414991769, 19.850526631 ], [ -99.4267814, 19.874997023 ], [ -99.43041452, 19.870879181 ], [ -99.445208289, 19.884321061 ], [ -99.4359332, 19.903129151000037 ], [ -99.463880569, 19.89259622099998 ], [ -99.48398148, 19.905176521000016 ], [ -99.473622569, 19.954443941000029 ], [ -99.477764939, 19.960566400999976 ], [ -99.450243599000018, 19.96424689100002 ], [ -99.4551446, 19.979724480999987 ], [ -99.444664659, 19.984753741 ], [ -99.43685292, 20.001299050999982 ], [ -99.45975871, 20.065457340999977 ], [ -99.48100857, 20.08219789 ], [ -99.48349686, 20.100969770999978 ], [ -99.518128199, 20.145666660000025 ], [ -99.501830849, 20.15328658 ], [ -99.512240249, 20.175100170000011 ], [ -99.5259266, 20.173295569999972 ], [ -99.53349445, 20.16205802 ], [ -99.548287548, 20.163131740000026 ], [ -99.550664629, 20.17139169 ], [ -99.57141683, 20.170217679999983 ], [ -99.57626355, 20.1620916 ], [ -99.59956088, 20.16967336999998 ], [ -99.6306024, 20.14569445000004 ], [ -99.64099046, 20.16422918 ], [ -99.655077229, 20.163089910000036 ], [ -99.659726618, 20.18082054000002 ], [ -99.66939737, 20.17929875 ], [ -99.67694891, 20.162470460000023 ], [ -99.68208235, 20.170588719999987 ], [ -99.71937185, 20.167137979999989 ], [ -99.79523814, 20.227741290000022 ], [ -99.788067951, 20.23003492500002 ], [ -99.79041831, 20.2379942 ], [ -99.8418896, 20.281881420000012 ], [ -99.85954143, 20.26462834 ], [ -99.828071179, 20.543007651 ], [ -99.804625079, 20.544758381000015 ], [ -99.77932882, 20.55930490999998 ], [ -99.73868326, 20.560520801 ], [ -99.72824337, 20.57510634 ], [ -99.711952080000017, 20.58126662 ], [ -99.69641295, 20.574445019999967 ], [ -99.65787037, 20.601799289999978 ], [ -99.63458375, 20.605654150000031 ], [ -99.61951128, 20.591406950000017 ], [ -99.60741426, 20.60640002 ], [ -99.59274206, 20.61083229 ], [ -99.58970811, 20.620400139999965 ], [ -99.57894945, 20.61883225 ], [ -99.57864855, 20.628495429999973 ], [ -99.5653444, 20.64039415 ], [ -99.53881272, 20.64366968000002 ], [ -99.52704129, 20.656626450000015 ], [ -99.50192266, 20.65896221999995 ], [ -99.500642079, 20.673042509999984 ], [ -99.511036599, 20.67838671 ], [ -99.505540319, 20.68470052000001 ], [ -99.534274849, 20.70597425 ], [ -99.548471289, 20.737197749999982 ], [ -99.503817, 20.76578731999998 ], [ -99.506452219, 20.77171698 ], [ -99.496306079, 20.782352599999982 ], [ -99.503768849, 20.79483294 ], [ -99.497253579, 20.790944630000027 ], [ -99.488706279, 20.799366660000022 ], [ -99.499727459, 20.804273370000043 ], [ -99.485289539, 20.81782755000004 ], [ -99.488731819, 20.83293289 ], [ -99.456539509, 20.8490188 ], [ -99.454432029, 20.85797557999997 ], [ -99.44606406, 20.85303106 ], [ -99.435226579, 20.899397 ], [ -99.412556859, 20.90542894 ], [ -99.415585509, 20.9249006 ], [ -99.40303523, 20.930198171000036 ], [ -99.40724057, 20.937103720000014 ], [ -99.39062602, 20.952274320000047 ], [ -99.38827885, 20.96619837 ], [ -99.396329119, 20.981086879999975 ], [ -99.38995452, 21.004138380000029 ], [ -99.384574829000016, 21.018088911000024 ], [ -99.368356779, 21.024765081 ], [ -99.36324591, 21.041728891000012 ], [ -99.37707902, 21.056615051000016 ], [ -99.367437459, 21.069479690000016 ], [ -99.37581483, 21.073367910999956 ], [ -99.3876732, 21.067827229999963 ], [ -99.398670179, 21.08900751000003 ], [ -99.397280739, 21.102070451000028 ], [ -99.34635966, 21.100876659999983 ], [ -99.34182843, 21.12365968 ], [ -99.30920565000001, 21.147299650000026 ], [ -99.28324746, 21.131802950000012 ], [ -99.27129205, 21.113069720000013 ], [ -99.24768132, 21.10126569 ], [ -99.23421611, 21.112803680000013 ], [ -99.21409649, 21.1067756 ], [ -99.2062254, 21.11868972 ], [ -99.18460091, 21.122261690000016 ], [ -99.17622089, 21.13784151 ], [ -99.15052198, 21.14775068 ], [ -99.13256489, 21.15303178 ], [ -99.12679492, 21.14670189000001 ], [ -99.11199791, 21.14834566 ], [ -99.1103974, 21.15661088 ], [ -99.09063112, 21.15309552 ], [ -99.07117978, 21.16602811000001 ], [ -99.076479310000011, 21.173463949999988 ], [ -99.06241209, 21.174308630000041 ], [ -99.05980105, 21.167512310000028 ], [ -99.07270743, 21.157965829999977 ], [ -99.06133169, 21.15420534 ], [ -99.04307985, 21.17867725 ], [ -99.05237049, 21.219515580000031 ], [ -99.073532109, 21.230425284999981 ], [ -99.06994049, 21.243058150000017 ], [ -99.05117674, 21.25342968 ], [ -99.05513849, 21.28253848000001 ], [ -99.04345338, 21.279433020000013 ], [ -99.00227937, 21.297957689999983 ], [ -98.97504331, 21.297003599999989 ], [ -98.96530148, 21.30694051 ], [ -98.95651355, 21.301804049999987 ], [ -98.94496075, 21.31133658 ], [ -98.94028331, 21.294602459999989 ], [ -98.93258014, 21.298294889999987 ], [ -98.929277, 21.29272945 ], [ -98.927940800000016, 21.268741951000024 ], [ -98.91772882, 21.255501080000013 ], [ -98.922873420000016, 21.24673109 ], [ -98.91781811, 21.239754550000011 ], [ -98.89989071, 21.238561460000017 ], [ -98.89888822, 21.231270141000021 ], [ -98.91508091, 21.225193771000011 ], [ -98.88512589, 21.196339860000013 ], [ -98.88265882, 21.17961088 ], [ -98.8573998, 21.189264221000041 ], [ -98.85209534, 21.176799290000012 ], [ -98.82494806, 21.16135017 ], [ -98.79395335, 21.160183629999988 ], [ -98.78987808, 21.178500939999989 ], [ -98.79859423, 21.17807978099998 ], [ -98.8081432, 21.19324491 ], [ -98.79735715, 21.19132032 ], [ -98.79797068, 21.18334342 ], [ -98.78080934, 21.185981820000038 ], [ -98.77292138, 21.171968771 ], [ -98.76408026, 21.179570681 ], [ -98.76730346, 21.184416660000014 ], [ -98.74652871, 21.184328291 ], [ -98.74131386, 21.192791799999988 ], [ -98.72766077, 21.179549421 ], [ -98.72033851, 21.187131 ], [ -98.70212077, 21.185118280000026 ], [ -98.70251846, 21.161885600000019 ], [ -98.69664051, 21.161460121 ], [ -98.69111786, 21.167051170000029 ], [ -98.6946484, 21.182196770000015 ], [ -98.68266006, 21.200637859999986 ], [ -98.65052163, 21.180932660999986 ], [ -98.60874205, 21.201408290000018 ], [ -98.59944871, 21.247731059999978 ], [ -98.608924910000013, 21.252704 ], [ -98.59997129, 21.261201909999972 ], [ -98.60393957, 21.276449349999979 ], [ -98.59524145, 21.28322957000001 ], [ -98.60467326, 21.301842029999975 ], [ -98.67072729, 21.324719649999977 ], [ -98.68108337, 21.34617849 ], [ -98.65275015, 21.34684418 ], [ -98.63855265, 21.367717110000022 ], [ -98.62715565, 21.35981474 ], [ -98.6234964, 21.364718449999973 ], [ -98.61901315, 21.35885703 ], [ -98.59693528, 21.35907352 ], [ -98.59005172, 21.372761720000046 ], [ -98.56771574, 21.37077354 ], [ -98.54956648000001, 21.38459843 ], [ -98.5114258, 21.36251314 ], [ -98.50737905, 21.36997098 ], [ -98.51575185, 21.37228965 ], [ -98.50708165, 21.38616103 ], [ -98.49460254, 21.387170250000011 ], [ -98.48553528, 21.39837567999998 ] ] ] } },
{ "type": "Feature", "properties": { "cvegeo": "14", "cve_ent": "14", "nomgeo": "Jalisco", "nom_abrev": "Jal." }, "geometry": { "type": "MultiPolygon", "coordinates": [ [ [ [ -104.814900564, 19.23129229 ], [ -104.813533402, 19.225903688999978 ], [ -104.816357912, 19.220899682 ], [ -104.814900564, 19.23129229 ] ] ], [ [ [ -104.814816715, 19.233096447999987 ], [ -104.812263311, 19.232142060000012 ], [ -104.813388978, 19.230927348000016 ], [ -104.814816715, 19.233096447999987 ] ] ], [ [ [ -104.876856592, 19.273725529000036 ], [ -104.876509797, 19.27236573 ], [ -104.877472125, 19.272750126000012 ], [ -104.876856592, 19.273725529000036 ] ] ], [ [ [ -104.959542957, 19.307091182999987 ], [ -104.960953854, 19.307690160000014 ], [ -104.960595395, 19.308125384 ], [ -104.959542957, 19.307091182999987 ] ] ], [ [ [ -104.955614967, 19.310576048 ], [ -104.955692628, 19.309434366000016 ], [ -104.956583442, 19.310339903999989 ], [ -104.955614967, 19.310576048 ] ] ], [ [ [ -104.951347223, 19.314962022 ], [ -104.951941839, 19.314626032000024 ], [ -104.951953275, 19.315266511 ], [ -104.951347223, 19.314962022 ] ] ], [ [ [ -105.036004877, 19.389027719999984 ], [ -105.03395052, 19.39026297399997 ], [ -105.03409361, 19.388974998999984 ], [ -105.036004877, 19.389027719999984 ] ] ], [ [ [ -105.036365363000016, 19.440104721 ], [ -105.034755956, 19.440472720000027 ], [ -105.035727479, 19.439609217 ], [ -105.036365363000016, 19.440104721 ] ] ], [ [ [ -105.06462765, 19.477104228 ], [ -105.06343695, 19.476322688999979 ], [ -105.066269196, 19.476351599000012 ], [ -105.06462765, 19.477104228 ] ] ], [ [ [ -105.068435122, 19.477775127 ], [ -105.064487825, 19.478977366 ], [ -105.063875835, 19.477848403 ], [ -105.066984823, 19.477142753000024 ], [ -105.068435122, 19.477775127 ] ] ], [ [ [ -105.086187018, 19.514452907999971 ], [ -105.084994671, 19.514618075 ], [ -105.085201623, 19.513820176999978 ], [ -105.086187018, 19.514452907999971 ] ] ], [ [ [ -105.086987114, 19.521502681 ], [ -105.085491724, 19.522495627 ], [ -105.085627236, 19.521095967999969 ], [ -105.086987114, 19.521502681 ] ] ], [ [ [ -105.09589024, 19.52598232199998 ], [ -105.090883261, 19.524641588 ], [ -105.091018032, 19.523295769 ], [ -105.09589024, 19.52598232199998 ] ] ], [ [ [ -105.094156056, 19.530427488 ], [ -105.093086964, 19.530201296 ], [ -105.094461865000014, 19.529163713999981 ], [ -105.094156056, 19.530427488 ] ] ], [ [ [ -105.089650868, 19.533217496 ], [ -105.087863008, 19.531629868 ], [ -105.089528482, 19.531838761000035 ], [ -105.089650868, 19.533217496 ] ] ], [ [ [ -105.089293351, 19.53400570099998 ], [ -105.087691413, 19.535741754999989 ], [ -105.087202548, 19.534332194 ], [ -105.089293351, 19.53400570099998 ] ] ], [ [ [ -105.091874637000018, 19.536040838000012 ], [ -105.09282126, 19.535260882999964 ], [ -105.092119312, 19.536387358 ], [ -105.091874637000018, 19.536040838000012 ] ] ], [ [ [ -105.095117890000012, 19.538779029000011 ], [ -105.09207519, 19.539292159000023 ], [ -105.093229647, 19.537931088 ], [ -105.095117890000012, 19.538779029000011 ] ] ], [ [ [ -105.115682332, 19.548783726 ], [ -105.113184129000018, 19.548325704 ], [ -105.116006298, 19.547299668999983 ], [ -105.115682332, 19.548783726 ] ] ], [ [ [ -105.111257459, 19.550502162 ], [ -105.108051933, 19.544530128000016 ], [ -105.113304862, 19.545429221 ], [ -105.111257459, 19.550502162 ] ] ], [ [ [ -105.107951117, 19.555726341999968 ], [ -105.106610729, 19.556348959000033 ], [ -105.106402202, 19.556093754999988 ], [ -105.107951117, 19.555726341999968 ] ] ], [ [ [ -105.113574919, 19.561519796 ], [ -105.111638641, 19.557339488999983 ], [ -105.117166097, 19.554968884000015 ], [ -105.113574919, 19.561519796 ] ] ], [ [ [ -105.130559281, 19.573671857 ], [ -105.13108223, 19.573269616999987 ], [ -105.130877968, 19.573935876 ], [ -105.130559281, 19.573671857 ] ] ], [ [ [ -105.134277034, 19.574024530999985 ], [ -105.132467625, 19.57366337800001 ], [ -105.13450645, 19.573647723000036 ], [ -105.134277034, 19.574024530999985 ] ] ], [ [ [ -105.135291549, 19.575190510999974 ], [ -105.135799702, 19.57377011900001 ], [ -105.136936668, 19.574360463000033 ], [ -105.135291549, 19.575190510999974 ] ] ], [ [ [ -105.1478054, 19.579030596999985 ], [ -105.146612010000013, 19.578784597999974 ], [ -105.147871206000019, 19.578651360999988 ], [ -105.1478054, 19.579030596999985 ] ] ], [ [ [ -105.146681662, 19.581046673999978 ], [ -105.146906235, 19.580364533 ], [ -105.147482883, 19.580682279 ], [ -105.146681662, 19.581046673999978 ] ] ], [ [ [ -105.291379971, 20.545505367 ], [ -105.293229453, 20.544424813 ], [ -105.293431374, 20.545192164 ], [ -105.291379971, 20.545505367 ] ] ], [ [ [ -104.02569052, 22.743278150000013 ], [ -103.90885451, 22.749975750000033 ], [ -103.89832763, 22.72827731 ], [ -103.87511418, 22.737157690000036 ], [ -103.83621311, 22.728007450000021 ], [ -103.82660974, 22.73494368999998 ], [ -103.81917232, 22.72833106 ], [ -103.77467362, 22.73386891 ], [ -103.76907414, 22.72039206000002 ], [ -103.75480617, 22.71954778 ], [ -103.75198622, 22.711645310000048 ], [ -103.75131115, 22.69504711 ], [ -103.76319765, 22.677018150000034 ], [ -103.75866851, 22.65842088 ], [ -103.76845997, 22.64332865 ], [ -103.76096183, 22.62561403 ], [ -103.77345075, 22.61149548 ], [ -103.81960014, 22.595579370000021 ], [ -103.86072057, 22.56761886 ], [ -103.85179798, 22.55362008 ], [ -103.86688268, 22.544696050000017 ], [ -103.87518638, 22.52157588 ], [ -103.86420608, 22.513463850000015 ], [ -103.863985320000012, 22.491443419999989 ], [ -103.87106988, 22.47247468 ], [ -103.88536857, 22.473525089999988 ], [ -103.87609835, 22.441183909999967 ], [ -103.8947, 22.438163859999971 ], [ -103.8731808, 22.424760780000025 ], [ -103.88062275, 22.41816252 ], [ -103.86597618, 22.41522723 ], [ -103.86692938, 22.40938063 ], [ -103.86931232, 22.401262419999977 ], [ -103.88619958, 22.40020323000002 ], [ -103.88345066, 22.390024059999963 ], [ -103.89872737, 22.37957662 ], [ -103.89574002, 22.364114749999985 ], [ -103.90786302, 22.362050479999976 ], [ -103.92612425, 22.33207282 ], [ -103.91014942, 22.28332785000001 ], [ -103.91787557, 22.261970449999978 ], [ -103.886138820000014, 22.22617668 ], [ -103.88509426, 22.196416079999985 ], [ -103.862936, 22.16688242999998 ], [ -103.84407555, 22.222065919999963 ], [ -103.84486835, 22.262551450000021 ], [ -103.82861982, 22.28661289 ], [ -103.84543423, 22.34275749 ], [ -103.81115172, 22.376745229999983 ], [ -103.81017642, 22.42728523 ], [ -103.78698274, 22.47776802 ], [ -103.78565966, 22.51045749 ], [ -103.76910209, 22.55578915 ], [ -103.75924138, 22.551665429999989 ], [ -103.74450269, 22.558498570000015 ], [ -103.73845166, 22.571964 ], [ -103.72655502, 22.57414663 ], [ -103.68178952, 22.554800090000025 ], [ -103.67258583, 22.56112922 ], [ -103.66101051, 22.54714438 ], [ -103.65156505, 22.55647822 ], [ -103.62238238, 22.56357418 ], [ -103.60275868, 22.55679154 ], [ -103.59933478, 22.5263746 ], [ -103.58373417, 22.521966 ], [ -103.59460129, 22.50544726 ], [ -103.579334090000017, 22.496196380000015 ], [ -103.58060057, 22.47739811 ], [ -103.57082586, 22.46917165 ], [ -103.57252855, 22.43754077 ], [ -103.55919371, 22.42842755 ], [ -103.57842455, 22.41049842 ], [ -103.59401974, 22.40721494 ], [ -103.59756303, 22.374530279999956 ], [ -103.60284429, 22.360903749999981 ], [ -103.61068718, 22.35984182 ], [ -103.60480235, 22.34014231 ], [ -103.642111480000011, 22.34087335 ], [ -103.64474826, 22.314973880000021 ], [ -103.63778809, 22.29523311000003 ], [ -103.59490325, 22.27307835 ], [ -103.6308964, 22.238917969999985 ], [ -103.65775989, 22.18384334 ], [ -103.65447365, 22.171936219999981 ], [ -103.69029298, 22.13009328 ], [ -103.677371080000015, 22.11870629 ], [ -103.68384732, 22.109205230000029 ], [ -103.64795374, 22.10049615 ], [ -103.628527, 22.10632546 ], [ -103.62039771, 22.09848614 ], [ -103.60470457, 22.097941579999986 ], [ -103.59404342, 22.111646720000014 ], [ -103.58111989, 22.10487074 ], [ -103.57995034, 22.126827120000019 ], [ -103.56014086, 22.13658566 ], [ -103.55021568, 22.13567918 ], [ -103.54273657, 22.120612119999979 ], [ -103.51455097, 22.129108570000039 ], [ -103.51589708, 22.109916200000033 ], [ -103.5015642, 22.105564019999985 ], [ -103.49559911, 22.1105124 ], [ -103.48613411, 22.106529889999969 ], [ -103.47930395, 22.114794 ], [ -103.47318091, 22.105531970000019 ], [ -103.45918286, 22.10587998 ], [ -103.45493577, 22.115308619999986 ], [ -103.43949966, 22.117639199999989 ], [ -103.43828926, 22.12885102999995 ], [ -103.4259338, 22.139424650000024 ], [ -103.42917625, 22.16218451000001 ], [ -103.41968574, 22.177482850000015 ], [ -103.43412468, 22.19076054 ], [ -103.41723122, 22.190476090000022 ], [ -103.40895963, 22.21536491 ], [ -103.38565692, 22.212528599999949 ], [ -103.38302631, 22.22701342 ], [ -103.33769678, 22.24516368 ], [ -103.31193417, 22.233256979999972 ], [ -103.29510443, 22.25328528 ], [ -103.31393822, 22.258710749999974 ], [ -103.305316320000017, 22.265659 ], [ -103.30783883, 22.281714340000022 ], [ -103.29779034, 22.298337260000029 ], [ -103.30688274, 22.30628306 ], [ -103.32770582, 22.30736037 ], [ -103.33837632, 22.28751283 ], [ -103.35568811, 22.279799249999982 ], [ -103.35009274, 22.307456550000012 ], [ -103.36375648, 22.314483170000017 ], [ -103.342955280000012, 22.33512237 ], [ -103.3625532, 22.336354 ], [ -103.36668298, 22.351039020000027 ], [ -103.36471668, 22.369535630000023 ], [ -103.35314, 22.36938746 ], [ -103.33963831, 22.385496020000019 ], [ -103.32928683, 22.384536860000026 ], [ -103.31458463, 22.404908220000017 ], [ -103.30917589, 22.3920082 ], [ -103.30050158, 22.39299012 ], [ -103.28523072, 22.414244150000016 ], [ -103.26024569, 22.4118584 ], [ -103.25218625, 22.398945350000023 ], [ -103.23212057, 22.39339386 ], [ -103.21341274, 22.410073249999975 ], [ -103.2039266, 22.40406951 ], [ -103.198770880000012, 22.380601229999989 ], [ -103.18936258, 22.390245539999988 ], [ -103.16857769, 22.3850128 ], [ -103.17404822, 22.37775985 ], [ -103.16642498, 22.37058989 ], [ -103.16858992, 22.354615659999986 ], [ -103.19408542, 22.33198106 ], [ -103.2082326, 22.3330812 ], [ -103.22062195, 22.28046617 ], [ -103.20191645, 22.280304420000036 ], [ -103.190573820000012, 22.298527019999966 ], [ -103.10098772, 22.29397486 ], [ -103.08295988, 22.277082740000029 ], [ -103.078273830000015, 22.257097660000039 ], [ -103.05545518, 22.247256320000016 ], [ -103.06206929, 22.22826798 ], [ -103.05232631, 22.220652259999977 ], [ -103.05477017, 22.213826860000026 ], [ -103.07193038, 22.211968829999986 ], [ -103.07104343, 22.20354314 ], [ -103.088199620000012, 22.204383980000028 ], [ -103.10605877, 22.191356029999987 ], [ -103.10144537, 22.17862095 ], [ -103.10869415, 22.153423279999984 ], [ -103.10254338, 22.15360297 ], [ -103.10879838, 22.14434091 ], [ -103.0787508, 22.13705255 ], [ -103.07702474, 22.12550442000002 ], [ -103.10170034, 22.101798 ], [ -103.12558532, 22.10479148 ], [ -103.13509315, 22.09046234 ], [ -103.15278375, 22.08762205 ], [ -103.15428532, 22.072236820000022 ], [ -103.107908620000018, 22.06339578 ], [ -103.11148645, 22.01426131 ], [ -103.16565749, 21.99681462 ], [ -103.20166177, 21.998568120000016 ], [ -103.19181226, 21.974449800000031 ], [ -103.20556792, 21.96519438 ], [ -103.23997132, 21.976722310000024 ], [ -103.24681758, 21.97594711 ], [ -103.24475012, 21.966603230000015 ], [ -103.26471535, 21.971844979999965 ], [ -103.27856102, 21.989650150000017 ], [ -103.34135088, 21.94040314 ], [ -103.34408, 21.913471950000027 ], [ -103.37479763, 21.91368352 ], [ -103.39433888, 21.896694570000026 ], [ -103.41387009, 21.9054554 ], [ -103.45132805, 21.853920120000012 ], [ -103.45535731, 21.83279591 ], [ -103.46672989, 21.839961750000011 ], [ -103.47235654, 21.83600388 ], [ -103.47052997, 21.813540260000011 ], [ -103.48250755, 21.813264449999981 ], [ -103.50281745, 21.83307471 ], [ -103.53142529, 21.817838569999967 ], [ -103.52605765, 21.805065250000013 ], [ -103.57262726, 21.803489829999975 ], [ -103.56076289, 21.78028394 ], [ -103.54325815, 21.7711224 ], [ -103.52789017, 21.77232848 ], [ -103.50847355, 21.73973505 ], [ -103.50984392, 21.713005879999979 ], [ -103.51785265, 21.711469180000012 ], [ -103.52671002, 21.675563319999988 ], [ -103.54079634, 21.66529314 ], [ -103.55549174, 21.634083509999979 ], [ -103.54522218, 21.587638909999985 ], [ -103.55889183, 21.576404089999976 ], [ -103.59049657, 21.58979468 ], [ -103.59291832, 21.559225920000017 ], [ -103.61900469, 21.556863680000035 ], [ -103.6297938, 21.57335065000003 ], [ -103.644878280000015, 21.57645418 ], [ -103.66003689, 21.56478938 ], [ -103.65831645, 21.55590654 ], [ -103.68320366, 21.5577188 ], [ -103.68978888, 21.552353149999981 ], [ -103.68628545, 21.53505463 ], [ -103.694487, 21.52888688 ], [ -103.67257825, 21.505454740000019 ], [ -103.691779, 21.495602880000018 ], [ -103.70146472, 21.46626591 ], [ -103.65874325, 21.46369766 ], [ -103.66469635, 21.454873259999989 ], [ -103.66078977, 21.441583570000013 ], [ -103.65030922, 21.434596119999981 ], [ -103.63419572, 21.439259399999969 ], [ -103.62652537, 21.43448206 ], [ -103.61932132, 21.42403171 ], [ -103.62290522, 21.41311146000001 ], [ -103.59531165, 21.390906230000013 ], [ -103.58639428, 21.392366310000028 ], [ -103.57588365, 21.436153980000036 ], [ -103.56772231, 21.439297150000012 ], [ -103.56040668, 21.43021831 ], [ -103.53870026, 21.44477092 ], [ -103.53358949, 21.420613279999987 ], [ -103.50392025, 21.37683702 ], [ -103.51308305, 21.364066969999989 ], [ -103.50996402, 21.354892880000012 ], [ -103.55737058, 21.34812669 ], [ -103.56763002, 21.35221586 ], [ -103.568586880000012, 21.33762368 ], [ -103.57845238, 21.33023429 ], [ -103.5886766, 21.342193400000017 ], [ -103.61694509, 21.35340965 ], [ -103.61871934, 21.34448071000002 ], [ -103.66361502, 21.338128 ], [ -103.67740382, 21.31991095 ], [ -103.70508455, 21.325497720000016 ], [ -103.72083909, 21.30796108 ], [ -103.72214115, 21.28394234 ], [ -103.713647740000013, 21.26668743 ], [ -103.6980536, 21.28258494 ], [ -103.66668051, 21.290465109999975 ], [ -103.6581936, 21.28043162 ], [ -103.63399335, 21.28229185 ], [ -103.63946809, 21.277527620000011 ], [ -103.64019588, 21.222072419999989 ], [ -103.66335211, 21.22416265 ], [ -103.66732405, 21.21604855 ], [ -103.6333712, 21.19125285 ], [ -103.61863426, 21.188778621000022 ], [ -103.61135923, 21.17873674 ], [ -103.61360849, 21.156247181000012 ], [ -103.60198246, 21.151670949999986 ], [ -103.59168222, 21.128616150999985 ], [ -103.56895878, 21.11671774999995 ], [ -103.55369625, 21.11674785 ], [ -103.55034432, 21.124980449999988 ], [ -103.52978688, 21.134091741000045 ], [ -103.5314648, 21.141977511 ], [ -103.510964050000013, 21.146222151 ], [ -103.50405154, 21.127738681 ], [ -103.46925638, 21.14336208 ], [ -103.4285824, 21.14672382 ], [ -103.416265710000019, 21.13727777 ], [ -103.42322685, 21.12523242 ], [ -103.41828058, 21.115230079999968 ], [ -103.39607966, 21.098677170000013 ], [ -103.39596291, 21.08028845 ], [ -103.38786188, 21.0792184 ], [ -103.38550745, 21.067390430000021 ], [ -103.3766074, 21.06590051 ], [ -103.36901628, 21.05195766 ], [ -103.353102940000014, 21.045259950000013 ], [ -103.33500397, 21.04264445999998 ], [ -103.33031672, 21.054501120000019 ], [ -103.30188572, 21.054583710000017 ], [ -103.29655831, 21.06483842 ], [ -103.27573077, 21.05144665000001 ], [ -103.25720192, 21.070731349999971 ], [ -103.25823462, 21.08306643 ], [ -103.23258606, 21.07909443 ], [ -103.20960165000001, 21.0942206 ], [ -103.18844689, 21.08515286 ], [ -103.18836734, 21.07065972000002 ], [ -103.16288175, 21.072885649999982 ], [ -103.12732908, 21.053531080000035 ], [ -103.12332315, 21.06680391 ], [ -103.10503466, 21.062015950000024 ], [ -103.07736294, 21.072431200000011 ], [ -103.05647537, 21.099319749999989 ], [ -103.0652068, 21.104330220000037 ], [ -103.0757904, 21.096888889999978 ], [ -103.07365131, 21.109954110000022 ], [ -103.09173543, 21.115819 ], [ -103.09850012, 21.128493309999985 ], [ -103.07812255, 21.14001125 ], [ -103.07137586, 21.152933749999988 ], [ -103.08430635, 21.19405949 ], [ -103.06924423, 21.209929309999975 ], [ -103.07752826, 21.215449920000033 ], [ -103.0569852, 21.2467876 ], [ -103.0655, 21.25580645 ], [ -103.04489188, 21.26236526 ], [ -103.04588371, 21.249425690000034 ], [ -103.029766, 21.25106526 ], [ -103.02650489, 21.24212411 ], [ -103.01701354, 21.241048540000016 ], [ -103.01117903, 21.255370089999968 ], [ -102.99690402, 21.25968194 ], [ -102.97904886, 21.239731080000016 ], [ -102.94629392, 21.23444345 ], [ -102.9478112, 21.214601120000037 ], [ -102.91065217, 21.205234660000016 ], [ -102.90302866, 21.235186 ], [ -102.89167378, 21.233513260000016 ], [ -102.88365657, 21.24181091000003 ], [ -102.87657366, 21.23663402 ], [ -102.87286123, 21.25516295 ], [ -102.86365471, 21.25275698 ], [ -102.85939677, 21.27047849 ], [ -102.84482945, 21.27732685 ], [ -102.84877754, 21.293176290000019 ], [ -102.83710214, 21.3034108 ], [ -102.81515903, 21.294669 ], [ -102.81760069, 21.318541109999977 ], [ -102.81196378, 21.32371682 ], [ -102.79849937, 21.306913779999988 ], [ -102.78891602, 21.3295074 ], [ -102.77181772, 21.31600588 ], [ -102.75528088, 21.323158600000014 ], [ -102.75776543, 21.33918618 ], [ -102.72795977, 21.357087799999967 ], [ -102.72912806, 21.38735554 ], [ -102.71409962, 21.380555889999965 ], [ -102.70191422, 21.36379094 ], [ -102.6982844, 21.343268420000015 ], [ -102.67777703, 21.34089003 ], [ -102.6424368, 21.367737600000012 ], [ -102.63814062, 21.39323652 ], [ -102.64683968, 21.39422458 ], [ -102.65966946, 21.410877020000015 ], [ -102.65213069, 21.41221266 ], [ -102.65500686, 21.44664952 ], [ -102.63612986, 21.462907819999987 ], [ -102.64788298, 21.46253749000001 ], [ -102.649067250000016, 21.47419658 ], [ -102.63666772, 21.47711645 ], [ -102.62484151, 21.50141149 ], [ -102.64216685, 21.51872135 ], [ -102.63073432, 21.533983340000049 ], [ -102.69641017, 21.54303034 ], [ -102.69510074, 21.572912829999989 ], [ -102.717104550000016, 21.571307370000017 ], [ -102.72950818000001, 21.59305822 ], [ -102.737405, 21.5867602 ], [ -102.76474134, 21.596064580000014 ], [ -102.78361469, 21.64669337 ], [ -102.77340511, 21.65830608 ], [ -102.80527897, 21.671282400000013 ], [ -102.76649214, 21.68692828 ], [ -102.74529994, 21.720052310000039 ], [ -102.72279857, 21.719111620000039 ], [ -102.715605200000013, 21.734091280000012 ], [ -102.69626329, 21.728768019999983 ], [ -102.69066857, 21.752437199999989 ], [ -102.67876758, 21.753173739999976 ], [ -102.66892635, 21.76405145 ], [ -102.63349383, 21.76733946 ], [ -102.60631217, 21.75105722 ], [ -102.59677432, 21.754982 ], [ -102.59627874, 21.74404963 ], [ -102.55249372, 21.742651029999987 ], [ -102.47652175, 21.702084950000032 ], [ -102.47575655, 21.69494515 ], [ -102.45686377, 21.69808754 ], [ -102.45213237, 21.68691071 ], [ -102.4610664, 21.67925909 ], [ -102.45120578, 21.68195882 ], [ -102.44145495, 21.67341916999996 ], [ -102.40459497, 21.6655932 ], [ -102.40749309, 21.659484880000029 ], [ -102.36952618, 21.650591910000024 ], [ -102.36687357, 21.642751919999981 ], [ -102.32572206, 21.62226648 ], [ -102.32105082, 21.630092280000014 ], [ -102.31016569, 21.62662603 ], [ -102.29537078, 21.65309872 ], [ -102.30264857, 21.65460028 ], [ -102.30399031, 21.666684720000013 ], [ -102.27944152, 21.664437320000033 ], [ -102.27521912, 21.653973720000025 ], [ -102.23761751, 21.65200137 ], [ -102.22636266, 21.65777435 ], [ -102.21426675, 21.69481886 ], [ -102.17788592, 21.68815531 ], [ -102.17143278, 21.707000980000029 ], [ -102.154857400000012, 21.70003817 ], [ -102.142099720000019, 21.70537429 ], [ -102.10205663, 21.76104405 ], [ -102.08618066, 21.76726389 ], [ -102.09457051, 21.77770165 ], [ -102.08307422, 21.787066890000013 ], [ -102.071962739, 21.782654749999985 ], [ -102.055123737, 21.816356771000017 ], [ -102.04174294, 21.82306765 ], [ -102.03841751, 21.853198047000017 ], [ -102.02079443, 21.85116763 ], [ -102.01995402, 21.86253611 ], [ -101.88021262, 21.910149780000022 ], [ -101.83800337, 21.90734437 ], [ -101.83528945, 21.941770579999982 ], [ -101.87267131, 21.94651438 ], [ -101.88579988, 21.932611630000022 ], [ -101.89778022, 21.958387910999988 ], [ -101.89822731, 21.983263031000025 ], [ -101.90944572, 21.989024031 ], [ -101.91259849, 21.997485741 ], [ -101.89473405, 21.989656420999989 ], [ -101.891252510000015, 21.976592051 ], [ -101.8625798, 21.991356111 ], [ -101.86166982, 22.028883831000012 ], [ -101.81567305, 22.01998309 ], [ -101.80143615, 22.030996199999986 ], [ -101.80426345, 22.02525274 ], [ -101.78442975, 22.024098280000036 ], [ -101.77763308, 22.007301749999986 ], [ -101.751004, 22.01464543 ], [ -101.72997492, 22.002138370000022 ], [ -101.73232109, 21.9950692 ], [ -101.70911522, 21.97992598 ], [ -101.71065838, 21.973935250000011 ], [ -101.68291418, 21.962885310000033 ], [ -101.65710168, 21.939254969999983 ], [ -101.65069569, 21.9076754 ], [ -101.62894523, 21.91090274 ], [ -101.61671189, 21.92944797 ], [ -101.59584886, 21.90996262 ], [ -101.56980628, 21.91708074 ], [ -101.56596355, 21.842033339999968 ], [ -101.5482304, 21.834085550000012 ], [ -101.53701198, 21.81046205 ], [ -101.51782008, 21.81475558 ], [ -101.51054175, 21.799058490000021 ], [ -101.53883217, 21.77733488 ], [ -101.58569408, 21.778777119999983 ], [ -101.5796828, 21.736404599999982 ], [ -101.557653290000019, 21.73509866 ], [ -101.57085537, 21.70430772 ], [ -101.58404332, 21.70957449 ], [ -101.56913898, 21.692310260000031 ], [ -101.59608609, 21.637061910000014 ], [ -101.58018874, 21.62553134 ], [ -101.58602363, 21.607809629999963 ], [ -101.59526468, 21.610003769999974 ], [ -101.61231332, 21.582916890000039 ], [ -101.60654631, 21.56387225 ], [ -101.62165972, 21.551903619999962 ], [ -101.62000802, 21.541068970000023 ], [ -101.64126883, 21.52664832 ], [ -101.64026103, 21.513625679999969 ], [ -101.63243146, 21.51905417 ], [ -101.58904198, 21.46489997 ], [ -101.58995092, 21.445580889999984 ], [ -101.58187252, 21.447809419999981 ], [ -101.58042392, 21.42827969 ], [ -101.57041563, 21.418535749999982 ], [ -101.58913934, 21.41513148 ], [ -101.60025649, 21.42054134 ], [ -101.63094423, 21.40731307999997 ], [ -101.65851586, 21.4068002 ], [ -101.677582950000016, 21.39514237 ], [ -101.67948629, 21.389506369999971 ], [ -101.64284492, 21.35510609 ], [ -101.64317711, 21.299335690000017 ], [ -101.66285288, 21.28657991 ], [ -101.68667542, 21.29405985 ], [ -101.70200538, 21.275462879999981 ], [ -101.70937674, 21.280725649999972 ], [ -101.73578789, 21.277292230000011 ], [ -101.738535110000015, 21.269159599999984 ], [ -101.759716510000018, 21.267621740000024 ], [ -101.75940272, 21.26061334 ], [ -101.768197230000013, 21.257732279999971 ], [ -101.75458642, 21.24388854 ], [ -101.77120045, 21.234731280000013 ], [ -101.78110878, 21.16052789 ], [ -101.7872714, 21.156382 ], [ -101.80400915, 21.166348179999964 ], [ -101.81569777, 21.149527379999981 ], [ -101.811826, 21.141236749999965 ], [ -101.83344802, 21.137272970000026 ], [ -101.83084592, 21.119372540000011 ], [ -101.82026785, 21.118666399999981 ], [ -101.8176588, 21.10704569 ], [ -101.83748689, 21.096765430000023 ], [ -101.87500374, 21.092894349999984 ], [ -101.87494275, 21.070085369999983 ], [ -101.8945494, 21.051243719999977 ], [ -101.90133494, 21.05296305 ], [ -101.89660591, 21.047751139999974 ], [ -101.90662742, 21.02881754 ], [ -101.90874634, 20.998585059999989 ], [ -101.92470598, 20.98323668999997 ], [ -101.92221332, 20.971938 ], [ -101.93714437, 20.95580086 ], [ -101.93894975, 20.930614250000012 ], [ -101.95787657, 20.935200830000014 ], [ -101.96310031, 20.92251803 ], [ -101.97988182, 20.925047549999967 ], [ -101.98109691, 20.91480878 ], [ -102.01799411, 20.88328469 ], [ -102.01257982, 20.878343849999986 ], [ -102.02178054, 20.862160320000015 ], [ -102.03858502, 20.84735234 ], [ -102.07367789, 20.837924260000023 ], [ -102.07986705, 20.82906508 ], [ -102.07994508, 20.801787059999988 ], [ -102.08709189, 20.801460519999978 ], [ -102.09590838, 20.780050520000021 ], [ -102.06759263, 20.772247430000021 ], [ -102.07363332, 20.74875954 ], [ -102.06103965, 20.748516570000017 ], [ -102.06448731, 20.738749620000011 ], [ -102.03446088, 20.742139400000021 ], [ -102.03774026, 20.71739648 ], [ -102.014389370000018, 20.717063660000019 ], [ -102.01909038, 20.676184179999989 ], [ -102.01383749, 20.66444117 ], [ -101.98194455, 20.66332678 ], [ -101.98137692, 20.657529449999974 ], [ -101.96807966, 20.6636412 ], [ -101.97118786, 20.63760975 ], [ -101.957077580000018, 20.63264274 ], [ -101.95873957, 20.608791370000034 ], [ -101.95114368, 20.607426850000024 ], [ -101.96703097, 20.579344089999989 ], [ -101.96280165, 20.57024262 ], [ -101.9698976, 20.56881087999998 ], [ -101.97391842, 20.541788429999976 ], [ -101.98395472, 20.535009119999987 ], [ -101.98791289, 20.545279799999964 ], [ -102.01414163, 20.542596089999989 ], [ -102.01009242, 20.52605885 ], [ -102.028194690000021, 20.496541920000023 ], [ -102.04602729, 20.482614290000022 ], [ -102.04399457, 20.456592200000014 ], [ -102.07661583, 20.42815875 ], [ -102.07088262, 20.409019169999983 ], [ -102.08453323, 20.405009249999967 ], [ -102.09052291, 20.38943274 ], [ -102.10576823, 20.37863611 ], [ -102.16816768, 20.37874043 ], [ -102.15815805, 20.366960229999979 ], [ -102.17702246, 20.36815445 ], [ -102.17536614, 20.355966059999975 ], [ -102.19660682, 20.350497120000014 ], [ -102.20812154, 20.35667983 ], [ -102.221805250000017, 20.344068770000014 ], [ -102.254159820000012, 20.335265600000039 ], [ -102.284086, 20.345560169999978 ], [ -102.2898596, 20.340835980000019 ], [ -102.29206212, 20.352976200999976 ], [ -102.30659802, 20.358163579999985 ], [ -102.31608994, 20.344587140000041 ], [ -102.32722422, 20.34948329 ], [ -102.36628957, 20.327879289999977 ], [ -102.39120451, 20.333951490000025 ], [ -102.39984931, 20.327740829999946 ], [ -102.43463198, 20.34102446 ], [ -102.454860479, 20.328968801 ], [ -102.48049557, 20.325242910000036 ], [ -102.49062868, 20.30860134000002 ], [ -102.50544249, 20.315857750000017 ], [ -102.50895542, 20.301355490000017 ], [ -102.53047689, 20.29582637 ], [ -102.5200824, 20.280415179999977 ], [ -102.52858425, 20.270953370000022 ], [ -102.54411808, 20.2805594 ], [ -102.55497735, 20.26068535 ], [ -102.56458298, 20.278155029999972 ], [ -102.566679310000012, 20.26562497999997 ], [ -102.59048612, 20.25846534000004 ], [ -102.61014554, 20.26908851 ], [ -102.627331249, 20.22938555 ], [ -102.64120002, 20.22345348 ], [ -102.6608762, 20.2315458 ], [ -102.67902537, 20.22691311 ], [ -102.68537031, 20.218005309999988 ], [ -102.67972186, 20.171501549999959 ], [ -102.730226280000011, 20.16661806 ], [ -102.77614711, 20.138446370000025 ], [ -102.81928209, 20.13724797 ], [ -102.8018734, 20.12303429 ], [ -102.81628738, 20.10604788 ], [ -102.84067468, 20.11610911 ], [ -102.85499431, 20.13671275 ], [ -102.85230837, 20.14924735000001 ], [ -102.865953260000012, 20.162363620000022 ], [ -102.88688138, 20.158808800000013 ], [ -102.94017026, 20.17168183 ], [ -102.95400314, 20.16656854 ], [ -102.92450008, 20.136258449999978 ], [ -102.92644828, 20.12957518 ], [ -102.942026, 20.12882879999998 ], [ -102.95958017, 20.141240080000017 ], [ -102.97058391, 20.12540362 ], [ -102.99839415, 20.125960619999976 ], [ -103.00481854, 20.138195710000016 ], [ -103.03246368, 20.136446950000028 ], [ -103.03133348, 20.12675138 ], [ -103.04415234, 20.124119379999978 ], [ -103.04258988, 20.11519566 ], [ -103.03281555, 20.111360620000024 ], [ -103.04171094, 20.090640660000037 ], [ -103.02072003, 20.047306350000021 ], [ -103.02651682, 20.049343660000019 ], [ -103.024385450000011, 20.033308850000012 ], [ -103.03569602, 20.02941477 ], [ -103.05150418, 19.99161115 ], [ -103.02521955, 19.96049209 ], [ -103.015482750000018, 19.959754019999981 ], [ -102.99380968, 19.983894750000019 ], [ -102.95121494, 19.996556510000019 ], [ -102.94362422, 19.98413362999996 ], [ -102.92626762, 19.984187549999973 ], [ -102.90262189, 19.966863480000015 ], [ -102.88209694, 19.969585110000018 ], [ -102.88204963, 19.975769260000011 ], [ -102.82196938, 19.96457703 ], [ -102.79400946, 19.950291021 ], [ -102.776873579, 19.960153741000031 ], [ -102.784036049, 19.951235691 ], [ -102.770633549, 19.929868451 ], [ -102.73121511, 19.89950785 ], [ -102.74249005, 19.878759479999985 ], [ -102.73476892, 19.874518179999967 ], [ -102.73035268, 19.85320868 ], [ -102.7533302, 19.834123509999976 ], [ -102.73939631, 19.81582583 ], [ -102.75908268, 19.807984450000021 ], [ -102.79231223, 19.814115509999986 ], [ -102.81952685, 19.777941200000011 ], [ -102.81280868, 19.77595337 ], [ -102.80860646, 19.759560779999958 ], [ -102.81627409, 19.74990506 ], [ -102.80392628, 19.752157630000031 ], [ -102.81080472, 19.74101609 ], [ -102.78048172, 19.70432409 ], [ -102.805662540000014, 19.67483777 ], [ -102.79120335, 19.673186420000025 ], [ -102.79260148, 19.65455057 ], [ -102.78418648, 19.65208754 ], [ -102.77584946, 19.627715 ], [ -102.76085877, 19.627533910000011 ], [ -102.747566350000014, 19.61277703 ], [ -102.72608755, 19.613136829999988 ], [ -102.71593205, 19.60293515 ], [ -102.72603889, 19.579025549999987 ], [ -102.72035925, 19.57962175 ], [ -102.71351671, 19.563261340000025 ], [ -102.718446340000014, 19.55031926 ], [ -102.71065635, 19.541068769999967 ], [ -102.71751903, 19.51946772000003 ], [ -102.7245772, 19.50912223 ], [ -102.73096978, 19.510544849999981 ], [ -102.73806494, 19.49335948 ], [ -102.72372805, 19.493176090000023 ], [ -102.68948709, 19.513415680000012 ], [ -102.67302472, 19.511995310000017 ], [ -102.67093011, 19.490625879999989 ], [ -102.65752782, 19.487237279999974 ], [ -102.62052958, 19.49877166 ], [ -102.581864200000012, 19.52825512 ], [ -102.57186142, 19.511191830000016 ], [ -102.57594345, 19.498061779999968 ], [ -102.54908115, 19.492422859999987 ], [ -102.54270538, 19.47803311 ], [ -102.56329892, 19.464926979999984 ], [ -102.56858137, 19.445478350000016 ], [ -102.5587022, 19.44700389 ], [ -102.54769278, 19.43948789 ], [ -102.55924034, 19.436880400000021 ], [ -102.54371543, 19.429580170999973 ], [ -102.551044149, 19.42537802 ], [ -102.56508085, 19.435157340000011 ], [ -102.576787, 19.423908919999988 ], [ -102.56880075, 19.41262597 ], [ -102.601056020000016, 19.364486771000017 ], [ -102.61117763, 19.32279625 ], [ -102.632715919, 19.30698195100004 ], [ -102.64309566, 19.278340401 ], [ -102.638209889, 19.262659541000012 ], [ -102.656654279, 19.241156461000017 ], [ -102.651842119, 19.235518511000027 ], [ -102.66211028, 19.2188114 ], [ -102.66773094, 19.221507860000013 ], [ -102.669922689, 19.21241206000002 ], [ -102.700691569, 19.22453663 ], [ -102.69425897, 19.238418480999982 ], [ -102.69882602, 19.249931369999967 ], [ -102.712722149, 19.235808061 ], [ -102.73772086, 19.242202400999982 ], [ -102.753815919, 19.255805061 ], [ -102.7902432, 19.242458 ], [ -102.79376414, 19.22540808 ], [ -102.80836146, 19.223264120000014 ], [ -102.8244334, 19.20569323 ], [ -102.831421060000011, 19.214639830000035 ], [ -102.84564031, 19.199048030000011 ], [ -102.86260197, 19.20322963 ], [ -102.86537706, 19.211285430000014 ], [ -102.8864328, 19.20439138 ], [ -102.91507263, 19.179367109999973 ], [ -102.935133420000014, 19.182032249999985 ], [ -102.93615095, 19.173624980000024 ], [ -102.96009609, 19.17405588999998 ], [ -102.97935777, 19.152413259999989 ], [ -102.97762271, 19.12006091000001 ], [ -103.00445982, 19.137571340000015 ], [ -103.02042662, 19.13049429 ], [ -103.01202285, 19.109196689999987 ], [ -103.01945538, 19.103836510000018 ], [ -103.01600568, 19.079185309999986 ], [ -102.99083523, 19.053378910000042 ], [ -103.02521426, 19.05310385 ], [ -103.03324208, 19.02911762 ], [ -103.05056046, 19.03559929 ], [ -103.06323851, 19.02785408 ], [ -103.06377302, 19.005673489999985 ], [ -103.05249957, 18.998125420000015 ], [ -103.0881088, 18.984108710000019 ], [ -103.12501946, 18.930144659999986 ], [ -103.14819612, 18.925871879999971 ], [ -103.17336423, 18.93626392 ], [ -103.20300809, 18.965340249999976 ], [ -103.20951885, 19.002986650000018 ], [ -103.22166131, 19.009452679999981 ], [ -103.2238762, 19.02410051 ], [ -103.33248517, 18.973251309999988 ], [ -103.37724888, 18.980170460000011 ], [ -103.39442111, 18.967414629999972 ], [ -103.41143392, 18.96765929 ], [ -103.41945272, 18.981250689999989 ], [ -103.46312732, 18.97702092 ], [ -103.472660460000014, 18.991136369999964 ], [ -103.48372718, 18.979785750000016 ], [ -103.48204131, 18.97020642 ], [ -103.48859434, 18.964889150000019 ], [ -103.4950202, 18.970666399999971 ], [ -103.49083122, 18.995820820000013 ], [ -103.49874191, 19.012039230000031 ], [ -103.48850554, 19.027586749999987 ], [ -103.52648063, 19.07872805 ], [ -103.51738778, 19.0987906 ], [ -103.5236168, 19.115640660000022 ], [ -103.51100905, 19.13204911 ], [ -103.50916565, 19.155961310000038 ], [ -103.49763088, 19.174642150000011 ], [ -103.51523852, 19.211351799999989 ], [ -103.50569078, 19.236156509999965 ], [ -103.50918158, 19.295149909999989 ], [ -103.48987829, 19.310686220000022 ], [ -103.49566931, 19.31975566 ], [ -103.48642998, 19.33789065 ], [ -103.52220862, 19.35782558 ], [ -103.526722, 19.372764720000028 ], [ -103.5562112, 19.40697174 ], [ -103.57426842, 19.41156232 ], [ -103.57891669, 19.43548575 ], [ -103.61535757, 19.47499545 ], [ -103.61482422, 19.49404662 ], [ -103.60619931, 19.500557860000047 ], [ -103.61827651, 19.512518770000021 ], [ -103.69004529, 19.49244777 ], [ -103.7157894, 19.46700952 ], [ -103.71825732, 19.453497510000012 ], [ -103.79273366, 19.42751369 ], [ -103.81925286000002, 19.408739710000024 ], [ -103.82413489, 19.43778825 ], [ -103.85645277, 19.431330540000012 ], [ -103.863755, 19.44738474 ], [ -103.87941817, 19.444488660000012 ], [ -103.88933089, 19.463597309999983 ], [ -103.90876546, 19.45362831 ], [ -103.8995216, 19.43454725 ], [ -103.96479866, 19.454162651000026 ], [ -103.97400709, 19.474552911 ], [ -104.00004555, 19.468828831 ], [ -104.06172506, 19.497702939999972 ], [ -104.076739519000014, 19.48021472 ], [ -104.086639779, 19.442031 ], [ -104.079942939, 19.43178175 ], [ -104.070883749, 19.435235430999988 ], [ -104.090226219, 19.3930248 ], [ -104.13334412, 19.353745830999966 ], [ -104.12298462, 19.31904194000002 ], [ -104.132207749, 19.320886261000016 ], [ -104.14478909, 19.311240970000021 ], [ -104.152930379, 19.315152420000011 ], [ -104.16164983, 19.302719650000039 ], [ -104.169796579, 19.312963740000026 ], [ -104.17980131900002, 19.312562121000013 ], [ -104.19166737, 19.292209769999989 ], [ -104.20434629, 19.303602221 ], [ -104.21842417, 19.299015621 ], [ -104.26117905, 19.3118062 ], [ -104.28363525, 19.29700528 ], [ -104.297591, 19.302670769999985 ], [ -104.31480391, 19.279355890000026 ], [ -104.34388029, 19.289545979999989 ], [ -104.36187369, 19.26907842 ], [ -104.37427346, 19.28188398 ], [ -104.40132251, 19.26681303 ], [ -104.4009456, 19.289069799999965 ], [ -104.43925912, 19.27798786 ], [ -104.43840785, 19.262873089999982 ], [ -104.45752702, 19.25941946 ], [ -104.45569874, 19.24804026 ], [ -104.46700818, 19.24510689 ], [ -104.46301626, 19.232959659999981 ], [ -104.47167291, 19.22883585 ], [ -104.47725769, 19.23870338 ], [ -104.48895489, 19.229943370000012 ], [ -104.49453543, 19.253947049999976 ], [ -104.50838474, 19.244225049999979 ], [ -104.53028786, 19.25978883 ], [ -104.55451595, 19.237097779999978 ], [ -104.56026131, 19.21969855 ], [ -104.56911274, 19.21869523 ], [ -104.56724857, 19.20126612 ], [ -104.57693762, 19.1802046 ], [ -104.58398962, 19.177989320000016 ], [ -104.5900288, 19.18653168 ], [ -104.60028748, 19.179053370000013 ], [ -104.59614263, 19.164052230000014 ], [ -104.58578017, 19.16181432 ], [ -104.58984008, 19.150095219999987 ], [ -104.612833890000019, 19.155482819999985 ], [ -104.61882157, 19.180851450000013 ], [ -104.6293416, 19.17290635 ], [ -104.67514565, 19.18549574 ], [ -104.67997934, 19.193171520000014 ], [ -104.69172372, 19.173277400000043 ], [ -104.70281275, 19.178131979999982 ], [ -104.685087429, 19.205643575000028 ], [ -104.702524119, 19.221945262999984 ], [ -104.712889051, 19.221764424 ], [ -104.712441713, 19.21499723700002 ], [ -104.73401128, 19.22169757 ], [ -104.732933631, 19.239229667 ], [ -104.75187652, 19.237323719 ], [ -104.758214214, 19.228495919000022 ], [ -104.77633636, 19.240259503 ], [ -104.795640757, 19.230635054 ], [ -104.808487276, 19.232568985000015 ], [ -104.80944614, 19.258604850000012 ], [ -104.8010526, 19.260289249999985 ], [ -104.788661459, 19.281778229999979 ], [ -104.79410809, 19.29528328000001 ], [ -104.83275022, 19.306870090000011 ], [ -104.8409407, 19.300008819999984 ], [ -104.837090562, 19.28960979 ], [ -104.86680177, 19.289514219999965 ], [ -104.873114471, 19.27616643 ], [ -104.88103450700001, 19.28651827600001 ], [ -104.937403269, 19.308638241 ], [ -104.953568137, 19.321630097999986 ], [ -104.99539701, 19.362896556 ], [ -105.032088299, 19.387248554 ], [ -105.03071509, 19.39728068 ], [ -105.023988131, 19.393632615 ], [ -105.017667093, 19.405500176999983 ], [ -105.02986186, 19.42910777 ], [ -105.025226282, 19.436412660000034 ], [ -105.07312478, 19.47110398 ], [ -105.05910422, 19.47157465 ], [ -105.06660998, 19.489445920000033 ], [ -105.060703805, 19.495512642 ], [ -105.08150058, 19.50540689 ], [ -105.083384021, 19.542711840999957 ], [ -105.10424555, 19.578046920000013 ], [ -105.128043193, 19.587808918999986 ], [ -105.13423543, 19.576035709999957 ], [ -105.14231474, 19.57508120000001 ], [ -105.14439642, 19.583303540000013 ], [ -105.15228877, 19.587135889999988 ], [ -105.152704, 19.6035108 ], [ -105.16187018, 19.603738750000023 ], [ -105.16216143, 19.61152297 ], [ -105.18071751, 19.62071103 ], [ -105.19951938, 19.62126034 ], [ -105.20223538, 19.631378630000025 ], [ -105.264682469, 19.679170168999985 ], [ -105.26354792, 19.69559994 ], [ -105.33033832, 19.766358 ], [ -105.34463569, 19.80491054 ], [ -105.41170382, 19.883098891999982 ], [ -105.504440507, 20.010552294 ], [ -105.549985925000016, 20.094524323 ], [ -105.5428692, 20.184368615000022 ], [ -105.554880899, 20.224660158 ], [ -105.566879489, 20.236847079000015 ], [ -105.580926597, 20.236692897999987 ], [ -105.59021242, 20.263054509999971 ], [ -105.65616178, 20.31771306 ], [ -105.6927654, 20.388234460000032 ], [ -105.69496011, 20.409227780000016 ], [ -105.673179146, 20.406907257 ], [ -105.671274850000017, 20.42588345 ], [ -105.65441843, 20.428090259999966 ], [ -105.64820546, 20.445096825000018 ], [ -105.63560138, 20.445841890000022 ], [ -105.60414928, 20.475768519999967 ], [ -105.51787497, 20.49351418 ], [ -105.494877740000021, 20.48940034000001 ], [ -105.46578237, 20.49650985000001 ], [ -105.445503918, 20.48838166100003 ], [ -105.442771182, 20.500993312 ], [ -105.40088159, 20.508923735 ], [ -105.369730549, 20.50416368 ], [ -105.316458556, 20.5117567 ], [ -105.319751928, 20.518912619000016 ], [ -105.292041932, 20.53232388 ], [ -105.287350520000018, 20.54487158 ], [ -105.258161664, 20.557490534999982 ], [ -105.232700459, 20.617220543000048 ], [ -105.233729579, 20.635224858999965 ], [ -105.24507166, 20.65331452 ], [ -105.28100003, 20.67196577 ], [ -105.27420997, 20.674326690000012 ], [ -105.27893215, 20.68133472 ], [ -105.26125229, 20.67981618 ], [ -105.25594702, 20.702766200000028 ], [ -105.24257266, 20.70424154 ], [ -105.23991578, 20.747351280000046 ], [ -105.20582549, 20.76414485 ], [ -105.19696114, 20.77717103 ], [ -105.17339655, 20.767711380000012 ], [ -105.16227568, 20.79251928 ], [ -105.17097435, 20.79610862 ], [ -105.173942950000011, 20.813943450000039 ], [ -105.16163602, 20.831140139999981 ], [ -105.1627878, 20.84869 ], [ -105.155405370000011, 20.85306471 ], [ -105.16056331, 20.85741523 ], [ -105.14119405, 20.875605820000033 ], [ -105.14254611, 20.886465829999981 ], [ -105.11195708, 20.900430320000019 ], [ -105.08033692, 20.93147089 ], [ -105.046804850000015, 20.934283860000026 ], [ -105.03161334, 20.909171230999974 ], [ -105.00633225, 20.922536370999989 ], [ -105.00339409, 20.91085754 ], [ -104.99037369, 20.92156285 ], [ -104.96724405, 20.909508091000031 ], [ -104.95316389, 20.930134340999988 ], [ -104.90052602, 20.94634066 ], [ -104.90062748, 20.962747201000024 ], [ -104.86686895, 20.995201370000029 ], [ -104.84119048, 21.006723451000017 ], [ -104.83809891, 21.020008581000027 ], [ -104.8101816, 21.012012831 ], [ -104.79018831, 21.015021320000024 ], [ -104.782462150000015, 21.023359061 ], [ -104.77171235, 21.008601081 ], [ -104.75249911, 21.01227972 ], [ -104.73924108, 21.006142370000017 ], [ -104.72998915, 21.012288251000026 ], [ -104.72936277, 20.983154141 ], [ -104.715828950000017, 20.9804692 ], [ -104.70571098, 20.966851601 ], [ -104.68105792, 20.96066669 ], [ -104.68099997, 20.943840621 ], [ -104.66144134, 20.94397732 ], [ -104.65812614, 20.933225721 ], [ -104.63809374, 20.934125141000017 ], [ -104.62853272, 20.92386569 ], [ -104.61183809, 20.923211689999974 ], [ -104.59073626, 20.934619280000014 ], [ -104.55692169, 20.92415238000001 ], [ -104.54285228, 20.911939569999976 ], [ -104.54474065, 20.901140169999973 ], [ -104.53571918, 20.895857629999977 ], [ -104.53462454, 20.884035619999981 ], [ -104.52444203, 20.88576189 ], [ -104.51949162, 20.8691512 ], [ -104.50639435, 20.86084494 ], [ -104.49993814, 20.838186460000014 ], [ -104.48528811, 20.8332764 ], [ -104.45840886, 20.806515579999964 ], [ -104.43573586, 20.80576483 ], [ -104.42726031, 20.79102162 ], [ -104.41412462, 20.793770250000012 ], [ -104.38420894, 20.76647862 ], [ -104.37754871, 20.742373419999986 ], [ -104.3637196, 20.74441091 ], [ -104.35079808, 20.725339690000041 ], [ -104.32411512, 20.717543519999989 ], [ -104.30564551, 20.69416957 ], [ -104.288486600000013, 20.68915662000002 ], [ -104.28201095, 20.62899335 ], [ -104.25363983, 20.60341871 ], [ -104.25376714, 20.630608350000038 ], [ -104.24692382, 20.6314924 ], [ -104.26038954, 20.642835549999987 ], [ -104.25530708, 20.653283 ], [ -104.23646074, 20.6628972 ], [ -104.2531598, 20.682296380000015 ], [ -104.243297620000021, 20.69174569 ], [ -104.24814938, 20.69962826 ], [ -104.24181569, 20.713433519999953 ], [ -104.27447497, 20.76998704999998 ], [ -104.28001998, 20.768928400000021 ], [ -104.28285625, 20.783480580000017 ], [ -104.2976174, 20.7707952 ], [ -104.32832232, 20.79809768 ], [ -104.33579478, 20.789884199999985 ], [ -104.35824938, 20.7905326 ], [ -104.37522037, 20.775439450000022 ], [ -104.37589215, 20.784072970000015 ], [ -104.35040234, 20.811643970000016 ], [ -104.36405938, 20.81393298 ], [ -104.35710475, 20.81987386 ], [ -104.361768490000017, 20.84093102 ], [ -104.33425758, 20.84666229 ], [ -104.31841737, 20.83857265 ], [ -104.3088154, 20.84680731 ], [ -104.29541589, 20.845496059999988 ], [ -104.29069297, 20.862340630000013 ], [ -104.2791108, 20.86451866 ], [ -104.29091612, 20.88779574000003 ], [ -104.26787955, 20.887461079999984 ], [ -104.22875342, 20.935581749999972 ], [ -104.221072, 20.941525660000032 ], [ -104.20658778, 20.936373349999975 ], [ -104.20130635, 20.95924218 ], [ -104.233129450000021, 20.968743369999981 ], [ -104.23847425, 20.99215082000001 ], [ -104.22319571, 21.001263660000017 ], [ -104.24271291, 21.02733162999996 ], [ -104.22655008, 21.044296169999988 ], [ -104.225164, 21.050526919999985 ], [ -104.23923554, 21.05707158 ], [ -104.2347934, 21.06768148 ], [ -104.22181045, 21.07002462 ], [ -104.22084308, 21.10136338 ], [ -104.21086032, 21.118601420000029 ], [ -104.21059872, 21.13092769 ], [ -104.22517055, 21.15120875 ], [ -104.21939798, 21.17661058 ], [ -104.20279366, 21.19283243 ], [ -104.15951351, 21.184560290000025 ], [ -104.12404578, 21.19626737 ], [ -104.11084485, 21.18859571 ], [ -104.10003709, 21.20086745 ], [ -104.08879969, 21.196129150000022 ], [ -104.08565926, 21.20536111 ], [ -104.08097788000002, 21.18969114 ], [ -104.0685864, 21.18677328 ], [ -104.06788755, 21.198199800000019 ], [ -104.0562754, 21.194139940000039 ], [ -104.05283852, 21.205413109999984 ], [ -104.04517857, 21.19919931 ], [ -104.03842371, 21.20444222 ], [ -104.02796882, 21.19467249 ], [ -104.02941037, 21.2086642 ], [ -104.02498131, 21.21293771 ], [ -104.02232002, 21.20510708 ], [ -104.016016, 21.207458420000012 ], [ -104.01748885, 21.227201850000014 ], [ -104.00608792, 21.228043549999988 ], [ -104.0035676, 21.236462680000027 ], [ -103.97345403, 21.256328280000016 ], [ -103.95838771, 21.25275451 ], [ -103.94586723, 21.23801785 ], [ -103.92401998, 21.23457174 ], [ -103.93546185, 21.25417618 ], [ -103.93105689, 21.26254712 ], [ -103.91857837, 21.24562694 ], [ -103.91789871, 21.23102777 ], [ -103.90306295000002, 21.233419149999964 ], [ -103.89836275, 21.22649002 ], [ -103.89230552, 21.23842666 ], [ -103.87524869, 21.238643059999962 ], [ -103.86188954, 21.248868370000011 ], [ -103.84001943, 21.239820460000029 ], [ -103.81939111, 21.24843503 ], [ -103.82499598, 21.27126495000002 ], [ -103.82034563, 21.28104137999998 ], [ -103.80357294, 21.30031195 ], [ -103.78063628, 21.30851303 ], [ -103.776122950000016, 21.321669859999986 ], [ -103.74935182, 21.336708480000024 ], [ -103.74133251, 21.374055110000032 ], [ -103.7673332, 21.388433 ], [ -103.75690312, 21.399864650000016 ], [ -103.7644034, 21.410304170000014 ], [ -103.75130708, 21.41751072 ], [ -103.73127205, 21.415899800000023 ], [ -103.72089555, 21.42543123 ], [ -103.74203065, 21.44155783 ], [ -103.75293655, 21.466087689999988 ], [ -103.74936458, 21.474488230000023 ], [ -103.76912851, 21.483024919999963 ], [ -103.77819192, 21.49208212 ], [ -103.77412948, 21.49838071 ], [ -103.79107509, 21.49774794 ], [ -103.80042097, 21.487188399999983 ], [ -103.82371282, 21.49304737 ], [ -103.83212694, 21.51339706 ], [ -103.84929452, 21.51453086 ], [ -103.85992491, 21.524749509999971 ], [ -103.85627172, 21.552365419999962 ], [ -103.88164608, 21.55214228 ], [ -103.89257817, 21.57414303 ], [ -103.91923455, 21.58198588 ], [ -103.92319075, 21.59056891 ], [ -103.91236546, 21.60804909000003 ], [ -103.91908429, 21.61624971 ], [ -103.90769894, 21.618676310000019 ], [ -103.91183478, 21.62982623 ], [ -103.93024945, 21.641914429999986 ], [ -103.92133757, 21.66837425 ], [ -103.91240083000001, 21.668970600000012 ], [ -103.88772497, 21.69781823 ], [ -103.89591346, 21.72774378 ], [ -103.90279062, 21.716258 ], [ -103.93182786, 21.743380510000012 ], [ -103.93170235, 21.75132 ], [ -103.91612931, 21.75576871 ], [ -103.921745570000013, 21.770329969999988 ], [ -103.94407702, 21.776816780000011 ], [ -103.98444738, 21.772583180000012 ], [ -103.989149150000017, 21.779859489999978 ], [ -104.0522538, 21.794760950000011 ], [ -104.07623786, 21.789717400000018 ], [ -104.07985618, 21.782405149999981 ], [ -104.0933188, 21.784562820000016 ], [ -104.09843657, 21.79281689 ], [ -104.10945509, 21.787327540000017 ], [ -104.1303816, 21.79045132 ], [ -104.14653109, 21.806430140000039 ], [ -104.16174845, 21.809841340000048 ], [ -104.19071263, 21.85106369 ], [ -104.19496089, 21.850405741999989 ], [ -104.19664038, 21.850532420000015 ], [ -104.19700018, 21.850772250000016 ], [ -104.17223326, 21.87131891 ], [ -104.18638512, 21.86801175 ], [ -104.20104072, 21.891478379999963 ], [ -104.20024411, 21.90946583 ], [ -104.17871809, 21.93901534 ], [ -104.17369922, 21.963392850000012 ], [ -104.17365548, 21.970882889999984 ], [ -104.19331945, 21.985420119999979 ], [ -104.24600515, 21.966937979999983 ], [ -104.27544694, 21.98062349 ], [ -104.28138223, 21.999658820000022 ], [ -104.29407686, 22.002760949999974 ], [ -104.30813849, 21.988618970000019 ], [ -104.32490534, 21.98413406 ], [ -104.32686314, 21.975369320000038 ], [ -104.37069263, 21.976173170000028 ], [ -104.36003862, 22.01505683000002 ], [ -104.36903731, 22.024564169999977 ], [ -104.36154014, 22.052853449999976 ], [ -104.37319151, 22.10256383 ], [ -104.36470718, 22.11243952 ], [ -104.35627166, 22.165434680000011 ], [ -104.33183626, 22.19978986 ], [ -104.34135932, 22.2095632 ], [ -104.32589757, 22.231792200000012 ], [ -104.32867942, 22.245358710000012 ], [ -104.29563951, 22.27690846 ], [ -104.28486591, 22.297093519999986 ], [ -104.29925597, 22.325774850000016 ], [ -104.29302303, 22.33073251 ], [ -104.29837862, 22.347811419999978 ], [ -104.27376002, 22.3427694 ], [ -104.25474252, 22.348789420000035 ], [ -104.25833937, 22.384658309999985 ], [ -104.24097865, 22.412772950000043 ], [ -104.22074992, 22.42109974 ], [ -104.20703705, 22.421696880000045 ], [ -104.19304397, 22.39912318 ], [ -104.17770138, 22.38963474000002 ], [ -104.16468766, 22.39164954 ], [ -104.17885578, 22.42743249 ], [ -104.16748678, 22.445150489999975 ], [ -104.19510028, 22.44763148 ], [ -104.19987398, 22.45630689 ], [ -104.18498052, 22.46462206 ], [ -104.18572954, 22.471412709999985 ], [ -104.18635814, 22.471786450000014 ], [ -104.18703523, 22.46984323 ], [ -104.18995692, 22.46825249 ], [ -104.19729708, 22.477122279999975 ], [ -104.20491651, 22.471907819999977 ], [ -104.19887403, 22.48045731 ], [ -104.20118609, 22.483017830000019 ], [ -104.21129377, 22.481414029999989 ], [ -104.214828, 22.484161490000016 ], [ -104.20169986, 22.48695878 ], [ -104.19022998, 22.50761152 ], [ -104.17805471, 22.50529605 ], [ -104.163163, 22.514443539999967 ], [ -104.158353460000015, 22.50932508 ], [ -104.15040714, 22.516275910000019 ], [ -104.14309114, 22.50465148 ], [ -104.11350892, 22.496609860000014 ], [ -104.12038102, 22.51748469 ], [ -104.10270718, 22.53144692 ], [ -104.0771602, 22.531781770000023 ], [ -104.06879525, 22.52199968 ], [ -104.07171365, 22.50300214 ], [ -104.05659262, 22.49279928 ], [ -104.05157471, 22.46674777 ], [ -104.06224103, 22.451277310000023 ], [ -104.061637, 22.425800079999984 ], [ -104.07127911000002, 22.4222426 ], [ -104.07681797, 22.407188419999976 ], [ -104.07693014, 22.379645399999976 ], [ -104.09719438, 22.371452339999969 ], [ -104.09416086, 22.35504795 ], [ -104.07530998, 22.36439032 ], [ -104.06747548, 22.361406850000019 ], [ -104.04875282, 22.37644462 ], [ -104.0151338, 22.364812890000032 ], [ -104.00325094, 22.38992982 ], [ -104.00590629, 22.40868369 ], [ -103.98639206, 22.414832940000011 ], [ -103.97556486000002, 22.436191650000012 ], [ -103.96057011, 22.433179150000015 ], [ -103.95865975, 22.45108518000001 ], [ -103.949327720000014, 22.461791690000016 ], [ -103.93795302, 22.462755459999986 ], [ -103.93779078, 22.47520345 ], [ -103.92944208, 22.47512375 ], [ -103.9398082, 22.4889394 ], [ -103.93308155, 22.4890928 ], [ -103.93441111, 22.49992214 ], [ -103.96341102, 22.50804047999997 ], [ -103.96619678, 22.517225910000011 ], [ -103.98064874, 22.51510268 ], [ -103.99125623, 22.523266509999985 ], [ -103.98722749, 22.52884135 ], [ -104.00557083, 22.53660028 ], [ -103.99888117, 22.543603680000011 ], [ -103.97233212, 22.54511363 ], [ -104.00083898, 22.56677512 ], [ -103.99017417, 22.573041520000018 ], [ -103.98622198, 22.590901740000021 ], [ -104.0180656, 22.59698874 ], [ -104.02700563, 22.61317815 ], [ -104.03329432, 22.63410923 ], [ -104.01550888, 22.668910660000016 ], [ -104.03083114, 22.679059819999985 ], [ -104.03365342, 22.67070403 ], [ -104.04326677, 22.67189349 ], [ -104.05481037, 22.67842052 ], [ -104.04896357, 22.68714282 ], [ -104.06919228, 22.69006206 ], [ -104.07362274, 22.69695311000001 ], [ -104.0690306, 22.70124575 ], [ -104.05916422, 22.69206366 ], [ -104.064150970000014, 22.70696306 ], [ -104.047747660000013, 22.712151399999989 ], [ -104.05591151, 22.7239782 ], [ -104.0369834, 22.729616600000014 ], [ -104.02569052, 22.743278150000013 ] ] ] ] } },
{ "type": "Feature", "properties": { "cvegeo": "15", "cve_ent": "15", "nomgeo": "México", "nom_abrev": "Mex." }, "geometry": { "type": "Polygon", "coordinates": [ [ [ -99.91236794, 20.285626180000015 ], [ -99.85954143, 20.26462834 ], [ -99.8418896, 20.281881420000012 ], [ -99.79041831, 20.2379942 ], [ -99.788067951, 20.23003492500002 ], [ -99.79523814, 20.227741290000022 ], [ -99.71937185, 20.167137979999989 ], [ -99.68208235, 20.170588719999987 ], [ -99.67694891, 20.162470460000023 ], [ -99.66939737, 20.17929875 ], [ -99.659726618, 20.18082054000002 ], [ -99.655077229, 20.163089910000036 ], [ -99.64099046, 20.16422918 ], [ -99.6306024, 20.14569445000004 ], [ -99.59956088, 20.16967336999998 ], [ -99.57626355, 20.1620916 ], [ -99.57141683, 20.170217679999983 ], [ -99.550664629, 20.17139169 ], [ -99.548287548, 20.163131740000026 ], [ -99.53349445, 20.16205802 ], [ -99.5259266, 20.173295569999972 ], [ -99.512240249, 20.175100170000011 ], [ -99.501830849, 20.15328658 ], [ -99.518128199, 20.145666660000025 ], [ -99.48349686, 20.100969770999978 ], [ -99.48100857, 20.08219789 ], [ -99.45975871, 20.065457340999977 ], [ -99.43685292, 20.001299050999982 ], [ -99.444664659, 19.984753741 ], [ -99.4551446, 19.979724480999987 ], [ -99.450243599000018, 19.96424689100002 ], [ -99.477764939, 19.960566400999976 ], [ -99.473622569, 19.954443941000029 ], [ -99.48398148, 19.905176521000016 ], [ -99.463880569, 19.89259622099998 ], [ -99.4359332, 19.903129151000037 ], [ -99.445208289, 19.884321061 ], [ -99.43041452, 19.870879181 ], [ -99.4267814, 19.874997023 ], [ -99.414991769, 19.850526631 ], [ -99.39175175, 19.859917541000012 ], [ -99.373249909, 19.851541851000015 ], [ -99.38672211, 19.813032021 ], [ -99.377540429, 19.796453401000015 ], [ -99.390331019000016, 19.785733547 ], [ -99.38117186, 19.784054401 ], [ -99.38788358, 19.77791318 ], [ -99.38244518, 19.771204061 ], [ -99.37061022, 19.781844551000013 ], [ -99.34456045, 19.779454521000023 ], [ -99.33865391, 19.802028250000021 ], [ -99.325581739, 19.793095491000017 ], [ -99.30660052, 19.79769371 ], [ -99.31192295, 19.814162490999966 ], [ -99.29694378, 19.835222249999987 ], [ -99.278718920000017, 19.840409401000034 ], [ -99.269468719, 19.859555281000013 ], [ -99.247960819, 19.859785451000025 ], [ -99.241430339, 19.875262111 ], [ -99.22829969, 19.875046799999989 ], [ -99.217467089, 19.891423630000013 ], [ -99.22392522, 19.901998399999982 ], [ -99.20560277, 19.92750074 ], [ -99.20921565, 19.93243598 ], [ -99.21151906, 19.92428843 ], [ -99.218572541, 19.927241911000031 ], [ -99.22776105, 19.95106812 ], [ -99.21539443, 19.954614419999974 ], [ -99.196919059, 19.984826599999987 ], [ -99.189205720000018, 19.984819549999944 ], [ -99.190052649, 19.993963290999982 ], [ -99.17721734, 19.993138889999976 ], [ -99.18000149, 19.99808878000001 ], [ -99.16787278, 20.003512770000022 ], [ -99.15860312, 20.02718771000001 ], [ -99.085449969, 20.032487921000026 ], [ -99.078323949, 20.018299601 ], [ -99.063840859, 20.014194351 ], [ -99.06756048, 19.9849894 ], [ -99.05957574, 19.97399582 ], [ -99.058500779, 19.988404771000024 ], [ -99.047648149, 19.995160280000018 ], [ -99.04943031, 20.007697111 ], [ -99.03134289, 20.014853630999969 ], [ -99.02742291, 20.001648180999986 ], [ -99.034512969, 19.971771781 ], [ -99.02765582, 19.964558621000013 ], [ -99.004120109000013, 19.964952111 ], [ -99.00754749, 19.979163341000032 ], [ -99.02155471, 19.987005231000023 ], [ -99.0052668, 20.028944050999961 ], [ -99.010497539000013, 20.035479371 ], [ -99.00564429, 20.05320451 ], [ -98.98897789, 20.06826192100003 ], [ -98.95868769, 20.039565401 ], [ -98.96397657, 20.031237691 ], [ -98.946654649, 20.027475091 ], [ -98.94273049, 19.97907309 ], [ -98.96621946, 19.97399508 ], [ -98.98117572, 19.9547214 ], [ -98.995622819, 19.956891721 ], [ -98.999778509, 19.94182502 ], [ -98.98469075, 19.946318020000017 ], [ -98.98316475, 19.938612831 ], [ -98.956112429, 19.928183551 ], [ -98.9527226, 19.906714571 ], [ -98.9614464, 19.893640709999964 ], [ -98.953546939, 19.888539889999969 ], [ -98.966005969, 19.891656800999986 ], [ -99.02058115, 19.86768266 ], [ -99.00015171, 19.834179180999982 ], [ -99.008200719, 19.828402061 ], [ -98.950042399, 19.79964129 ], [ -98.927631519, 19.843392681 ], [ -98.9163232, 19.839332281 ], [ -98.90601609, 19.84512954 ], [ -98.902977939, 19.859305511 ], [ -98.908788779, 19.857124971 ], [ -98.90520322, 19.863543799999988 ], [ -98.91748098, 19.86923318 ], [ -98.9118248, 19.881017261 ], [ -98.90411752, 19.887579950000013 ], [ -98.89826971, 19.883605340999981 ], [ -98.89588994, 19.895707571 ], [ -98.88316208, 19.90152875 ], [ -98.86589594, 19.89258689 ], [ -98.85583002, 19.904280150000023 ], [ -98.84095155, 19.892308860000014 ], [ -98.84403368, 19.881988260000018 ], [ -98.79517248, 19.856414690000012 ], [ -98.789721540000016, 19.86188685 ], [ -98.79392682, 19.87208409 ], [ -98.78057412, 19.883540550000014 ], [ -98.73917285, 19.872559509999959 ], [ -98.71282066, 19.853801919999974 ], [ -98.69912665, 19.858419859999973 ], [ -98.68536755, 19.85054897 ], [ -98.67265892, 19.86283462 ], [ -98.67183974000001, 19.85365914 ], [ -98.69764125, 19.83211482 ], [ -98.67587542, 19.813184349999982 ], [ -98.674792180000011, 19.832396199999984 ], [ -98.660814860000016, 19.835031420000014 ], [ -98.63990311, 19.811964449999984 ], [ -98.63878785, 19.80076963 ], [ -98.62356192, 19.79388869 ], [ -98.62526105, 19.785182520000028 ], [ -98.61223371, 19.786368420000013 ], [ -98.61166368, 19.774128950000019 ], [ -98.59686666, 19.765839750000023 ], [ -98.60810171, 19.72507503 ], [ -98.61589903, 19.729482949999976 ], [ -98.63292434, 19.722235859999984 ], [ -98.6239154, 19.69640805 ], [ -98.63989709, 19.671083110000023 ], [ -98.61967057, 19.66116392 ], [ -98.64381414, 19.64883780000001 ], [ -98.66643598, 19.66226788 ], [ -98.67005482, 19.658676139999987 ], [ -98.67239572, 19.62514757000001 ], [ -98.6617466, 19.610113 ], [ -98.67008463, 19.598483049999984 ], [ -98.68137995, 19.598284940000013 ], [ -98.681512459000018, 19.58792022 ], [ -98.692431999, 19.585879490000018 ], [ -98.689110169, 19.576859429999981 ], [ -98.701268279, 19.570944249999989 ], [ -98.708398579000018, 19.547599689999988 ], [ -98.660397709, 19.48550246 ], [ -98.65322655, 19.465986230000016 ], [ -98.6614352, 19.45809035000001 ], [ -98.634822050000011, 19.431241880000027 ], [ -98.63707191, 19.42596715 ], [ -98.65020317, 19.43463885 ], [ -98.66017837, 19.43209357 ], [ -98.66284795, 19.40299825000001 ], [ -98.65554271, 19.373452339999989 ], [ -98.63807978, 19.358911 ], [ -98.64447926, 19.35199998000002 ], [ -98.66058797, 19.351736380000016 ], [ -98.66347589, 19.32479238000003 ], [ -98.62752488, 19.257759169999989 ], [ -98.6435712, 19.238729860000014 ], [ -98.64702238000001, 19.18482789 ], [ -98.63533871, 19.14703234 ], [ -98.63891618, 19.15059914999998 ], [ -98.64065706, 19.125455739999971 ], [ -98.62548935, 19.11957198 ], [ -98.63255932, 19.10060691 ], [ -98.62589249, 19.08937646 ], [ -98.63929817, 19.077440490000011 ], [ -98.62347052, 19.066381769999982 ], [ -98.63110262, 19.05964654 ], [ -98.62978822, 19.04360298000001 ], [ -98.61987463, 19.035059570000023 ], [ -98.62927386, 19.017086780000017 ], [ -98.66447448, 19.00355686 ], [ -98.71403711, 18.943032340000027 ], [ -98.78611495, 18.94290095 ], [ -98.79208028, 18.935339879999983 ], [ -98.81685268, 18.943262540000017 ], [ -98.82645055, 18.95669088 ], [ -98.83589088, 18.950151770000023 ], [ -98.85947965, 18.96477794 ], [ -98.85733335, 18.97459190999998 ], [ -98.87000552, 18.99051039999998 ], [ -98.87405917, 19.010403850000014 ], [ -98.87102643, 19.02539315 ], [ -98.90338978, 19.038482889999987 ], [ -98.91559817, 19.064057279999989 ], [ -98.94434755, 19.06973442 ], [ -98.957778550000015, 19.060294489999979 ], [ -98.9789954, 19.074455949999948 ], [ -98.96572148, 19.08586116999998 ], [ -98.95906351, 19.10427795 ], [ -98.95750748, 19.122383220000014 ], [ -98.96645594, 19.14387051 ], [ -98.95462631, 19.14952435 ], [ -98.967366400000017, 19.16443869 ], [ -98.952385650000011, 19.168637619999988 ], [ -98.96769389, 19.18974308 ], [ -98.96852792, 19.210571081 ], [ -98.94255322, 19.215614860000017 ], [ -98.94030282, 19.223239650000014 ], [ -98.96858651, 19.232217949999978 ], [ -98.96598688, 19.249941 ], [ -98.97653063, 19.253125380000011 ], [ -98.957902629, 19.323227620999987 ], [ -98.994556659, 19.35814132099998 ], [ -98.991939178, 19.36759871000001 ], [ -99.05813572, 19.400692150000019 ], [ -99.046459066, 19.442364562 ], [ -99.06799134000002, 19.48908322 ], [ -99.06386254, 19.498778711 ], [ -99.09739952, 19.51263125 ], [ -99.11440711, 19.511060820000012 ], [ -99.12589849, 19.52120818 ], [ -99.1305746, 19.53609129 ], [ -99.10809722, 19.564888491 ], [ -99.12370609, 19.592757280000029 ], [ -99.158095519, 19.55735134 ], [ -99.1609, 19.54926088 ], [ -99.15108489, 19.544845709999979 ], [ -99.156798120000019, 19.528090769999967 ], [ -99.17601146, 19.53203605 ], [ -99.17704574, 19.529328479999972 ], [ -99.15718111, 19.502848890000031 ], [ -99.20925754, 19.512409020000014 ], [ -99.22111506, 19.47506848 ], [ -99.20717365, 19.469568120000019 ], [ -99.21997278, 19.452880140000026 ], [ -99.21813295, 19.444111831 ], [ -99.229627479, 19.437374664000032 ], [ -99.22232829, 19.426945621 ], [ -99.25813005, 19.404763480999986 ], [ -99.29558729, 19.36907729 ], [ -99.30348343, 19.37783003 ], [ -99.31308765, 19.37044874 ], [ -99.32848442, 19.353092379999975 ], [ -99.33384208, 19.3305904 ], [ -99.35660785, 19.3066758 ], [ -99.34998526, 19.296837180000018 ], [ -99.3649242, 19.277769249999988 ], [ -99.33915989, 19.267697149999989 ], [ -99.34234097, 19.241122400000013 ], [ -99.31534335, 19.22919649 ], [ -99.278695220000017, 19.131701719999963 ], [ -99.29507791, 19.12293151000004 ], [ -99.318318979, 19.08741683000002 ], [ -99.317696449, 19.05338537 ], [ -99.308570249, 19.040301350000014 ], [ -99.317491719, 19.04012585 ], [ -99.311757820000011, 19.024650080000011 ], [ -99.319670449, 19.011271689999965 ], [ -99.308467829, 18.994005491000014 ], [ -99.308716399, 18.958797741 ], [ -99.317162799, 18.940000140000027 ], [ -99.337904849, 18.93239909 ], [ -99.36703683, 18.89399878 ], [ -99.406653629, 18.895187751 ], [ -99.410957019, 18.878183860999989 ], [ -99.42935452, 18.877569290000022 ], [ -99.42588877, 18.826432970999978 ], [ -99.450971739000011, 18.77251995 ], [ -99.463318739000016, 18.767186540000026 ], [ -99.4672442, 18.75189288000001 ], [ -99.49387022, 18.720821089999987 ], [ -99.53643492, 18.693751110000033 ], [ -99.56978155, 18.705510940000011 ], [ -99.58169086, 18.721747580000031 ], [ -99.57972025, 18.735178629999989 ], [ -99.58990892, 18.73930722 ], [ -99.622866060000021, 18.73983891 ], [ -99.62112075, 18.725932780000011 ], [ -99.63090775, 18.720552230000017 ], [ -99.66145586, 18.77130546 ], [ -99.69721551, 18.786336110000033 ], [ -99.69473546, 18.77677228 ], [ -99.709157889, 18.768838880999965 ], [ -99.67197238, 18.71350394 ], [ -99.67956405, 18.711333291 ], [ -99.704728649, 18.73493252 ], [ -99.737031399, 18.739832511 ], [ -99.73909765, 18.728279109999988 ], [ -99.75829577, 18.71127558 ], [ -99.75490034, 18.697387091 ], [ -99.77242275, 18.686197401 ], [ -99.78430558, 18.6623356 ], [ -99.78331555, 18.642366349999985 ], [ -99.79300475, 18.63065763000002 ], [ -99.812517520000014, 18.640857910000012 ], [ -99.81655875, 18.625003430000014 ], [ -99.83048055, 18.627569089999973 ], [ -99.84835952, 18.620258829999987 ], [ -99.84761808, 18.6054904 ], [ -99.8637414, 18.61786203 ], [ -99.88846285, 18.61866305 ], [ -99.90700145, 18.60182097 ], [ -99.94716185, 18.58794057 ], [ -99.96167226, 18.55297891 ], [ -99.98969491, 18.56970215 ], [ -100.00160337, 18.563930060000011 ], [ -99.99930085, 18.583578370000023 ], [ -100.02496363, 18.60686675 ], [ -100.06359594, 18.585503920000011 ], [ -100.07175498, 18.593691489999983 ], [ -100.08241383, 18.587949830000031 ], [ -100.07073151, 18.582816339999983 ], [ -100.06888634, 18.564440649999987 ], [ -100.08995114, 18.522160779999979 ], [ -100.12267729, 18.51649455 ], [ -100.11851554, 18.50596214 ], [ -100.12801218, 18.507803089999978 ], [ -100.13217455, 18.499963980000018 ], [ -100.13618334, 18.506124080000024 ], [ -100.145591510000017, 18.48802192 ], [ -100.15877, 18.491819619999969 ], [ -100.165336, 18.47971363 ], [ -100.17420298, 18.48168134 ], [ -100.17198383, 18.47151415 ], [ -100.18236814, 18.46812154 ], [ -100.18573625, 18.455107230000028 ], [ -100.20013965, 18.456694510000027 ], [ -100.20865577, 18.44122932 ], [ -100.20871123, 18.44915938000003 ], [ -100.217076089, 18.445923691 ], [ -100.23801432, 18.425218721 ], [ -100.236399649, 18.41677177 ], [ -100.25951991, 18.427432689999975 ], [ -100.270891519, 18.373732460999989 ], [ -100.29197828, 18.38160592 ], [ -100.3033764, 18.366942881 ], [ -100.34614129, 18.400314490000021 ], [ -100.35944132, 18.42346186 ], [ -100.38535698, 18.426524140000012 ], [ -100.362003179, 18.49684723 ], [ -100.37370129, 18.529113850000034 ], [ -100.39595369, 18.54052009 ], [ -100.42909695, 18.51004806 ], [ -100.4493616, 18.55656137 ], [ -100.43693697, 18.596474860000029 ], [ -100.42973331, 18.599273220000011 ], [ -100.44650903, 18.62246523000001 ], [ -100.47428932, 18.619216119999972 ], [ -100.48702769, 18.64035165 ], [ -100.4783372, 18.686864779999969 ], [ -100.44713332, 18.70157505 ], [ -100.45037355, 18.716048079999965 ], [ -100.43713043, 18.750555250000012 ], [ -100.41808522, 18.75951408000001 ], [ -100.427758219, 18.766618519999987 ], [ -100.430633750000013, 18.78324845 ], [ -100.45600435, 18.77787815 ], [ -100.45939165, 18.79689269 ], [ -100.481770220000016, 18.798651650000011 ], [ -100.49028505, 18.789303050000012 ], [ -100.49761486, 18.80596069000002 ], [ -100.48988195, 18.810378539999981 ], [ -100.49348271, 18.82391672 ], [ -100.538619890000021, 18.84411065 ], [ -100.54111203, 18.836729280000011 ], [ -100.58549378, 18.85876586000002 ], [ -100.59746866, 18.876181850000016 ], [ -100.60517678, 18.87568172 ], [ -100.61289735, 18.89345451 ], [ -100.60048297, 18.89285149 ], [ -100.60410663, 18.899382749999983 ], [ -100.58938917, 18.90811632 ], [ -100.59323688, 18.91527942 ], [ -100.574235460000011, 18.91453302 ], [ -100.57594762, 18.922873539999987 ], [ -100.56519568, 18.91768985 ], [ -100.56199352, 18.93281471 ], [ -100.54378586, 18.93470371 ], [ -100.54971089, 18.94642017 ], [ -100.54667083, 18.96419457 ], [ -100.53339672, 18.964396979999975 ], [ -100.53772054, 18.98418512 ], [ -100.5232404, 18.99363389 ], [ -100.52985278, 19.00933122 ], [ -100.51415951, 19.00835451 ], [ -100.49528098, 19.02201525000002 ], [ -100.4843358, 19.021025420000029 ], [ -100.47711394, 19.034147489999985 ], [ -100.46129086, 19.03147557 ], [ -100.451157720000012, 19.04776869 ], [ -100.44559308, 19.04543518 ], [ -100.44712635, 19.05202317 ], [ -100.41976855, 19.065943620000017 ], [ -100.41082723, 19.063595080000027 ], [ -100.40665778, 19.10589395 ], [ -100.39515831, 19.117905779999965 ], [ -100.38948229, 19.142912860000031 ], [ -100.36159114, 19.154706828000013 ], [ -100.37819148, 19.171100048 ], [ -100.37110594, 19.177496688 ], [ -100.37308512, 19.194171968 ], [ -100.33125508, 19.23046494 ], [ -100.31988334, 19.25299154 ], [ -100.32006528, 19.2909334 ], [ -100.31309786, 19.297258540000023 ], [ -100.32326506, 19.30680325 ], [ -100.30682137, 19.32282397 ], [ -100.30073063, 19.342744280000012 ], [ -100.31237446, 19.362361119999985 ], [ -100.29437443, 19.38092857 ], [ -100.29309412, 19.39512885999995 ], [ -100.23742517, 19.40351226 ], [ -100.21594203, 19.413421200000023 ], [ -100.18987262, 19.439704050000014 ], [ -100.20608792, 19.454466180000036 ], [ -100.20643778, 19.47037023 ], [ -100.20097975, 19.492791710000031 ], [ -100.17769418, 19.49262475 ], [ -100.20193952, 19.499528260000027 ], [ -100.19642668, 19.53173311 ], [ -100.21469631, 19.552765399999977 ], [ -100.23747632, 19.557218800000033 ], [ -100.25213925, 19.617497949999986 ], [ -100.24751922, 19.634512771000018 ], [ -100.27398972, 19.672251279999983 ], [ -100.26386948, 19.69579045 ], [ -100.24369666, 19.70479322 ], [ -100.23413637, 19.720036229999984 ], [ -100.22580268, 19.717158050000034 ], [ -100.22948998, 19.702205750000019 ], [ -100.20415, 19.70462335 ], [ -100.19211206, 19.697137779999974 ], [ -100.18600622, 19.71297225 ], [ -100.17005346, 19.712947090000018 ], [ -100.16933972, 19.707739110000045 ], [ -100.15562258, 19.721955 ], [ -100.15976458, 19.726050539999985 ], [ -100.14818575, 19.728215199999976 ], [ -100.14340778, 19.74953932 ], [ -100.14932849, 19.766785219999988 ], [ -100.14186485, 19.787388319999984 ], [ -100.14669651, 19.812848109999983 ], [ -100.13148714, 19.85201386 ], [ -100.10204783, 19.853992579999989 ], [ -100.09485363, 19.860426981 ], [ -100.063032819000014, 19.855808630000023 ], [ -100.064704999, 19.862823119999987 ], [ -100.10241977, 19.879710179999989 ], [ -100.119168750000014, 19.91210022000001 ], [ -100.13012249, 19.916193050000029 ], [ -100.13139412, 19.98200186 ], [ -100.11602355, 20.006129710000028 ], [ -100.1252402, 20.012175150000022 ], [ -100.15507772, 20.00744063 ], [ -100.153320169, 20.05367406 ], [ -100.09134325, 20.02425957 ], [ -100.08881794, 20.01501829 ], [ -100.08134077, 20.028850250000019 ], [ -100.06562643, 20.031359140000035 ], [ -100.06172582, 20.03879054 ], [ -100.04379797, 20.036566220000012 ], [ -100.027616, 20.05657708 ], [ -100.00563977, 20.06420051 ], [ -100.00035234, 20.07748040000001 ], [ -99.97846822, 20.07404545 ], [ -99.98019265, 20.05914745 ], [ -99.92633742, 20.064330680000012 ], [ -99.92376685, 20.08413468 ], [ -99.94220645, 20.120100340000032 ], [ -99.93075372, 20.143131890000024 ], [ -99.93621277, 20.162523034000021 ], [ -99.9271756, 20.15714153999998 ], [ -99.92190282, 20.15873997000002 ], [ -99.93520622, 20.16525345 ], [ -99.93713525, 20.181731770000017 ], [ -99.965229819, 20.201157511000034 ], [ -99.964503569, 20.216297860000026 ], [ -99.98646355, 20.25706769 ], [ -99.97681366, 20.272256679999987 ], [ -99.95626023, 20.24842197000001 ], [ -99.95093302, 20.215903509999986 ], [ -99.91841458, 20.211788449999968 ], [ -99.93408083, 20.24999149000001 ], [ -99.92846695, 20.25022114 ], [ -99.92955045, 20.268457659999974 ], [ -99.91236794, 20.285626180000015 ] ] ] } },
{ "type": "Feature", "properties": { "cvegeo": "16", "cve_ent": "16", "nomgeo": "Michoacán de Ocampo", "nom_abrev": "Mich." }, "geometry": { "type": "Polygon", "coordinates": [ [ [ -102.014931742, 20.394468016 ], [ -102.01006405, 20.381856318 ], [ -102.02523491, 20.3479816 ], [ -102.01579712, 20.32930006 ], [ -102.00771522, 20.32658609 ], [ -102.00493191, 20.33244725 ], [ -102.01370246, 20.35063208 ], [ -101.99639003, 20.35964322 ], [ -101.96899069, 20.36025975 ], [ -101.9623372, 20.34468946 ], [ -101.94471717, 20.342128850000016 ], [ -101.9473174, 20.330975940000027 ], [ -101.96347163, 20.31855742 ], [ -101.948957710000016, 20.3151074 ], [ -101.95991889, 20.305135940000014 ], [ -101.9345474, 20.297691461 ], [ -101.94714257, 20.286361579999973 ], [ -101.93686168, 20.28146108 ], [ -101.95118428, 20.27158257 ], [ -101.93217165, 20.24373791 ], [ -101.93987263, 20.227081750000018 ], [ -101.93234657, 20.225889080000027 ], [ -101.9306028, 20.20812126 ], [ -101.91778049, 20.2193314 ], [ -101.90793882, 20.21515295 ], [ -101.91789728, 20.195077319999964 ], [ -101.89302198, 20.20377723 ], [ -101.888114, 20.18839334 ], [ -101.879194450000014, 20.18918151 ], [ -101.88142863, 20.19999754 ], [ -101.87159811, 20.21098885000001 ], [ -101.83386618, 20.224790399999982 ], [ -101.81964611, 20.208665519999983 ], [ -101.82486072, 20.201837599999983 ], [ -101.78661568, 20.219318449999975 ], [ -101.78230885, 20.210751430000037 ], [ -101.75939177, 20.201731909999989 ], [ -101.74351492, 20.20391238 ], [ -101.731199, 20.21480231000001 ], [ -101.72594034, 20.205617970000016 ], [ -101.71062162, 20.20530598 ], [ -101.697934890000013, 20.189674369999977 ], [ -101.68691675, 20.21722105 ], [ -101.66847437, 20.213135139999981 ], [ -101.66330802, 20.237579979999978 ], [ -101.65457717, 20.243496460000046 ], [ -101.64625232, 20.238668050000012 ], [ -101.65092646, 20.253484020000016 ], [ -101.64252065, 20.26764638 ], [ -101.625534, 20.266997690000018 ], [ -101.62396914, 20.27610835 ], [ -101.63492083, 20.28896745 ], [ -101.62465428, 20.314580380000024 ], [ -101.604685, 20.309424400000015 ], [ -101.60107414, 20.298018541 ], [ -101.600932849, 20.310052741000021 ], [ -101.58924478, 20.309601821 ], [ -101.58309772, 20.32735982 ], [ -101.56578214, 20.315740949999981 ], [ -101.55326571, 20.3325158 ], [ -101.53781034, 20.324375250000028 ], [ -101.52293609, 20.332346950000016 ], [ -101.52415646, 20.321230829999983 ], [ -101.51417554, 20.31791177 ], [ -101.50288232, 20.324876600000014 ], [ -101.50106823, 20.311672539999979 ], [ -101.48022728, 20.33017448 ], [ -101.46491005, 20.329010829999969 ], [ -101.45094222, 20.319498320000022 ], [ -101.45669662, 20.304370479999978 ], [ -101.44019705, 20.30519282 ], [ -101.44972297, 20.298228920000028 ], [ -101.44498465, 20.28972543 ], [ -101.45717072, 20.28514209 ], [ -101.45593046, 20.267169680000048 ], [ -101.43685731, 20.26378532 ], [ -101.43548211, 20.277380829999981 ], [ -101.42056248, 20.275203919999974 ], [ -101.39532438, 20.24854934 ], [ -101.36051948, 20.24905574 ], [ -101.35261809, 20.2349322 ], [ -101.36319817, 20.195794420000016 ], [ -101.41989112, 20.20159058000003 ], [ -101.42249825, 20.163226319999975 ], [ -101.403603750000016, 20.142116489999989 ], [ -101.39237495, 20.14402892 ], [ -101.389376, 20.13486377 ], [ -101.39100772, 20.12712072 ], [ -101.40868905, 20.123133829999986 ], [ -101.40469589, 20.080195179999983 ], [ -101.38751315, 20.08296125 ], [ -101.40168028, 20.035009050000014 ], [ -101.38813622, 20.030409879999951 ], [ -101.37494654, 20.04042886000002 ], [ -101.33403925, 20.03152275 ], [ -101.296459520000013, 20.038644779999988 ], [ -101.28097218, 20.02754406 ], [ -101.25303054, 20.03549607999997 ], [ -101.25076555, 20.023264030000011 ], [ -101.23834597, 20.03211855 ], [ -101.220726320000011, 20.01143628 ], [ -101.20305551, 20.00722415 ], [ -101.20153182, 20.025738550000021 ], [ -101.18229477, 20.026861080000028 ], [ -101.16035151, 20.040200149999986 ], [ -101.19631846, 20.057188550000014 ], [ -101.17908465, 20.06243385 ], [ -101.17161977, 20.073451720000023 ], [ -101.17523717, 20.097116310000015 ], [ -101.15437109, 20.085029660000032 ], [ -101.13314708, 20.059984660000033 ], [ -101.11392208, 20.07723329 ], [ -101.07485962, 20.08838818000002 ], [ -101.02135266, 20.086944749999962 ], [ -100.99271515, 20.06448966 ], [ -101.01398657, 20.04571129 ], [ -101.01270154, 20.03775812 ], [ -101.003566620000015, 20.037964 ], [ -101.00808918, 20.028093179999978 ], [ -100.98785365, 20.02691786 ], [ -100.96733468, 20.009914339999987 ], [ -100.97277972000002, 20.00208895 ], [ -100.98270078, 20.002630650000022 ], [ -100.97670925, 19.98273845 ], [ -101.00458282, 19.966589830000029 ], [ -101.00344269, 19.95355626 ], [ -100.98198468, 19.956058120000026 ], [ -100.97661634, 19.93533875 ], [ -100.96441002, 19.928274709999982 ], [ -100.94787935, 19.93356306 ], [ -100.94753938, 19.96254523 ], [ -100.932581889, 19.953490851000041 ], [ -100.906011080000013, 19.961582680000014 ], [ -100.8826128, 19.94392626 ], [ -100.86028595, 19.948942969999983 ], [ -100.854524, 19.93491414 ], [ -100.83576183, 19.93459643 ], [ -100.83286912, 19.97239532 ], [ -100.824301449, 19.97832909 ], [ -100.792063939, 19.9555748 ], [ -100.778813619, 19.91514969 ], [ -100.748752781, 19.912750181000018 ], [ -100.718817351, 19.940519370000018 ], [ -100.68064849, 19.950463151 ], [ -100.66038134, 19.96454834 ], [ -100.648869, 19.95800122 ], [ -100.61757338, 19.95769255 ], [ -100.59560331, 19.991662020000021 ], [ -100.57671014, 19.99306078 ], [ -100.55789489, 19.99171555 ], [ -100.55678186, 19.98529837 ], [ -100.565698860000012, 19.9745312 ], [ -100.58759408, 19.971390339999985 ], [ -100.59307574, 19.958280370000022 ], [ -100.56548168, 19.966139319999986 ], [ -100.55071702, 19.957965970000018 ], [ -100.533934230000014, 19.969214820000015 ], [ -100.54063118000002, 19.974929290000027 ], [ -100.53182334, 19.976394490000011 ], [ -100.5267794, 19.965760450000033 ], [ -100.53600851, 19.9230066 ], [ -100.51994645, 19.91882005 ], [ -100.51168709, 19.95821609 ], [ -100.49818423, 19.9580432 ], [ -100.46245566, 19.97926829 ], [ -100.46582435, 19.987398029999984 ], [ -100.44358388, 19.982285 ], [ -100.36293112, 19.98986108 ], [ -100.37040326, 20.02126558 ], [ -100.36050505, 20.023960689999988 ], [ -100.35496966, 20.01011958000003 ], [ -100.35826368, 20.064916460000013 ], [ -100.38975111, 20.080822940000022 ], [ -100.39725668, 20.096952750000021 ], [ -100.38529154, 20.104505580000012 ], [ -100.39151168, 20.12103318 ], [ -100.37088694, 20.136185420000025 ], [ -100.35583669, 20.18238594 ], [ -100.34030845, 20.189736919999973 ], [ -100.35234251, 20.20046088 ], [ -100.35523671, 20.21901835 ], [ -100.32355837, 20.25193402 ], [ -100.33106782, 20.266762830000015 ], [ -100.34408772, 20.272944263 ], [ -100.35065648, 20.288413089999985 ], [ -100.345833110000015, 20.29800021999997 ], [ -100.26045665, 20.267509939999982 ], [ -100.24512634, 20.25036443 ], [ -100.18114402, 20.20880054 ], [ -100.191863849, 20.17600008 ], [ -100.23560355, 20.14345858 ], [ -100.19739283, 20.129888460000014 ], [ -100.20294109, 20.07664937 ], [ -100.17982649, 20.083002170000025 ], [ -100.18308723, 20.07385543 ], [ -100.1767356, 20.070909480000015 ], [ -100.1644622, 20.078346520000025 ], [ -100.15720682, 20.07068114 ], [ -100.16264042, 20.063046 ], [ -100.14710051, 20.057669709999981 ], [ -100.1380788, 20.047564430000016 ], [ -100.13935062, 20.042970509999989 ], [ -100.146911079, 20.055171021000024 ], [ -100.153320169, 20.05367406 ], [ -100.15769503, 20.017914860000023 ], [ -100.15376955, 20.00638982 ], [ -100.1252402, 20.012175150000022 ], [ -100.11602355, 20.006129710000028 ], [ -100.13139412, 19.98200186 ], [ -100.13012249, 19.916193050000029 ], [ -100.119168750000014, 19.91210022000001 ], [ -100.10241977, 19.879710179999989 ], [ -100.064704999, 19.862823119999987 ], [ -100.063032819000014, 19.855808630000023 ], [ -100.09485363, 19.860426981 ], [ -100.10204783, 19.853992579999989 ], [ -100.13148714, 19.85201386 ], [ -100.14669651, 19.812848109999983 ], [ -100.14186485, 19.787388319999984 ], [ -100.14932849, 19.766785219999988 ], [ -100.14340778, 19.74953932 ], [ -100.14818575, 19.728215199999976 ], [ -100.15976458, 19.726050539999985 ], [ -100.15562258, 19.721955 ], [ -100.16933972, 19.707739110000045 ], [ -100.17005346, 19.712947090000018 ], [ -100.18600622, 19.71297225 ], [ -100.19025003, 19.69818942 ], [ -100.19211206, 19.697137779999974 ], [ -100.20415, 19.70462335 ], [ -100.22948998, 19.702205750000019 ], [ -100.22580268, 19.717158050000034 ], [ -100.23413637, 19.720036229999984 ], [ -100.24369666, 19.70479322 ], [ -100.26386948, 19.69579045 ], [ -100.27398972, 19.672251279999983 ], [ -100.24751922, 19.634512771000018 ], [ -100.25213925, 19.617497949999986 ], [ -100.23747632, 19.557218800000033 ], [ -100.21469631, 19.552765399999977 ], [ -100.19642668, 19.53173311 ], [ -100.20193952, 19.499528260000027 ], [ -100.17769418, 19.49262475 ], [ -100.20097975, 19.492791710000031 ], [ -100.20643778, 19.47037023 ], [ -100.20608792, 19.454466180000036 ], [ -100.18987262, 19.439704050000014 ], [ -100.21594203, 19.413421200000023 ], [ -100.23742517, 19.40351226 ], [ -100.29309412, 19.39512885999995 ], [ -100.29437443, 19.38092857 ], [ -100.31237446, 19.362361119999985 ], [ -100.30073063, 19.342744280000012 ], [ -100.30682137, 19.32282397 ], [ -100.32326506, 19.30680325 ], [ -100.31309786, 19.297258540000023 ], [ -100.32006528, 19.2909334 ], [ -100.31988334, 19.25299154 ], [ -100.33125508, 19.23046494 ], [ -100.37308512, 19.194171968 ], [ -100.37110594, 19.177496688 ], [ -100.37819148, 19.171100048 ], [ -100.36159114, 19.154706828000013 ], [ -100.38948229, 19.142912860000031 ], [ -100.39515831, 19.117905779999965 ], [ -100.40665778, 19.10589395 ], [ -100.41082723, 19.063595080000027 ], [ -100.41976855, 19.065943620000017 ], [ -100.44712635, 19.05202317 ], [ -100.44559308, 19.04543518 ], [ -100.451157720000012, 19.04776869 ], [ -100.46129086, 19.03147557 ], [ -100.47711394, 19.034147489999985 ], [ -100.4843358, 19.021025420000029 ], [ -100.49528098, 19.02201525000002 ], [ -100.51415951, 19.00835451 ], [ -100.52985278, 19.00933122 ], [ -100.5232404, 18.99363389 ], [ -100.53772054, 18.98418512 ], [ -100.53339672, 18.964396979999975 ], [ -100.54667083, 18.96419457 ], [ -100.54971089, 18.94642017 ], [ -100.54378586, 18.93470371 ], [ -100.56199352, 18.93281471 ], [ -100.56519568, 18.91768985 ], [ -100.57594762, 18.922873539999987 ], [ -100.574235460000011, 18.91453302 ], [ -100.59323688, 18.91527942 ], [ -100.58938917, 18.90811632 ], [ -100.60410663, 18.899382749999983 ], [ -100.60048297, 18.89285149 ], [ -100.61289735, 18.89345451 ], [ -100.62224717, 18.866835249999976 ], [ -100.64083675, 18.86590609000001 ], [ -100.64341352, 18.848876819999983 ], [ -100.66608186, 18.83425477 ], [ -100.67293297, 18.82480497 ], [ -100.66685378, 18.81937966 ], [ -100.68000363, 18.81722589 ], [ -100.69606854, 18.79412549 ], [ -100.70583817, 18.796406519999973 ], [ -100.70275557, 18.82375974 ], [ -100.71196777, 18.82590902 ], [ -100.70956058, 18.83584888 ], [ -100.73636737, 18.851313690000016 ], [ -100.73683074, 18.86050985 ], [ -100.74620235, 18.85797935 ], [ -100.74840342, 18.86793257 ], [ -100.77692225, 18.859752290000017 ], [ -100.79177089, 18.834168479999974 ], [ -100.78251752, 18.80165351 ], [ -100.79896894, 18.78453578 ], [ -100.79015606, 18.761444920000013 ], [ -100.79691198, 18.74627017000001 ], [ -100.78178035, 18.74510508 ], [ -100.772935180000019, 18.732567710000019 ], [ -100.78540505, 18.69148072 ], [ -100.783520420000016, 18.68702718 ], [ -100.77028262, 18.69271023 ], [ -100.76128229, 18.67598895 ], [ -100.76010371, 18.64163055 ], [ -100.75121282, 18.64166672 ], [ -100.76489572, 18.56121134 ], [ -100.74422518, 18.518072969999988 ], [ -100.7299912, 18.51972372 ], [ -100.70954277, 18.495977570000022 ], [ -100.70747142, 18.488234180000042 ], [ -100.71504118, 18.486397020000016 ], [ -100.704613599, 18.483315311 ], [ -100.69779029, 18.49064115 ], [ -100.6479778, 18.457411599999972 ], [ -100.63724448, 18.45774917 ], [ -100.63149212, 18.43846965 ], [ -100.5906968, 18.41546094 ], [ -100.60874138, 18.379189520000022 ], [ -100.626939, 18.375651510000012 ], [ -100.64586748, 18.34614974 ], [ -100.676693719000014, 18.372559480000017 ], [ -100.67495485000002, 18.38362494 ], [ -100.68932348, 18.393939350000011 ], [ -100.69105122, 18.414153170000013 ], [ -100.70703845, 18.419 ], [ -100.72273026, 18.40044938 ], [ -100.73736932, 18.427301459999978 ], [ -100.7513584, 18.425771230000016 ], [ -100.77764326, 18.439543350000022 ], [ -100.79817758, 18.48054112 ], [ -100.83848075, 18.47306932 ], [ -100.8591712, 18.478387349999966 ], [ -100.87397543, 18.492008780000013 ], [ -100.89436837, 18.46313866 ], [ -100.91451602, 18.471750200000013 ], [ -100.92299408, 18.44416271 ], [ -100.94275314, 18.45507735 ], [ -100.95358755, 18.44507834 ], [ -100.9631142, 18.44572972 ], [ -100.963895080000015, 18.471826230000012 ], [ -100.98466346, 18.489089060000026 ], [ -101.00487551, 18.49222448 ], [ -101.01200328, 18.52754302000001 ], [ -101.0379678, 18.526206029999983 ], [ -101.08866086, 18.505907859999979 ], [ -101.12026862, 18.5092568 ], [ -101.13151185, 18.517493460000011 ], [ -101.1427864, 18.51053252 ], [ -101.1682136, 18.5210244 ], [ -101.19156694, 18.51782752 ], [ -101.2119006, 18.53641725 ], [ -101.270014660000015, 18.535158349999953 ], [ -101.28207717, 18.54473403 ], [ -101.29896008, 18.533126059999987 ], [ -101.3618772, 18.5202178 ], [ -101.3656042, 18.499882249999985 ], [ -101.37858997, 18.50984668 ], [ -101.39492228, 18.506126619999975 ], [ -101.40688495, 18.512512569999966 ], [ -101.41758063, 18.49754811 ], [ -101.43215494, 18.50167643 ], [ -101.44194723, 18.48899338 ], [ -101.45742089, 18.49735406 ], [ -101.468021920000012, 18.48693552 ], [ -101.50648031, 18.48669282999996 ], [ -101.58356334, 18.52099477 ], [ -101.605087080000018, 18.574595249999987 ], [ -101.62449978, 18.599153980000043 ], [ -101.63899314, 18.602534400000053 ], [ -101.701175850000013, 18.58789338 ], [ -101.71735718, 18.6120108 ], [ -101.77179418, 18.603721399999987 ], [ -101.84384443, 18.57439574 ], [ -101.88225983, 18.53422766 ], [ -101.88792518, 18.481495249999988 ], [ -101.86044205, 18.44618517 ], [ -101.87375883, 18.437485579999976 ], [ -101.88931614, 18.400473229999953 ], [ -101.87303372, 18.384297380000021 ], [ -101.87405402, 18.368346420000016 ], [ -101.86156695, 18.356467969999983 ], [ -101.8708012, 18.331767490000018 ], [ -101.85571614, 18.31427555 ], [ -101.87019782, 18.308322859999976 ], [ -101.862694680000018, 18.287228480000035 ], [ -101.88291574, 18.277437139999964 ], [ -101.86324931, 18.261655139999977 ], [ -101.88303877, 18.262423880000018 ], [ -101.89681948, 18.277115219999981 ], [ -101.90712262, 18.261184750000023 ], [ -101.9066474, 18.244807850000022 ], [ -101.92797262, 18.231610689999982 ], [ -101.97340885, 18.232307090000013 ], [ -101.97648445, 18.208015180000018 ], [ -102.01905528, 18.20211572 ], [ -102.03867717, 18.20819631 ], [ -102.05736846, 18.19515255 ], [ -102.14031434, 18.18826488 ], [ -102.16181818, 18.164148249999982 ], [ -102.16321052, 18.14477688 ], [ -102.17871055, 18.120341429999979 ], [ -102.18130798, 18.00331588 ], [ -102.17327503, 17.98963682 ], [ -102.13755174, 17.96968411 ], [ -102.13298928, 17.950835779999984 ], [ -102.137795468, 17.935293804 ], [ -102.191775106, 17.913368377 ], [ -102.309182701, 17.969486373999967 ], [ -102.480420754, 18.017365886999983 ], [ -102.518710012, 18.021458419999959 ], [ -102.611049381, 18.048526193000011 ], [ -102.649642184, 18.049328562999968 ], [ -102.673503507, 18.059203311 ], [ -102.699239935, 18.055135978999967 ], [ -102.718947583, 18.061018007 ], [ -102.725165829, 18.070322697999959 ], [ -102.744264334, 18.067042849000035 ], [ -102.74811246, 18.074939179999987 ], [ -102.759134, 18.06987591 ], [ -102.763385977, 18.077773250999986 ], [ -102.789674522, 18.082864820999983 ], [ -103.028361743, 18.186746175999971 ], [ -103.062930519, 18.194130386000019 ], [ -103.070082503, 18.188953549 ], [ -103.109520641, 18.190209428999989 ], [ -103.117582808, 18.20270334300001 ], [ -103.146603589, 18.200347359999988 ], [ -103.186281752, 18.221822344999982 ], [ -103.206325136000018, 18.222299849 ], [ -103.212325841, 18.232035004000011 ], [ -103.235114994, 18.230569561 ], [ -103.291839877, 18.247124542000016 ], [ -103.308126842, 18.260689242000012 ], [ -103.339605245, 18.270764435 ], [ -103.361391677, 18.264551441000052 ], [ -103.37655503, 18.281062996000045 ], [ -103.38916998, 18.279689095999966 ], [ -103.397431469, 18.289300215 ], [ -103.40378242, 18.286382709999977 ], [ -103.41473234, 18.296902819999989 ], [ -103.493368648, 18.328635916999986 ], [ -103.49454297, 18.33633054 ], [ -103.51227249, 18.346373151 ], [ -103.513620146, 18.362559062 ], [ -103.530063542, 18.38329395700001 ], [ -103.529416594, 18.404954300000011 ], [ -103.58309082, 18.50590615 ], [ -103.66989635, 18.57925492 ], [ -103.71188422, 18.59700566 ], [ -103.69028052, 18.61243875000001 ], [ -103.68620743000001, 18.62863851 ], [ -103.70988568, 18.66296015 ], [ -103.737905233, 18.684022942 ], [ -103.73798223, 18.694074430000018 ], [ -103.71893031, 18.71043149 ], [ -103.70030265, 18.75435575 ], [ -103.68543838, 18.75729277 ], [ -103.679017, 18.773211050000018 ], [ -103.63797822, 18.78320754 ], [ -103.62003102, 18.8013832 ], [ -103.626199650000018, 18.830974369999968 ], [ -103.61718726, 18.842851339999985 ], [ -103.64057237, 18.86724449 ], [ -103.63028009, 18.885324849999989 ], [ -103.615556110000014, 18.892420880000014 ], [ -103.6025266, 18.881599260000055 ], [ -103.59629009, 18.883945369999982 ], [ -103.58757569, 18.865846950000016 ], [ -103.58234403, 18.875624859999981 ], [ -103.57324414, 18.87132789 ], [ -103.55807468, 18.90658043 ], [ -103.5320448, 18.90543460000001 ], [ -103.53362032, 18.927036199999989 ], [ -103.51411398, 18.934931750000018 ], [ -103.52231826, 18.94851571 ], [ -103.50637, 18.94822552 ], [ -103.50291538, 18.957789550000022 ], [ -103.50860145, 18.96367132 ], [ -103.49120206000002, 18.958355780000012 ], [ -103.47309551, 18.991066710000023 ], [ -103.46312732, 18.97702092 ], [ -103.41945272, 18.981250689999989 ], [ -103.41143392, 18.96765929 ], [ -103.39442111, 18.967414629999972 ], [ -103.37724888, 18.980170460000011 ], [ -103.33248517, 18.973251309999988 ], [ -103.225391770000016, 19.02412331 ], [ -103.217396480000019, 19.003532229999973 ], [ -103.20951885, 19.002986650000018 ], [ -103.204472, 18.967612249999988 ], [ -103.17336423, 18.93626392 ], [ -103.14963345, 18.92593788 ], [ -103.12501946, 18.930144659999986 ], [ -103.0881088, 18.984108710000019 ], [ -103.05249957, 18.998125420000015 ], [ -103.06377302, 19.005673489999985 ], [ -103.06323851, 19.02785408 ], [ -103.05056046, 19.03559929 ], [ -103.03324208, 19.02911762 ], [ -103.02521426, 19.05310385 ], [ -102.99083523, 19.053378910000042 ], [ -103.01600568, 19.079185309999986 ], [ -103.01945538, 19.103836510000018 ], [ -103.01202285, 19.109196689999987 ], [ -103.01972702, 19.132371169999981 ], [ -103.00445982, 19.137571340000015 ], [ -102.97762271, 19.12006091000001 ], [ -102.97935777, 19.152413259999989 ], [ -102.96009609, 19.17405588999998 ], [ -102.93615095, 19.173624980000024 ], [ -102.935133420000014, 19.182032249999985 ], [ -102.91507263, 19.179367109999973 ], [ -102.8864328, 19.20439138 ], [ -102.86537706, 19.211285430000014 ], [ -102.86260197, 19.20322963 ], [ -102.84564031, 19.199048030000011 ], [ -102.831421060000011, 19.214639830000035 ], [ -102.8244334, 19.20569323 ], [ -102.80836146, 19.223264120000014 ], [ -102.79376414, 19.22540808 ], [ -102.7902432, 19.242458 ], [ -102.753815919, 19.255805061 ], [ -102.73772086, 19.242202400999982 ], [ -102.712722149, 19.235808061 ], [ -102.69659328, 19.248808860999961 ], [ -102.700691569, 19.22453663 ], [ -102.669922689, 19.21241206000002 ], [ -102.638209889, 19.262659541000012 ], [ -102.64309566, 19.278340401 ], [ -102.632715919, 19.30698195100004 ], [ -102.61117763, 19.32279625 ], [ -102.601056020000016, 19.364486771000017 ], [ -102.56880075, 19.41262597 ], [ -102.576787, 19.423908919999988 ], [ -102.56508085, 19.435157340000011 ], [ -102.551044149, 19.42537802 ], [ -102.54371543, 19.429580170999973 ], [ -102.55924034, 19.436880400000021 ], [ -102.54769278, 19.43948789 ], [ -102.5587022, 19.44700389 ], [ -102.56858137, 19.445478350000016 ], [ -102.56329892, 19.464926979999984 ], [ -102.54270538, 19.47803311 ], [ -102.54908115, 19.492422859999987 ], [ -102.57594345, 19.498061779999968 ], [ -102.57186142, 19.511191830000016 ], [ -102.581864200000012, 19.52825512 ], [ -102.62052958, 19.49877166 ], [ -102.65752782, 19.487237279999974 ], [ -102.67093011, 19.490625879999989 ], [ -102.67302472, 19.511995310000017 ], [ -102.68948709, 19.513415680000012 ], [ -102.72372805, 19.493176090000023 ], [ -102.73806494, 19.49335948 ], [ -102.73096978, 19.510544849999981 ], [ -102.7245772, 19.50912223 ], [ -102.71751903, 19.51946772000003 ], [ -102.71065635, 19.541068769999967 ], [ -102.718446340000014, 19.55031926 ], [ -102.71351671, 19.563261340000025 ], [ -102.72035925, 19.57962175 ], [ -102.72603889, 19.579025549999987 ], [ -102.71593205, 19.60293515 ], [ -102.72608755, 19.613136829999988 ], [ -102.747566350000014, 19.61277703 ], [ -102.76085877, 19.627533910000011 ], [ -102.77584946, 19.627715 ], [ -102.78418648, 19.65208754 ], [ -102.79260148, 19.65455057 ], [ -102.79120335, 19.673186420000025 ], [ -102.805662540000014, 19.67483777 ], [ -102.78048172, 19.70432409 ], [ -102.81080472, 19.74101609 ], [ -102.80392628, 19.752157630000031 ], [ -102.81627409, 19.74990506 ], [ -102.80860646, 19.759560779999958 ], [ -102.81280868, 19.77595337 ], [ -102.81952685, 19.777941200000011 ], [ -102.79231223, 19.814115509999986 ], [ -102.75908268, 19.807984450000021 ], [ -102.73939631, 19.81582583 ], [ -102.7533302, 19.834123509999976 ], [ -102.73035268, 19.85320868 ], [ -102.73476892, 19.874518179999967 ], [ -102.74249005, 19.878759479999985 ], [ -102.73121511, 19.89950785 ], [ -102.770633549, 19.929868451 ], [ -102.784036049, 19.951235691 ], [ -102.776873579, 19.960153741000031 ], [ -102.79400946, 19.950291021 ], [ -102.82196938, 19.96457703 ], [ -102.88204963, 19.975769260000011 ], [ -102.88209694, 19.969585110000018 ], [ -102.90262189, 19.966863480000015 ], [ -102.92626762, 19.984187549999973 ], [ -102.94362422, 19.98413362999996 ], [ -102.95121494, 19.996556510000019 ], [ -102.99380968, 19.983894750000019 ], [ -103.015482750000018, 19.959754019999981 ], [ -103.02521955, 19.96049209 ], [ -103.05150418, 19.99161115 ], [ -103.03569602, 20.02941477 ], [ -103.024385450000011, 20.033308850000012 ], [ -103.02651682, 20.049343660000019 ], [ -103.02072003, 20.047306350000021 ], [ -103.04171094, 20.090640660000037 ], [ -103.03281555, 20.111360620000024 ], [ -103.04258988, 20.11519566 ], [ -103.04415234, 20.124119379999978 ], [ -103.03133348, 20.12675138 ], [ -103.03246368, 20.136446950000028 ], [ -103.00481854, 20.138195710000016 ], [ -102.99839415, 20.125960619999976 ], [ -102.97058391, 20.12540362 ], [ -102.95958017, 20.141240080000017 ], [ -102.942026, 20.12882879999998 ], [ -102.92644828, 20.12957518 ], [ -102.92450008, 20.136258449999978 ], [ -102.95400314, 20.16656854 ], [ -102.94017026, 20.17168183 ], [ -102.88688138, 20.158808800000013 ], [ -102.865953260000012, 20.162363620000022 ], [ -102.85230837, 20.14924735000001 ], [ -102.85499431, 20.13671275 ], [ -102.84067468, 20.11610911 ], [ -102.81628738, 20.10604788 ], [ -102.8018734, 20.12303429 ], [ -102.81925342, 20.136826030000037 ], [ -102.81520406, 20.139264649999959 ], [ -102.77614711, 20.138446370000025 ], [ -102.730226280000011, 20.16661806 ], [ -102.67972186, 20.171501549999959 ], [ -102.68537031, 20.218005309999988 ], [ -102.67902537, 20.22691311 ], [ -102.6608762, 20.2315458 ], [ -102.64120002, 20.22345348 ], [ -102.627331249, 20.22938555 ], [ -102.61014554, 20.26908851 ], [ -102.59048612, 20.25846534000004 ], [ -102.566679310000012, 20.26562497999997 ], [ -102.56458298, 20.278155029999972 ], [ -102.55497735, 20.26068535 ], [ -102.54411808, 20.2805594 ], [ -102.52927762, 20.27061529000002 ], [ -102.5200824, 20.280415179999977 ], [ -102.53001818, 20.296220849999983 ], [ -102.50895542, 20.301355490000017 ], [ -102.50544249, 20.315857750000017 ], [ -102.49062868, 20.30860134000002 ], [ -102.48099825, 20.324905630000011 ], [ -102.454860479, 20.328968801 ], [ -102.44738626, 20.338490520000025 ], [ -102.36670075, 20.327795120000019 ], [ -102.32722422, 20.34948329 ], [ -102.31608994, 20.344587140000041 ], [ -102.30659802, 20.358163579999985 ], [ -102.29206212, 20.352976200999976 ], [ -102.2898596, 20.340835980000019 ], [ -102.284086, 20.345560169999978 ], [ -102.254159820000012, 20.335265600000039 ], [ -102.221805250000017, 20.344068770000014 ], [ -102.20812154, 20.35667983 ], [ -102.19660682, 20.350497120000014 ], [ -102.17536614, 20.355966059999975 ], [ -102.17702246, 20.36815445 ], [ -102.15815805, 20.366960229999979 ], [ -102.16816768, 20.37874043 ], [ -102.13489826, 20.37566278 ], [ -102.13157451, 20.38112913999997 ], [ -102.10885975, 20.37804872 ], [ -102.08731205, 20.384894029999987 ], [ -102.065032629, 20.374921571000012 ], [ -102.02265091, 20.38088994 ], [ -102.014931742, 20.394468016 ] ] ] } },
{ "type": "Feature", "properties": { "cvegeo": "17", "cve_ent": "17", "nomgeo": "Morelos", "nom_abrev": "Mor." }, "geometry": { "type": "Polygon", "coordinates": [ [ [ -99.135379018, 19.089296071 ], [ -99.059800232000015, 19.048236663000029 ], [ -99.043208864, 19.075755461 ], [ -99.028993682, 19.085368792000033 ], [ -98.983594486, 19.078763251000016 ], [ -98.957778550000015, 19.060294489999979 ], [ -98.94434755, 19.06973442 ], [ -98.91559817, 19.064057279999989 ], [ -98.90338978, 19.038482889999987 ], [ -98.87102643, 19.02539315 ], [ -98.87405917, 19.010403850000014 ], [ -98.87000552, 18.99051039999998 ], [ -98.85733335, 18.97459190999998 ], [ -98.85947965, 18.96477794 ], [ -98.83589088, 18.950151770000023 ], [ -98.82645055, 18.95669088 ], [ -98.81685268, 18.943262540000017 ], [ -98.79208028, 18.935339879999983 ], [ -98.78611495, 18.94290095 ], [ -98.71403711, 18.943032340000027 ], [ -98.66447448, 19.00355686 ], [ -98.63294665, 19.015549520000043 ], [ -98.64961171, 18.999577399999986 ], [ -98.67362938, 18.95166517 ], [ -98.67809191, 18.92371748 ], [ -98.70734323, 18.902855510000016 ], [ -98.71347151, 18.867243619999989 ], [ -98.69775995, 18.876952519999985 ], [ -98.70031366, 18.893795709999978 ], [ -98.68141455, 18.90716732 ], [ -98.66592891, 18.90603972 ], [ -98.66486031, 18.887665429999959 ], [ -98.68197717, 18.87596137 ], [ -98.70714625, 18.82180097 ], [ -98.72794571, 18.805509 ], [ -98.73385823, 18.778082859999984 ], [ -98.75349392, 18.74296938 ], [ -98.73866954, 18.73716537 ], [ -98.72893937000002, 18.74523646 ], [ -98.71590709, 18.73918951 ], [ -98.72398546, 18.71906742 ], [ -98.741882280000013, 18.702177169999985 ], [ -98.71989608, 18.655953369999985 ], [ -98.71142631, 18.61645475 ], [ -98.71983997, 18.600709 ], [ -98.71256629, 18.5879576 ], [ -98.71667357, 18.56591998 ], [ -98.70275108, 18.53878698 ], [ -98.71336158, 18.52056474 ], [ -98.70193994, 18.512185950000021 ], [ -98.707330089, 18.492850851000014 ], [ -98.69897388, 18.494980490999975 ], [ -98.710415569, 18.46806682 ], [ -98.70669912, 18.445112230999989 ], [ -98.72695277, 18.439533119999989 ], [ -98.738083180000018, 18.455737920000011 ], [ -98.75219135, 18.4539242 ], [ -98.76100083, 18.475445629999978 ], [ -98.78677325, 18.48462718 ], [ -98.810558940000021, 18.51931283 ], [ -98.827766259, 18.523885542999977 ], [ -98.840344060000021, 18.51277162 ], [ -98.83645028, 18.49457591 ], [ -98.8504086, 18.47803466 ], [ -98.87057955, 18.47920232 ], [ -98.912220620000014, 18.462121629999988 ], [ -98.90540577, 18.459739710000012 ], [ -98.91517229, 18.45782125 ], [ -98.91931732, 18.431964850000028 ], [ -98.93515195, 18.422903850000012 ], [ -98.95143382, 18.41763342 ], [ -98.98537245, 18.42115398 ], [ -98.98793868, 18.39706377000001 ], [ -99.00093492, 18.38825715 ], [ -99.01817508, 18.38778437 ], [ -99.03144069, 18.36494169 ], [ -99.05877252, 18.34885552 ], [ -99.06478643, 18.33237308 ], [ -99.07598711, 18.34284189 ], [ -99.06629572, 18.367780199999988 ], [ -99.07283926, 18.377312460000013 ], [ -99.08125646, 18.373114710000028 ], [ -99.07853645, 18.38706597 ], [ -99.08954689, 18.399985719999986 ], [ -99.10051832, 18.401189 ], [ -99.11065777, 18.419074580000025 ], [ -99.12831486, 18.427308980000028 ], [ -99.12439525, 18.44123965 ], [ -99.13609829, 18.44918695 ], [ -99.14109395, 18.47524180000002 ], [ -99.14241122, 18.465285340000026 ], [ -99.15612757, 18.466348429999982 ], [ -99.18131508, 18.448417749999976 ], [ -99.17790537, 18.42474525 ], [ -99.20667403, 18.44743443 ], [ -99.20542163, 18.456588799999981 ], [ -99.24600706, 18.45643337 ], [ -99.24760734, 18.450999249999985 ], [ -99.32836782, 18.45954025 ], [ -99.32826428, 18.488831539999961 ], [ -99.35267526, 18.485980829999985 ], [ -99.34344566, 18.46712786 ], [ -99.35740426, 18.46766917 ], [ -99.36295192, 18.499026719999968 ], [ -99.39027118, 18.525682830000012 ], [ -99.407804430000013, 18.55606637 ], [ -99.42288218, 18.56206788000004 ], [ -99.41970445, 18.590336660000013 ], [ -99.440495, 18.59746440000001 ], [ -99.44120146, 18.612574 ], [ -99.45388632, 18.609902319999986 ], [ -99.49441415, 18.7205448 ], [ -99.4672442, 18.75189288000001 ], [ -99.463318739000016, 18.767186540000026 ], [ -99.450971739000011, 18.77251995 ], [ -99.42588877, 18.826432970999978 ], [ -99.42935452, 18.877569290000022 ], [ -99.410957019, 18.878183860999989 ], [ -99.406653629, 18.895187751 ], [ -99.36703683, 18.89399878 ], [ -99.337904849, 18.93239909 ], [ -99.317162799, 18.940000140000027 ], [ -99.313036229, 18.948117351 ], [ -99.308467829, 18.994005491000014 ], [ -99.319670449, 19.011271689999965 ], [ -99.311757820000011, 19.024650080000011 ], [ -99.318906369, 19.031068710000024 ], [ -99.317491719, 19.04012585 ], [ -99.308570249, 19.040301350000014 ], [ -99.317696449, 19.05338537 ], [ -99.318318979, 19.08741683000002 ], [ -99.29507791, 19.12293151000004 ], [ -99.278695219, 19.131701723 ], [ -99.22677778, 19.096060004000016 ], [ -99.135379018, 19.089296071 ] ] ] } },
{ "type": "Feature", "properties": { "cvegeo": "18", "cve_ent": "18", "nomgeo": "Nayarit", "nom_abrev": "Nay." }, "geometry": { "type": "MultiPolygon", "coordinates": [ [ [ [ -105.27474442, 21.04730438 ], [ -105.27134392, 21.049248720000019 ], [ -105.27182754, 21.046382739999963 ], [ -105.27474442, 21.04730438 ] ] ], [ [ [ -106.228135481, 21.332586413 ], [ -106.222211493, 21.321431981000014 ], [ -106.227142312, 21.321993970000047 ], [ -106.229787048, 21.291858176 ], [ -106.237205671, 21.299742499 ], [ -106.24198964, 21.292822127000036 ], [ -106.256683519, 21.292918743 ], [ -106.27912679, 21.314609947 ], [ -106.258256504, 21.33479159 ], [ -106.228135481, 21.332586413 ] ] ], [ [ [ -106.46053712, 21.49455195 ], [ -106.37119649, 21.48068162 ], [ -106.358637540000018, 21.45527335 ], [ -106.38033309, 21.448398770000026 ], [ -106.38637485, 21.419754420000011 ], [ -106.41258028, 21.42284195 ], [ -106.42208911, 21.43286711 ], [ -106.44530902, 21.43562134 ], [ -106.46875997, 21.45128442 ], [ -106.48030855, 21.449614140000044 ], [ -106.49400834, 21.466203230000051 ], [ -106.46053712, 21.49455195 ] ] ], [ [ [ -106.66056268, 21.692543400000019 ], [ -106.59823877, 21.690328769999983 ], [ -106.53630705, 21.658084319999986 ], [ -106.537142088, 21.632841770000045 ], [ -106.50569988, 21.60334523 ], [ -106.51562391, 21.58592625 ], [ -106.5118474, 21.57046238 ], [ -106.52112578, 21.56701186 ], [ -106.532201180000015, 21.544769219999985 ], [ -106.54167763, 21.5443116 ], [ -106.53763534, 21.555616109999988 ], [ -106.546226710000013, 21.563214850000016 ], [ -106.62897289, 21.598612090000014 ], [ -106.62951188, 21.61846838 ], [ -106.65608494, 21.65587408000005 ], [ -106.64687305, 21.666931350000013 ], [ -106.66056268, 21.692543400000019 ] ] ], [ [ [ -106.67320971, 21.77485209000001 ], [ -106.65771566, 21.739452690000014 ], [ -106.67696195, 21.728596629999988 ], [ -106.68772678, 21.759368230000018 ], [ -106.68165415, 21.758709049999986 ], [ -106.67320971, 21.77485209000001 ] ] ], [ [ [ -105.889684118, 21.854174738 ], [ -105.881724953, 21.850382071999988 ], [ -105.880267896, 21.846725178000014 ], [ -105.880275559, 21.842550796 ], [ -105.887365848, 21.840809927999981 ], [ -105.889684118, 21.854174738 ] ] ], [ [ [ -105.38356734, 23.08174158 ], [ -105.35831631, 23.073923369999985 ], [ -105.35794028, 23.063195310000015 ], [ -105.35047118, 23.060575339999989 ], [ -105.35877918, 23.046257569999973 ], [ -105.35079626, 23.035634459999983 ], [ -105.35385651, 23.0197848 ], [ -105.33370491, 22.99468209 ], [ -105.34304926, 22.96815929 ], [ -105.33084949, 22.963173179999988 ], [ -105.33414166, 22.95340892 ], [ -105.32356989, 22.941330170000015 ], [ -105.297699060000014, 22.954162110000013 ], [ -105.07601578, 22.959638829999985 ], [ -105.00313942, 22.976982680000013 ], [ -105.00834105, 22.96845869 ], [ -104.99689314, 22.9520016 ], [ -105.01003912, 22.922362739999979 ], [ -105.00005417, 22.908897170000028 ], [ -105.00506914, 22.90355206 ], [ -104.98779563, 22.888252019999989 ], [ -104.98840523, 22.836049320000011 ], [ -104.95896731, 22.813604599999987 ], [ -104.951720750000021, 22.82182974 ], [ -104.94050486, 22.816163280000016 ], [ -104.93422628, 22.82731089 ], [ -104.9183892, 22.81978075 ], [ -104.90557632, 22.799577520000014 ], [ -104.91337535, 22.790485969999981 ], [ -104.91563665, 22.74853797 ], [ -104.89272045, 22.737409250000024 ], [ -105.05730269, 22.688094 ], [ -105.06842251, 22.67841415 ], [ -105.07236894, 22.656499090000029 ], [ -105.00755274, 22.585671969999986 ], [ -104.98791254, 22.498726580000021 ], [ -104.96052517, 22.50531145 ], [ -104.86249312, 22.60707049 ], [ -104.85839706, 22.64832671000001 ], [ -104.84011643, 22.651138570000018 ], [ -104.81467751, 22.63424918 ], [ -104.80402069, 22.640341249999981 ], [ -104.804255950000012, 22.648743860000017 ], [ -104.78891886, 22.64797362 ], [ -104.77409432, 22.63254978 ], [ -104.77980548, 22.603348510000021 ], [ -104.77537523, 22.584201719999978 ], [ -104.737053, 22.55809566 ], [ -104.71979678, 22.569045219999989 ], [ -104.70873708, 22.554624319999988 ], [ -104.66999832, 22.565261739999983 ], [ -104.65575494, 22.54006971 ], [ -104.65529172, 22.46215466 ], [ -104.6025606, 22.46050808 ], [ -104.60543835, 22.44545789 ], [ -104.59308486, 22.411954829999985 ], [ -104.57480431, 22.39486631 ], [ -104.55125297, 22.388866599999968 ], [ -104.53591085, 22.364802799999989 ], [ -104.51865866, 22.360603939999969 ], [ -104.50651325, 22.3451634 ], [ -104.48120968, 22.351616920000016 ], [ -104.49499028000001, 22.360532089999971 ], [ -104.48786037, 22.368905080000015 ], [ -104.49538985, 22.376324140000023 ], [ -104.37151222, 22.421658650000015 ], [ -104.34884292, 22.40971665 ], [ -104.35004092, 22.38640542 ], [ -104.29312755, 22.36513115 ], [ -104.28574028, 22.35636614 ], [ -104.29273992, 22.343973089999967 ], [ -104.29837862, 22.347811419999978 ], [ -104.29302303, 22.33073251 ], [ -104.29952568, 22.327088489999987 ], [ -104.28486591, 22.297093519999986 ], [ -104.29563951, 22.27690846 ], [ -104.32867942, 22.245358710000012 ], [ -104.32589757, 22.231792200000012 ], [ -104.34135932, 22.2095632 ], [ -104.33183626, 22.19978986 ], [ -104.35627166, 22.165434680000011 ], [ -104.36470718, 22.11243952 ], [ -104.37319151, 22.10256383 ], [ -104.36154014, 22.052853449999976 ], [ -104.36903731, 22.024564169999977 ], [ -104.36003862, 22.01505683000002 ], [ -104.369863480000021, 21.97478426 ], [ -104.33592434, 21.979820620000012 ], [ -104.32686314, 21.975369320000038 ], [ -104.32490534, 21.98413406 ], [ -104.30813849, 21.988618970000019 ], [ -104.29407686, 22.002760949999974 ], [ -104.28138223, 21.999658820000022 ], [ -104.27544694, 21.98062349 ], [ -104.24600515, 21.966937979999983 ], [ -104.19331945, 21.985420119999979 ], [ -104.17365548, 21.970882889999984 ], [ -104.17369922, 21.963392850000012 ], [ -104.17871809, 21.93901534 ], [ -104.20024411, 21.90946583 ], [ -104.20104072, 21.891478379999963 ], [ -104.18638512, 21.86801175 ], [ -104.17223326, 21.87131891 ], [ -104.19700018, 21.850772250000016 ], [ -104.19071263, 21.85106369 ], [ -104.16174845, 21.809841340000048 ], [ -104.14653109, 21.806430140000039 ], [ -104.1303816, 21.79045132 ], [ -104.10945509, 21.787327540000017 ], [ -104.09843657, 21.79281689 ], [ -104.0933188, 21.784562820000016 ], [ -104.07985618, 21.782405149999981 ], [ -104.07623786, 21.789717400000018 ], [ -104.0522538, 21.794760950000011 ], [ -103.989149150000017, 21.779859489999978 ], [ -103.97775749, 21.771332430000019 ], [ -103.94451146, 21.77681946000002 ], [ -103.92348191, 21.771802319999967 ], [ -103.91612931, 21.75576871 ], [ -103.93170235, 21.75132 ], [ -103.93182786, 21.743380510000012 ], [ -103.90279062, 21.716258 ], [ -103.89591346, 21.72774378 ], [ -103.88772497, 21.69781823 ], [ -103.91240083000001, 21.668970600000012 ], [ -103.92133757, 21.66837425 ], [ -103.93024945, 21.641914429999986 ], [ -103.91183478, 21.62982623 ], [ -103.90769894, 21.618676310000019 ], [ -103.91908429, 21.61624971 ], [ -103.91236546, 21.60804909000003 ], [ -103.92319075, 21.59056891 ], [ -103.91923455, 21.58198588 ], [ -103.89257817, 21.57414303 ], [ -103.88164608, 21.55214228 ], [ -103.85627172, 21.552365419999962 ], [ -103.85992491, 21.524749509999971 ], [ -103.84929452, 21.51453086 ], [ -103.83212694, 21.51339706 ], [ -103.82371282, 21.49304737 ], [ -103.80042097, 21.487188399999983 ], [ -103.79107509, 21.49774794 ], [ -103.77412948, 21.49838071 ], [ -103.77819192, 21.49208212 ], [ -103.76912851, 21.483024919999963 ], [ -103.74936458, 21.474488230000023 ], [ -103.75293655, 21.466087689999988 ], [ -103.74203065, 21.44155783 ], [ -103.72101538, 21.42597002 ], [ -103.73127205, 21.415899800000023 ], [ -103.75130708, 21.41751072 ], [ -103.7644034, 21.410304170000014 ], [ -103.75690312, 21.399864650000016 ], [ -103.7673332, 21.388433 ], [ -103.74133251, 21.374055110000032 ], [ -103.74935182, 21.336708480000024 ], [ -103.776122950000016, 21.321669859999986 ], [ -103.78063628, 21.30851303 ], [ -103.80357294, 21.30031195 ], [ -103.82034563, 21.28104137999998 ], [ -103.82499598, 21.27126495000002 ], [ -103.81939111, 21.24843503 ], [ -103.84001943, 21.239820460000029 ], [ -103.86188954, 21.248868370000011 ], [ -103.87524869, 21.238643059999962 ], [ -103.89230552, 21.23842666 ], [ -103.89836275, 21.22649002 ], [ -103.90306295000002, 21.233419149999964 ], [ -103.91789871, 21.23102777 ], [ -103.91857837, 21.24562694 ], [ -103.93105689, 21.26254712 ], [ -103.93546185, 21.25417618 ], [ -103.92401998, 21.23457174 ], [ -103.94586723, 21.23801785 ], [ -103.95838771, 21.25275451 ], [ -103.97345403, 21.256328280000016 ], [ -104.0035676, 21.236462680000027 ], [ -104.00608792, 21.228043549999988 ], [ -104.01748885, 21.227201850000014 ], [ -104.016016, 21.207458420000012 ], [ -104.02232002, 21.20510708 ], [ -104.02498131, 21.21293771 ], [ -104.02941037, 21.2086642 ], [ -104.02796882, 21.19467249 ], [ -104.03842371, 21.20444222 ], [ -104.04517857, 21.19919931 ], [ -104.05283852, 21.205413109999984 ], [ -104.0562754, 21.194139940000039 ], [ -104.06788755, 21.198199800000019 ], [ -104.0685864, 21.18677328 ], [ -104.08097788000002, 21.18969114 ], [ -104.08565926, 21.20536111 ], [ -104.08879969, 21.196129150000022 ], [ -104.10003709, 21.20086745 ], [ -104.11084485, 21.18859571 ], [ -104.12404578, 21.19626737 ], [ -104.15951351, 21.184560290000025 ], [ -104.20279366, 21.19283243 ], [ -104.21939798, 21.17661058 ], [ -104.22517055, 21.15120875 ], [ -104.21059872, 21.13092769 ], [ -104.21086032, 21.118601420000029 ], [ -104.22084308, 21.10136338 ], [ -104.22181045, 21.07002462 ], [ -104.2347934, 21.06768148 ], [ -104.23923554, 21.05707158 ], [ -104.225164, 21.050526919999985 ], [ -104.22655008, 21.044296169999988 ], [ -104.24271291, 21.02733162999996 ], [ -104.22319571, 21.001263660000017 ], [ -104.23847425, 20.99215082000001 ], [ -104.233129450000021, 20.968743369999981 ], [ -104.20130635, 20.95924218 ], [ -104.20658778, 20.936373349999975 ], [ -104.221072, 20.941525660000032 ], [ -104.22875342, 20.935581749999972 ], [ -104.26787955, 20.887461079999984 ], [ -104.29091612, 20.88779574000003 ], [ -104.2791108, 20.86451866 ], [ -104.29069297, 20.862340630000013 ], [ -104.29541589, 20.845496059999988 ], [ -104.3088154, 20.84680731 ], [ -104.31841737, 20.83857265 ], [ -104.33425758, 20.84666229 ], [ -104.361768490000017, 20.84093102 ], [ -104.35710475, 20.81987386 ], [ -104.36405938, 20.81393298 ], [ -104.35040234, 20.811643970000016 ], [ -104.37589215, 20.784072970000015 ], [ -104.37522037, 20.775439450000022 ], [ -104.35824938, 20.7905326 ], [ -104.33579478, 20.789884199999985 ], [ -104.32832232, 20.79809768 ], [ -104.2976174, 20.7707952 ], [ -104.28285625, 20.783480580000017 ], [ -104.28001998, 20.768928400000021 ], [ -104.27447497, 20.76998704999998 ], [ -104.24181569, 20.713433519999953 ], [ -104.24814938, 20.69962826 ], [ -104.243297620000021, 20.69174569 ], [ -104.2531598, 20.682296380000015 ], [ -104.23646074, 20.6628972 ], [ -104.25530708, 20.653283 ], [ -104.26038954, 20.642835549999987 ], [ -104.24692382, 20.6314924 ], [ -104.25376714, 20.630608350000038 ], [ -104.25363983, 20.60341871 ], [ -104.28201095, 20.62899335 ], [ -104.288486600000013, 20.68915662000002 ], [ -104.30564551, 20.69416957 ], [ -104.32411512, 20.717543519999989 ], [ -104.35079808, 20.725339690000041 ], [ -104.3637196, 20.74441091 ], [ -104.37754871, 20.742373419999986 ], [ -104.38420894, 20.76647862 ], [ -104.41412462, 20.793770250000012 ], [ -104.42726031, 20.79102162 ], [ -104.43573586, 20.80576483 ], [ -104.45840886, 20.806515579999964 ], [ -104.48528811, 20.8332764 ], [ -104.49993814, 20.838186460000014 ], [ -104.50639435, 20.86084494 ], [ -104.51949162, 20.8691512 ], [ -104.52444203, 20.88576189 ], [ -104.53462454, 20.884035619999981 ], [ -104.53571918, 20.895857629999977 ], [ -104.54474065, 20.901140169999973 ], [ -104.54285228, 20.911939569999976 ], [ -104.55692169, 20.92415238000001 ], [ -104.583481600000013, 20.934437770000017 ], [ -104.61356957, 20.92303731 ], [ -104.62853272, 20.92386569 ], [ -104.63809374, 20.934125141000017 ], [ -104.6563754, 20.932391050999975 ], [ -104.66144134, 20.94397732 ], [ -104.68099997, 20.943840621 ], [ -104.68105792, 20.96066669 ], [ -104.70571098, 20.966851601 ], [ -104.715828950000017, 20.9804692 ], [ -104.72936277, 20.983154141 ], [ -104.72847337, 21.011404861 ], [ -104.73924108, 21.006142370000017 ], [ -104.75249911, 21.01227972 ], [ -104.77171235, 21.008601081 ], [ -104.782462150000015, 21.023359061 ], [ -104.79018831, 21.015021320000024 ], [ -104.8101816, 21.012012831 ], [ -104.83809891, 21.020008581000027 ], [ -104.84119048, 21.006723451000017 ], [ -104.86686895, 20.995201370000029 ], [ -104.90062748, 20.962747201000024 ], [ -104.90052602, 20.94634066 ], [ -104.95316389, 20.930134340999988 ], [ -104.96724405, 20.909508091000031 ], [ -104.99037369, 20.92156285 ], [ -105.00339409, 20.91085754 ], [ -105.00633225, 20.922536370999989 ], [ -105.03161334, 20.909171230999974 ], [ -105.04743997, 20.934385801 ], [ -105.08070122, 20.931380179999973 ], [ -105.09864148, 20.91943411 ], [ -105.11195708, 20.900430320000019 ], [ -105.14185662, 20.88716725 ], [ -105.14119405, 20.875605820000033 ], [ -105.16056331, 20.85741523 ], [ -105.155405370000011, 20.85306471 ], [ -105.1627878, 20.84869 ], [ -105.16163602, 20.831140139999981 ], [ -105.17407734, 20.81334475 ], [ -105.17097435, 20.79610862 ], [ -105.16227568, 20.79251928 ], [ -105.17339655, 20.767711380000012 ], [ -105.19696114, 20.77717103 ], [ -105.20582549, 20.76414485 ], [ -105.23991578, 20.747351280000046 ], [ -105.24257266, 20.70424154 ], [ -105.25594702, 20.702766200000028 ], [ -105.26125229, 20.67981618 ], [ -105.27840509, 20.681981719999975 ], [ -105.27633494, 20.671994739999974 ], [ -105.288276667, 20.67336528 ], [ -105.313019004, 20.728552762 ], [ -105.34767852, 20.7596913 ], [ -105.36373731, 20.762159061000016 ], [ -105.39897734, 20.734645320000027 ], [ -105.466441446, 20.755697252 ], [ -105.475895953, 20.752187591 ], [ -105.510613963, 20.771816892000039 ], [ -105.533108018, 20.757422537000011 ], [ -105.538313032, 20.762229864 ], [ -105.52703006, 20.789230304000011 ], [ -105.51948023, 20.79221312 ], [ -105.507249918, 20.782623115 ], [ -105.487845808, 20.796418519 ], [ -105.452909696, 20.874390702 ], [ -105.44276939400001, 20.87042657600001 ], [ -105.432915726, 20.877129587 ], [ -105.401755729, 20.931617432999989 ], [ -105.35970042, 20.95488810999997 ], [ -105.345116246, 20.979336078999982 ], [ -105.331880059, 20.985671856000028 ], [ -105.318726994, 21.005306509000011 ], [ -105.313504936, 21.035150314000017 ], [ -105.273194487, 21.023498092999969 ], [ -105.238147485, 21.058102178 ], [ -105.228667713, 21.106172049 ], [ -105.23898257, 21.13229212 ], [ -105.224016564, 21.159432143999979 ], [ -105.232367278, 21.16494295999998 ], [ -105.23325342, 21.18068308 ], [ -105.21638229, 21.205007149999965 ], [ -105.229454818, 21.299853641 ], [ -105.24818855, 21.34729138 ], [ -105.239665337, 21.353063707 ], [ -105.23069662, 21.386409949999958 ], [ -105.220387406, 21.387495254000019 ], [ -105.220126948, 21.404702120000014 ], [ -105.203360478, 21.435782859000014 ], [ -105.188945209, 21.444364372 ], [ -105.18786034, 21.458295769999982 ], [ -105.201893046, 21.481282899999979 ], [ -105.198281024, 21.49165378 ], [ -105.228879652, 21.523592058 ], [ -105.243032686, 21.526594938 ], [ -105.248172322, 21.512418109 ], [ -105.265499557, 21.511851797000041 ], [ -105.411354288, 21.602098732000023 ], [ -105.441299805, 21.627856397999984 ], [ -105.533716244, 21.812259655000016 ], [ -105.631509152, 21.963109344999964 ], [ -105.6542917, 22.04285600900004 ], [ -105.649193775, 22.174296248000019 ], [ -105.646552736, 22.181251527 ], [ -105.636513791, 22.181474898 ], [ -105.645752163, 22.196957115000025 ], [ -105.685416686, 22.37467759 ], [ -105.759619724000018, 22.537573646000023 ], [ -105.75021208, 22.53933608000002 ], [ -105.71411626, 22.47494606 ], [ -105.69247682, 22.46717694 ], [ -105.6770358, 22.468135110000031 ], [ -105.67110578, 22.481562420000014 ], [ -105.69882837, 22.567877570000018 ], [ -105.66056203, 22.586362980000022 ], [ -105.63921298, 22.576984580000051 ], [ -105.642158420000015, 22.59388865 ], [ -105.63094952, 22.592980149999967 ], [ -105.62203646, 22.571425520000023 ], [ -105.60047658, 22.558887800000015 ], [ -105.59734515, 22.536304599999987 ], [ -105.54167594, 22.536536879999989 ], [ -105.53359632, 22.51503123 ], [ -105.52193806, 22.52099528 ], [ -105.50956658, 22.51696270999998 ], [ -105.50317935, 22.527681860000012 ], [ -105.48379649, 22.51771282 ], [ -105.474060288, 22.50290043 ], [ -105.44172469, 22.524268431 ], [ -105.43462554, 22.5499842 ], [ -105.43693046, 22.5819074 ], [ -105.4559864, 22.598739090000016 ], [ -105.44811138, 22.61012282 ], [ -105.44957211, 22.62459654 ], [ -105.47268062, 22.627185 ], [ -105.46039094, 22.647549940000012 ], [ -105.46396311, 22.659238310000035 ], [ -105.49806385, 22.651390750000015 ], [ -105.52289346000002, 22.724334799999969 ], [ -105.51408223, 22.759328450000012 ], [ -105.52477223, 22.774769890000012 ], [ -105.51990558, 22.772774 ], [ -105.50240928, 22.809776780000028 ], [ -105.49496886, 22.810518890000012 ], [ -105.48719731, 22.839111169999978 ], [ -105.47458863, 22.851416019999988 ], [ -105.48420129, 22.858702969999985 ], [ -105.47121991, 22.883285950000047 ], [ -105.49865358, 22.93356115 ], [ -105.50126392, 22.95856005 ], [ -105.45331135, 22.977401800000028 ], [ -105.43259457, 23.023968800000031 ], [ -105.40895034, 23.02364082 ], [ -105.41299649, 23.074099199999974 ], [ -105.38356734, 23.08174158 ] ] ] ] } },
{ "type": "Feature", "properties": { "cvegeo": "19", "cve_ent": "19", "nomgeo": "Nuevo León", "nom_abrev": "NL" }, "geometry": { "type": "Polygon", "coordinates": [ [ [ -100.18799748, 27.79872197 ], [ -99.99884483, 27.615279400000031 ], [ -99.84322258, 27.769862820000011 ], [ -99.83284505, 27.76274529 ], [ -99.81337097, 27.77425135 ], [ -99.7965034, 27.73588217 ], [ -99.76936068, 27.73088788 ], [ -99.73622986, 27.69071022 ], [ -99.72814674, 27.679126220000015 ], [ -99.92641828, 27.549157 ], [ -99.91915363, 27.491515180000025 ], [ -99.760378820000014, 27.43695872 ], [ -99.747670419, 27.277247 ], [ -99.67891875, 27.10244829 ], [ -99.65891166, 27.088189079999982 ], [ -99.65005283, 27.065857889999986 ], [ -99.73416812, 26.920612860000031 ], [ -99.77013149, 26.92841822 ], [ -99.76666889, 26.889841910000019 ], [ -99.74766137, 26.900243820000025 ], [ -99.74434632, 26.912156370000016 ], [ -99.72399668, 26.906125949999986 ], [ -99.72110229, 26.896503740000011 ], [ -99.7104426, 26.896752399999968 ], [ -99.70992998, 26.905879 ], [ -99.697883970000021, 26.89856686 ], [ -99.69402042, 26.909299339999983 ], [ -99.68722291, 26.894547 ], [ -99.66700934, 26.894373220000013 ], [ -99.66139052, 26.90083852 ], [ -99.64433349, 26.885567649999988 ], [ -99.63003012, 26.89029042000001 ], [ -99.627052570000018, 26.87045783 ], [ -99.611219050000017, 26.873475849999988 ], [ -99.59104663, 26.862548050000012 ], [ -99.580842820000015, 26.83011255000001 ], [ -99.612854, 26.79163015000001 ], [ -99.61117015, 26.78248997 ], [ -99.62285248, 26.769227770000029 ], [ -99.61614358, 26.754363510000015 ], [ -99.618581460000016, 26.72647054 ], [ -99.65719483, 26.69511798 ], [ -99.65916446, 26.67036514 ], [ -99.53833525, 26.66459562 ], [ -99.39682482, 26.59656554 ], [ -99.40983215, 26.4428368 ], [ -99.43094658, 26.35130114 ], [ -99.40123612, 26.304799140000014 ], [ -99.36415026, 26.329270150000017 ], [ -99.26000157, 26.252849980000015 ], [ -99.19783597, 26.258682319999981 ], [ -99.16007748, 26.06122955 ], [ -99.12631182, 26.054022889999974 ], [ -99.13090666, 26.0688164 ], [ -99.11989237, 26.066513890000014 ], [ -99.11473418, 26.075966889999986 ], [ -99.09766886, 26.080746770000022 ], [ -99.09333162, 26.07050943 ], [ -99.07654208, 26.071864020000014 ], [ -99.07452335, 26.0787854 ], [ -99.062535350000019, 26.08013543 ], [ -99.06253934, 26.090719089999961 ], [ -99.04499206, 26.09870514 ], [ -99.02503248, 26.093429489999984 ], [ -99.0238722, 26.104102449999989 ], [ -98.90075195, 25.96832274 ], [ -98.82322655, 26.047648680000034 ], [ -98.58512606, 26.0179176 ], [ -98.58175158, 25.48936174 ], [ -98.42157608, 25.48935554 ], [ -98.42313166, 25.447492910000019 ], [ -98.92902758, 25.07727031 ], [ -98.9342816, 25.08016298 ], [ -98.93416994, 25.07276318 ], [ -99.01905589, 25.06992531000002 ], [ -99.01418218, 25.080607119999986 ], [ -99.02952248, 25.096392819999977 ], [ -99.02880203, 25.110354910000037 ], [ -99.05246814, 25.12713263 ], [ -99.07786925, 25.10143354999996 ], [ -99.07145846, 25.096112110000014 ], [ -99.07876375, 25.092120399999988 ], [ -99.08194445, 25.07371179999998 ], [ -99.09769522, 25.078036340000015 ], [ -99.09761311, 25.063121120000012 ], [ -99.1350928, 25.050380020000038 ], [ -99.16059194, 25.055277310000026 ], [ -99.16697758, 25.046289459999986 ], [ -99.15651651, 25.02784783000001 ], [ -99.16490475, 25.0295114 ], [ -99.18094954, 25.011541550000029 ], [ -99.15894291, 24.91598817 ], [ -99.20743335, 24.86139215 ], [ -99.18197126, 24.776041060000011 ], [ -99.188653120000012, 24.780679599999978 ], [ -99.21288548, 24.77167485 ], [ -99.29492849, 24.804143710000023 ], [ -99.29719562, 24.79411691 ], [ -99.31786777, 24.789830569999982 ], [ -99.33166529, 24.776243110000017 ], [ -99.36437669, 24.771755460000044 ], [ -99.38941243, 24.73979257 ], [ -99.42294382, 24.73675037 ], [ -99.43072802, 24.72575834 ], [ -99.44807655, 24.732206430000016 ], [ -99.47773549, 24.712620970000014 ], [ -99.50072606, 24.679171260000057 ], [ -99.49945228, 24.64125795 ], [ -99.53793569, 24.622428819999989 ], [ -99.54506302, 24.626516599999984 ], [ -99.54622052, 24.613074770000011 ], [ -99.55720611000001, 24.6087148 ], [ -99.57607631, 24.623597120000014 ], [ -99.60944858, 24.622490080000016 ], [ -99.70468568, 24.57586917 ], [ -99.73297777, 24.553990779999967 ], [ -99.71980386, 24.48371043 ], [ -99.63637932, 24.506670250000049 ], [ -99.58993111, 24.39614237 ], [ -99.59428974, 24.330913219999982 ], [ -99.64781783, 24.21809505 ], [ -99.65708063, 24.117996580000025 ], [ -99.57090171, 24.03936691000002 ], [ -99.54189271, 24.033649170000022 ], [ -99.54091206, 23.99727163 ], [ -99.52002486, 23.990578140000039 ], [ -99.48693986, 23.960500620000023 ], [ -99.456870719, 23.86606305 ], [ -99.49379108, 23.87869298 ], [ -99.57668085, 23.775462059999978 ], [ -99.60216748, 23.762870880000019 ], [ -99.61948632, 23.759662400000021 ], [ -99.68337774, 23.776648200000018 ], [ -99.769013890000011, 23.784488120000013 ], [ -99.86065998, 23.77446249 ], [ -99.96118763, 23.556889770000012 ], [ -99.9212534, 23.379191340000016 ], [ -99.98250248, 23.392367260000011 ], [ -100.08026143, 23.395748199999982 ], [ -100.14495022, 23.339515179999989 ], [ -100.07804112, 23.30598391000002 ], [ -100.10189529, 23.231080401000018 ], [ -100.22823651, 23.25047615 ], [ -100.20636423, 23.30710886000001 ], [ -100.21823772, 23.31013435 ], [ -100.22016645, 23.29793172 ], [ -100.27843498, 23.3103684 ], [ -100.30625694, 23.260942120000038 ], [ -100.37431657, 23.265323819999981 ], [ -100.36376431, 23.18900538000003 ], [ -100.3235152, 23.19562745 ], [ -100.33175794, 23.16268318 ], [ -100.47984968, 23.194365349999988 ], [ -100.48386909, 23.20883202000001 ], [ -100.45708325, 23.366409600000043 ], [ -100.51721132, 23.421042849999974 ], [ -100.494168680000016, 23.5284064 ], [ -100.45917611, 23.511566110000032 ], [ -100.46954495, 23.56678311 ], [ -100.49163689, 23.56861251 ], [ -100.47737863, 23.63381869000003 ], [ -100.46335054, 23.6531402 ], [ -100.45435512, 23.64990455 ], [ -100.4498446, 23.65600894 ], [ -100.45832845, 23.660112550000044 ], [ -100.44572012, 23.67733152 ], [ -100.44710043, 23.696534519999982 ], [ -100.46648328000002, 23.688941030000024 ], [ -100.49030234, 23.73960088 ], [ -100.49770628, 23.73630971 ], [ -100.49760172000002, 23.79871268999997 ], [ -100.52879143, 23.81635263 ], [ -100.52552995, 23.83952591000002 ], [ -100.55029869, 23.84220258 ], [ -100.53984562, 23.88839306 ], [ -100.54943431, 23.8893146 ], [ -100.5467678, 23.917436620000043 ], [ -100.56240162, 23.91964108 ], [ -100.54128266, 24.025747619999976 ], [ -100.523759, 24.071454950000021 ], [ -100.53868326, 24.11851603 ], [ -100.51958002, 24.11838234 ], [ -100.51682749, 24.13989668 ], [ -100.548771120000012, 24.14603057 ], [ -100.61339989, 24.173944180000014 ], [ -100.59351254, 24.17820025 ], [ -100.58509291, 24.223925429999952 ], [ -100.63306648, 24.225980250000017 ], [ -100.59993552, 24.348791050000013 ], [ -100.60353334, 24.401300059999954 ], [ -100.71121009, 24.49152183 ], [ -100.74232429, 24.460435459999985 ], [ -100.79993412, 24.55618608 ], [ -100.80547294, 24.596340121 ], [ -100.796978249, 24.750806911 ], [ -100.82613242, 24.83500456999997 ], [ -100.727495489, 24.91871655 ], [ -100.79206308900001, 24.979148181 ], [ -100.821505599, 24.996710831 ], [ -100.80313045, 25.16525846 ], [ -100.70888778, 25.236457570000013 ], [ -100.59196242, 25.255050020999985 ], [ -100.472517379, 25.231195661000015 ], [ -100.33200742, 25.186285219999984 ], [ -100.32555012, 25.222258751 ], [ -100.261383509, 25.207070571000035 ], [ -100.229575599, 25.217916511 ], [ -100.247195369000011, 25.230174490000028 ], [ -100.234420509, 25.23549643 ], [ -100.26251012, 25.254022799999987 ], [ -100.243141909, 25.267443351 ], [ -100.25413843, 25.306908770999975 ], [ -100.263974509, 25.305293400000018 ], [ -100.313023449, 25.33636722 ], [ -100.32680371, 25.34035648 ], [ -100.41456068, 25.326998111 ], [ -100.470098819, 25.337789851 ], [ -100.451878369, 25.410810720000022 ], [ -100.49355143, 25.430840741000011 ], [ -100.52270309, 25.43432472000001 ], [ -100.51746378, 25.449036599999975 ], [ -100.52541309, 25.449753850999976 ], [ -100.53088315, 25.46346765 ], [ -100.584889089, 25.470813051 ], [ -100.579510309, 25.494543980000014 ], [ -100.619090580000019, 25.505691081 ], [ -100.599750339, 25.519959521000015 ], [ -100.52969932, 25.514392880999974 ], [ -100.538435909, 25.531853921 ], [ -100.594298449, 25.544374150000014 ], [ -100.614732539, 25.54234691100001 ], [ -100.611959769, 25.55139937 ], [ -100.632901849, 25.571299350000015 ], [ -100.69028634, 25.567100780000029 ], [ -100.71991648, 25.603066949999963 ], [ -100.729772889, 25.63389566 ], [ -100.783420248, 25.639678430000018 ], [ -100.787775279, 25.683597221 ], [ -100.80561395, 25.7243018 ], [ -100.8619014, 25.818478621 ], [ -100.84706871, 25.857885721000013 ], [ -100.835765569, 25.866594310000018 ], [ -100.822668939, 25.916884541000016 ], [ -100.83442488, 25.94504291000003 ], [ -100.87687866, 25.947219169999986 ], [ -100.905531650000015, 25.956945710000046 ], [ -100.904606089, 26.008702230000033 ], [ -100.91641566, 26.075610550999983 ], [ -100.942898019, 26.086789060000033 ], [ -100.98274205, 26.139477199999977 ], [ -101.047398179, 26.169846020000012 ], [ -101.068574659, 26.189031030999985 ], [ -101.09761969, 26.25291042 ], [ -101.20676271, 26.3697782 ], [ -100.75303545, 26.735207800000023 ], [ -100.69122889, 26.61378942 ], [ -100.6144002, 26.685638890000011 ], [ -100.59013583, 26.75952066000001 ], [ -100.53815575, 26.8085582 ], [ -100.55135866, 26.85872974 ], [ -100.5406658, 26.880969980000017 ], [ -100.54492629, 26.92534882 ], [ -100.5382394, 26.93971985 ], [ -100.54525388, 26.97835578 ], [ -100.53399785, 27.04558443000003 ], [ -100.65370423, 27.07572969 ], [ -100.66248578, 27.086514650000026 ], [ -100.67424249, 27.084604970000015 ], [ -100.68271871, 27.11139458 ], [ -100.70810648, 27.099851889999975 ], [ -100.719659620000016, 27.079203380000024 ], [ -100.74862098, 27.081252820000017 ], [ -100.73583582, 27.04757972 ], [ -100.747713540000021, 27.036256780000016 ], [ -100.74853083, 27.049152689999982 ], [ -100.765864, 27.063325150000018 ], [ -100.79943612, 27.045830749999975 ], [ -100.80960683, 27.068367829999989 ], [ -100.8305614, 27.073885480000023 ], [ -100.83412342, 27.195173969999985 ], [ -100.67800622, 27.33479731 ], [ -100.41769955, 27.393632751 ], [ -100.35060985, 27.68459855 ], [ -100.18799748, 27.79872197 ] ] ] } },
{ "type": "Feature", "properties": { "cvegeo": "20", "cve_ent": "20", "nomgeo": "Oaxaca", "nom_abrev": "Oax." }, "geometry": { "type": "MultiPolygon", "coordinates": [ [ [ [ -96.231332291, 15.687225903 ], [ -96.227118622, 15.687061564 ], [ -96.228251285, 15.685270021 ], [ -96.231332291, 15.687225903 ] ] ], [ [ [ -96.222104554, 15.69094309799998 ], [ -96.223573195, 15.690207514000022 ], [ -96.223325727, 15.690839963999977 ], [ -96.222104554, 15.69094309799998 ] ] ], [ [ [ -96.163999349, 15.718176604 ], [ -96.160218297, 15.718180039000021 ], [ -96.16145549, 15.716388195000011 ], [ -96.163999349, 15.718176604 ] ] ], [ [ [ -96.119760361, 15.747458562000011 ], [ -96.11804207, 15.747569119 ], [ -96.118596131, 15.747043903000055 ], [ -96.119760361, 15.747458562000011 ] ] ], [ [ [ -96.117252608, 15.748241091 ], [ -96.117065831, 15.747778190999982 ], [ -96.117604322, 15.748002734000011 ], [ -96.117252608, 15.748241091 ] ] ], [ [ [ -96.116083311, 15.748915825000031 ], [ -96.115840195, 15.748610484999977 ], [ -96.115973998, 15.748532348 ], [ -96.116083311, 15.748915825000031 ] ] ], [ [ [ -96.116526294, 15.749152806 ], [ -96.116243729, 15.749139189000012 ], [ -96.116427591, 15.748867514 ], [ -96.116526294, 15.749152806 ] ] ], [ [ [ -96.085098886, 15.76372015799998 ], [ -96.082760379, 15.764040636999956 ], [ -96.083819579, 15.762527942000027 ], [ -96.085098886, 15.76372015799998 ] ] ], [ [ [ -96.094731552, 15.771962671 ], [ -96.095036424, 15.771626681 ], [ -96.095087019, 15.771826622000042 ], [ -96.094731552, 15.771962671 ] ] ], [ [ [ -97.352965294, 15.937609913 ], [ -97.351882813, 15.936374073 ], [ -97.352791518, 15.936617198 ], [ -97.352965294, 15.937609913 ] ] ], [ [ [ -95.576365587, 15.941864563 ], [ -95.574275526, 15.940351940999989 ], [ -95.576885206, 15.941400378 ], [ -95.576365587, 15.941864563 ] ] ], [ [ [ -96.68214488, 18.668841720000014 ], [ -96.61668197, 18.619074059999946 ], [ -96.56094709, 18.587698619999983 ], [ -96.525475, 18.5877736 ], [ -96.51750511, 18.58157317 ], [ -96.49974932, 18.58950242 ], [ -96.45730883, 18.57043742 ], [ -96.45502878, 18.54928532 ], [ -96.42076198, 18.5104578 ], [ -96.4234816, 18.50180409 ], [ -96.41656025, 18.49927412 ], [ -96.41118551, 18.47692106000002 ], [ -96.41802257, 18.47048208 ], [ -96.40459711, 18.467777969999975 ], [ -96.40298454, 18.439919399999983 ], [ -96.389337310000016, 18.44048075 ], [ -96.38924808, 18.42837652 ], [ -96.37619577, 18.424648550000029 ], [ -96.361731460000016, 18.407075679999984 ], [ -96.35258777, 18.41024734 ], [ -96.34455405, 18.398507659999989 ], [ -96.3453428, 18.37969546 ], [ -96.33106809, 18.37922838 ], [ -96.33505331, 18.37251734 ], [ -96.31732791, 18.364537250000019 ], [ -96.31499275, 18.331389379999983 ], [ -96.30560992, 18.32902983 ], [ -96.30994786, 18.32235334000001 ], [ -96.270763749, 18.29782335 ], [ -96.278576149, 18.2838184 ], [ -96.26916392, 18.27398418000001 ], [ -96.288236709, 18.259761420999986 ], [ -96.266818059, 18.245662061 ], [ -96.267993549, 18.22445163 ], [ -96.23100305, 18.189726779999976 ], [ -96.217478089, 18.161967401 ], [ -96.20313298, 18.174875231000016 ], [ -96.17069103, 18.186383981 ], [ -96.170235279, 18.169802450999985 ], [ -96.18719568, 18.166748891 ], [ -96.18281, 18.15781768 ], [ -96.18828205, 18.151302941 ], [ -96.179666049, 18.140566051 ], [ -96.154225939, 18.131804889999984 ], [ -96.143625519, 18.140148971 ], [ -96.136715079, 18.13403563 ], [ -96.124128219, 18.140377521000016 ], [ -96.11431648, 18.16407132 ], [ -96.0991836, 18.16684331 ], [ -96.084226399, 18.162534321000035 ], [ -96.066383089, 18.13158858100001 ], [ -96.05697882, 18.134019971 ], [ -96.051389, 18.126738251 ], [ -96.046873709, 18.13656454 ], [ -96.025689979, 18.13346098 ], [ -95.99106746, 18.151938881 ], [ -95.98153737, 18.142953220000013 ], [ -95.95345946, 18.15986512 ], [ -95.93725483, 18.156632740000024 ], [ -95.93334172, 18.14166754 ], [ -95.92573765, 18.14643078 ], [ -95.92219531, 18.141056950000017 ], [ -95.92213202, 18.15080397 ], [ -95.9146468, 18.15220048 ], [ -95.90716146, 18.135644489999979 ], [ -95.83316694, 18.129026830000015 ], [ -95.79992472, 17.95001257 ], [ -95.85020465, 17.844534320000047 ], [ -95.85881557, 17.84478349 ], [ -95.84933642, 17.825847920000029 ], [ -95.85578566, 17.805556799999977 ], [ -95.86895563, 17.796624939999969 ], [ -95.866390400000014, 17.77435283 ], [ -95.892924309, 17.765141321000012 ], [ -95.902773649, 17.732652679999983 ], [ -95.892107619, 17.7206068 ], [ -95.872809719, 17.727409051000024 ], [ -95.873396289, 17.717133831 ], [ -95.894020429, 17.712319981000029 ], [ -95.89529329, 17.704493949999989 ], [ -95.87101835, 17.70216892 ], [ -95.86751163, 17.684839339999971 ], [ -95.84404154, 17.673120650000026 ], [ -95.83063354, 17.65262503 ], [ -95.80800632, 17.646800479999982 ], [ -95.8033056, 17.62936575 ], [ -95.781114340000016, 17.63887688 ], [ -95.77365846, 17.6058504 ], [ -95.78037722, 17.611117260000015 ], [ -95.79470255, 17.60351758 ], [ -95.80348578, 17.607100290000023 ], [ -95.80754957, 17.591841580000025 ], [ -95.79185258, 17.58636329000004 ], [ -95.79298385, 17.60143438 ], [ -95.78175125, 17.60302826 ], [ -95.77148038, 17.599698049999976 ], [ -95.77155557, 17.588686450000012 ], [ -95.72689688, 17.57802905 ], [ -95.72809345, 17.551981119999976 ], [ -95.72048417, 17.54352588 ], [ -95.72514937, 17.536226079999953 ], [ -95.70657565, 17.53401937 ], [ -95.70223606, 17.518534180000035 ], [ -95.68515422, 17.537531739999984 ], [ -95.648470800000013, 17.539889090000013 ], [ -95.65410435, 17.560392799999978 ], [ -95.64449208, 17.546544320000024 ], [ -95.60708948, 17.539818149999967 ], [ -95.60511978, 17.549012659999974 ], [ -95.59875226, 17.53461497 ], [ -95.57956698, 17.537576420000025 ], [ -95.56881512, 17.551239029999984 ], [ -95.55987749, 17.546773000999984 ], [ -95.55554714, 17.55864154 ], [ -95.55106222, 17.553385940000016 ], [ -95.5396748, 17.560574520999989 ], [ -95.53199629, 17.555834029999975 ], [ -95.52510192, 17.56210954 ], [ -95.53110566, 17.57061106 ], [ -95.52479322, 17.576024221 ], [ -95.51740231, 17.569618 ], [ -95.52114505, 17.57739185 ], [ -95.51402123, 17.58545383 ], [ -95.50276725, 17.58439502 ], [ -95.50631723, 17.590770549999963 ], [ -95.48417995, 17.601899481 ], [ -95.47934414, 17.5878294 ], [ -95.46301645, 17.59639391 ], [ -95.47314134, 17.609113019999981 ], [ -95.45445892, 17.611102719999987 ], [ -95.4560778, 17.623087770000026 ], [ -95.44610738, 17.621759801000021 ], [ -95.4268278, 17.63657035 ], [ -95.42548995, 17.64747249000002 ], [ -95.41850165, 17.64404404999998 ], [ -95.41303351, 17.65186109 ], [ -95.40716217, 17.643332090000026 ], [ -95.38680769, 17.663857289999964 ], [ -95.36789074, 17.673656250000029 ], [ -95.35174245, 17.671840320000012 ], [ -95.34375875, 17.683659830999954 ], [ -95.33441917, 17.67480131000001 ], [ -95.31664798, 17.697577799999987 ], [ -95.30661078, 17.697155630000022 ], [ -95.30997051, 17.708555151 ], [ -95.29780852, 17.72214142000001 ], [ -95.29224418, 17.712422251 ], [ -95.27919548, 17.72189402 ], [ -95.26717658, 17.716712820000026 ], [ -95.26307028, 17.7248788 ], [ -95.26902605, 17.740934059999987 ], [ -95.258673, 17.72854323 ], [ -95.238913, 17.73926412 ], [ -95.18243535, 17.691062630000019 ], [ -95.1881316, 17.650701460000011 ], [ -95.19512317, 17.65485352 ], [ -95.20120309, 17.647411971 ], [ -95.20708, 17.6543498 ], [ -95.21844762, 17.63932825 ], [ -95.24193342, 17.634958 ], [ -95.24822563, 17.645978060000015 ], [ -95.25900111, 17.62901075 ], [ -95.24841123, 17.62558228 ], [ -95.27125805, 17.624734600000021 ], [ -95.27021962, 17.615738079999986 ], [ -95.2788454, 17.6132428 ], [ -95.26475325, 17.601563350999985 ], [ -95.25304798, 17.60780632 ], [ -95.0765674, 17.37293371 ], [ -94.97119215, 17.330969580000012 ], [ -94.96650918, 17.33436766 ], [ -94.95097968, 17.315649429999986 ], [ -94.92715808, 17.325141200000029 ], [ -94.89078155, 17.311056 ], [ -94.88900377, 17.30007838 ], [ -94.91476582, 17.292577060000028 ], [ -94.91309106, 17.28623478 ], [ -94.90134869, 17.287452749999972 ], [ -94.90965472, 17.26797692 ], [ -94.89542903, 17.2563784 ], [ -94.90956766, 17.242781479999977 ], [ -94.91121411, 17.21370558000002 ], [ -94.92301672, 17.20413023 ], [ -94.92281478, 17.193788430000023 ], [ -93.867426771, 17.136964913000018 ], [ -94.139156, 16.461786429999986 ], [ -94.05066485, 16.329713919999975 ], [ -94.032961, 16.27594497 ], [ -94.04353437, 16.255686919999977 ], [ -94.03519555, 16.23955368 ], [ -94.04846992, 16.21617148 ], [ -94.1095676, 16.179101249999952 ], [ -94.102763690000018, 16.142515919999987 ], [ -94.03600811, 16.02209472 ], [ -94.00021883, 16.00308872 ], [ -94.27327703, 16.123267619999972 ], [ -94.42736023, 16.169844950000012 ], [ -94.540762217, 16.191965194000019 ], [ -94.6997616, 16.209910340000025 ], [ -94.83184505, 16.21453678 ], [ -94.9043186, 16.21024631 ], [ -95.062715049, 16.18398649 ], [ -95.14234202, 16.18865075 ], [ -95.15713486, 16.179388895999988 ], [ -95.151458952, 16.167748103000012 ], [ -95.188388198, 16.168418635 ], [ -95.194538659, 16.160981435000036 ], [ -95.194010237, 16.1727743 ], [ -95.202900224, 16.170608125 ], [ -95.196944405, 16.160728991000035 ], [ -95.197919984, 16.150311711000025 ], [ -95.202531379, 16.145650346999954 ], [ -95.19828691, 16.15990942 ], [ -95.20892257, 16.159876919999988 ], [ -95.20963482, 16.15448202000001 ], [ -95.21223131, 16.159366139999989 ], [ -95.213053356, 16.152091548000037 ], [ -95.234865875, 16.156222292 ], [ -95.248108913, 16.146941513000016 ], [ -95.24749232, 16.13334214 ], [ -95.280052077, 16.12113062 ], [ -95.27565897, 16.107403250000043 ], [ -95.35040917, 16.081640919999984 ], [ -95.378038, 16.04634972 ], [ -95.368177183, 16.020685433 ], [ -95.42413275, 15.999712399999973 ], [ -95.435568674, 15.97581098 ], [ -95.485324264, 15.975762436999988 ], [ -95.497695806, 15.965609041000018 ], [ -95.568532165, 15.957789199000015 ], [ -95.58441969, 15.944475880000011 ], [ -95.60557223, 15.94245658 ], [ -95.61350574, 15.930762770000026 ], [ -95.662643393, 15.912354299000025 ], [ -95.77002366, 15.894602090000026 ], [ -95.78003358, 15.8847544 ], [ -95.776622716, 15.871291347000041 ], [ -95.83362142, 15.863718740000033 ], [ -95.889988231, 15.84278874100001 ], [ -95.9540294, 15.82963643 ], [ -95.98066711, 15.812303086999982 ], [ -96.05344222, 15.787255879999964 ], [ -96.063004987, 15.776175631 ], [ -96.06663052, 15.78093285 ], [ -96.076068823, 15.766061137000031 ], [ -96.094476333, 15.77355644 ], [ -96.099859229, 15.766815511 ], [ -96.095751725, 15.762161200999962 ], [ -96.107025611000012, 15.75558675 ], [ -96.11172691, 15.76320051 ], [ -96.120352972, 15.760683555999989 ], [ -96.118623104, 15.766142039 ], [ -96.119148965, 15.767115239 ], [ -96.122730648000015, 15.749837972000018 ], [ -96.131452563, 15.752607665 ], [ -96.127204779, 15.737850149000019 ], [ -96.145606389, 15.737747868000017 ], [ -96.152021994, 15.73139653499997 ], [ -96.143746863, 15.727694092999977 ], [ -96.166161068, 15.722837614000014 ], [ -96.192816901, 15.704590994000018 ], [ -96.202965302, 15.711925682999983 ], [ -96.20515503, 15.701586630000021 ], [ -96.225811456, 15.697631556999989 ], [ -96.22436417, 15.69171782 ], [ -96.235248594, 15.691558135000017 ], [ -96.23736279, 15.682467361 ], [ -96.344683124, 15.684835063000021 ], [ -96.35159183, 15.690172194000022 ], [ -96.364703314, 15.681842891000011 ], [ -96.426455681, 15.696030427000011 ], [ -96.453043779, 15.681163555 ], [ -96.46459005, 15.683231 ], [ -96.481624674, 15.663316408 ], [ -96.495119338, 15.665577514000018 ], [ -96.494871134, 15.658019728 ], [ -96.54515798, 15.665278120000011 ], [ -96.557785154000015, 15.656865273000012 ], [ -96.701728897, 15.716936337000014 ], [ -96.860920227, 15.739064639 ], [ -96.935209557, 15.783127147999984 ], [ -97.024303725, 15.809790430000028 ], [ -97.049466556, 15.827984582 ], [ -97.046537695, 15.835592573999987 ], [ -97.061875445, 15.860078752000021 ], [ -97.083785522, 15.858608245 ], [ -97.14247562, 15.896983362000045 ], [ -97.212884369, 15.923366703999982 ], [ -97.334306935, 15.945739645 ], [ -97.358691273000019, 15.944431024000014 ], [ -97.367943026, 15.936646158000023 ], [ -97.422096584, 15.941444936000021 ], [ -97.531381698, 15.96921011300002 ], [ -97.564908427, 15.962945621000022 ], [ -97.65575691, 15.977796939999976 ], [ -97.6708614, 15.973847960000045 ], [ -97.67964633, 15.962102148000023 ], [ -97.785623375, 15.980747780000016 ], [ -97.962845234, 16.101198054 ], [ -98.107418492, 16.17927963 ], [ -98.18623197, 16.212238030000027 ], [ -98.20427285, 16.2285446 ], [ -98.296400946, 16.252713852000014 ], [ -98.420497253, 16.269477729999988 ], [ -98.55263245, 16.315952580000026 ], [ -98.53339845, 16.351582630000024 ], [ -98.48548312, 16.368804420000018 ], [ -98.47085537, 16.38115514 ], [ -98.45595483, 16.38042054 ], [ -98.45418094, 16.385793449999976 ], [ -98.39915783, 16.38051262 ], [ -98.34993763, 16.444448859999966 ], [ -98.35987792, 16.471705140000022 ], [ -98.35253228, 16.489431450000012 ], [ -98.36883835, 16.491178460000029 ], [ -98.36833166, 16.500851770000011 ], [ -98.38733294, 16.49778632 ], [ -98.38332397, 16.51265614 ], [ -98.3951394, 16.546836430000013 ], [ -98.34027983, 16.5581692 ], [ -98.32997, 16.57274826 ], [ -98.29170326, 16.570065520000014 ], [ -98.29282949, 16.55778058000001 ], [ -98.26942657, 16.558455480000013 ], [ -98.24150383, 16.567773880000018 ], [ -98.22926877, 16.58089103 ], [ -98.203364219, 16.587180420000013 ], [ -98.19377578, 16.621462691000012 ], [ -98.21420638, 16.618795400999986 ], [ -98.228458779, 16.639503710999982 ], [ -98.23306668, 16.670633401000028 ], [ -98.246311999, 16.67236675 ], [ -98.24344229, 16.696700080999964 ], [ -98.23353455, 16.71736632 ], [ -98.22134678, 16.70854794000001 ], [ -98.201544619, 16.712671821 ], [ -98.20551695, 16.69801623 ], [ -98.20027106, 16.697235090999964 ], [ -98.175210770000021, 16.718003571000029 ], [ -98.138994, 16.723783801 ], [ -98.12423671, 16.749640650999989 ], [ -98.13474598, 16.751505740999988 ], [ -98.13517783, 16.758393110000014 ], [ -98.12050374, 16.754729660000017 ], [ -98.10815703, 16.76095138 ], [ -98.07233389, 16.874249549999988 ], [ -98.11126131, 16.9588684 ], [ -98.057494399, 17.02377646 ], [ -98.03015774, 17.015757061000013 ], [ -98.0072764, 17.04013734 ], [ -98.08091397, 17.066581200000019 ], [ -98.11801074, 17.095515290000023 ], [ -98.15000878, 17.102431350000014 ], [ -98.15342389, 17.110402939999986 ], [ -98.22259954, 17.12214968 ], [ -98.22504598, 17.152279920000016 ], [ -98.21768114, 17.18686432 ], [ -98.20511723, 17.191024230000018 ], [ -98.20040005, 17.203811970000014 ], [ -98.20313623, 17.21628742 ], [ -98.24434242, 17.25146689 ], [ -98.27719212, 17.250076430000039 ], [ -98.28848332, 17.238220400000028 ], [ -98.32349522, 17.27594414999998 ], [ -98.30481052, 17.32751983 ], [ -98.28737318, 17.329011149999982 ], [ -98.30491478, 17.394303770000011 ], [ -98.33585075, 17.45630463 ], [ -98.32901351, 17.47872789 ], [ -98.31188428, 17.47749222 ], [ -98.32029762, 17.50688208 ], [ -98.33082729, 17.51176328 ], [ -98.32945183, 17.532980949999974 ], [ -98.34115968, 17.541917780000023 ], [ -98.34530492, 17.562587549999982 ], [ -98.35348085, 17.564860740000029 ], [ -98.35459312, 17.578976650000016 ], [ -98.36473111, 17.582620460000033 ], [ -98.37697158, 17.60534906000002 ], [ -98.41015194, 17.59976873999998 ], [ -98.43310792, 17.622995350000011 ], [ -98.45050465, 17.63334518 ], [ -98.46104474, 17.63035886 ], [ -98.47070455, 17.678095980000016 ], [ -98.48617251, 17.68099222 ], [ -98.486699, 17.73373155 ], [ -98.49634268, 17.768809450000017 ], [ -98.42495698, 17.83959451 ], [ -98.42489178, 17.86598977 ], [ -98.39875538, 17.860911919999985 ], [ -98.38260395, 17.883669740000023 ], [ -98.36286171, 17.881633799999989 ], [ -98.34907343, 17.893172800000013 ], [ -98.32882491, 17.878926459999988 ], [ -98.3020746, 17.893108049999988 ], [ -98.30083092, 17.907861480000047 ], [ -98.29041078, 17.914649 ], [ -98.28231015, 17.93515032 ], [ -98.27332302, 17.92236537 ], [ -98.26223032, 17.926876920000041 ], [ -98.27019662, 17.915598710000022 ], [ -98.25848417, 17.90329708 ], [ -98.25477489, 17.883626540000012 ], [ -98.2097464, 17.879758140000011 ], [ -98.20275758, 17.892403860000012 ], [ -98.17091111, 17.902058370000034 ], [ -98.16510485, 17.91778786 ], [ -98.17253203, 17.925373540000017 ], [ -98.16960986, 17.95283395 ], [ -98.15034894, 17.970837859999961 ], [ -98.12992077, 17.977975420000014 ], [ -98.13039437, 17.988084169999961 ], [ -98.11302615, 17.97842523 ], [ -98.06411783, 17.98557657 ], [ -98.04671375, 17.976205801 ], [ -98.02978685, 17.991836451000026 ], [ -97.99958532, 17.975525830000016 ], [ -97.986469060000019, 17.97859989 ], [ -97.97937669, 17.964441650000026 ], [ -97.96756288, 17.97070165 ], [ -97.93738032, 17.967900849999989 ], [ -97.93495808, 17.96101877 ], [ -97.94884914, 17.948156080000018 ], [ -97.9379948, 17.94066917 ], [ -97.93630192, 17.917179121 ], [ -97.90310486, 17.90915697 ], [ -97.87911163, 17.91790922 ], [ -97.83235577, 17.90853234 ], [ -97.81928674, 17.91473822 ], [ -97.80337465, 17.960458569999986 ], [ -97.76794109, 17.97665289 ], [ -97.766381, 18.005914879999988 ], [ -97.72853815, 18.012225600000015 ], [ -97.69974223, 18.001636520000019 ], [ -97.69777485, 18.018816460000014 ], [ -97.72992615, 18.03732292 ], [ -97.74909523, 18.06064028999997 ], [ -97.77167109, 18.06836754999998 ], [ -97.79854394, 18.035802110000024 ], [ -97.790920969, 18.004158090000026 ], [ -97.816569679, 17.993476690000023 ], [ -97.826271910000017, 17.972677149999985 ], [ -97.842604449, 17.99608174 ], [ -97.83478215, 18.049798520000017 ], [ -97.81067032, 18.06771717 ], [ -97.84945998, 18.08374068 ], [ -97.86722086, 18.114895320000016 ], [ -97.86748294, 18.14457129 ], [ -97.85362668, 18.167925 ], [ -97.83946226, 18.17123115 ], [ -97.84991145, 18.18950613999997 ], [ -97.85922662, 18.19228915 ], [ -97.84410308, 18.216151150000019 ], [ -97.8229606, 18.223404 ], [ -97.82762022, 18.236935119999984 ], [ -97.79729702, 18.28317486 ], [ -97.72127383, 18.27604818 ], [ -97.69970631, 18.28822906000001 ], [ -97.65471371, 18.29309255 ], [ -97.64398205, 18.279417619999968 ], [ -97.63402365, 18.20006806 ], [ -97.65317592, 18.17528872 ], [ -97.609297860000012, 18.153682970000013 ], [ -97.60815351, 18.13101065999998 ], [ -97.56961978, 18.103387369999982 ], [ -97.56379169, 18.06258058 ], [ -97.54390546, 18.03344457 ], [ -97.53404566, 18.046338350000013 ], [ -97.52237451, 18.04464771 ], [ -97.50591511, 18.0278216 ], [ -97.48924458, 18.02559157 ], [ -97.46520503, 18.02840606 ], [ -97.447491350000021, 18.05347452 ], [ -97.448149140000012, 18.06598355 ], [ -97.441363, 18.071943179999987 ], [ -97.42555918, 18.06927597 ], [ -97.41124008, 18.102392849999983 ], [ -97.40290425, 18.10748935 ], [ -97.376553050000012, 18.094512230000042 ], [ -97.3321936, 18.145409819999987 ], [ -97.31844177, 18.14578069 ], [ -97.30340868, 18.15907855 ], [ -97.266266399, 18.15854532 ], [ -97.228666649, 18.174591820999979 ], [ -97.21434846, 18.163667630000017 ], [ -97.18722194, 18.1751572 ], [ -97.192353179, 18.192374980000011 ], [ -97.16736802, 18.200903280000031 ], [ -97.14403477, 18.16342858 ], [ -97.14050665, 18.173330910000026 ], [ -97.13381846, 18.17413428 ], [ -97.13864043, 18.16710065 ], [ -97.13388522, 18.157720319999978 ], [ -97.123903110000015, 18.16246415 ], [ -97.11375803, 18.149468450000011 ], [ -97.04209414, 18.156569420000018 ], [ -97.04020449, 18.17481925 ], [ -96.99147943, 18.23073943 ], [ -96.97414055, 18.232437319999988 ], [ -96.93683531, 18.216031979999983 ], [ -96.92187583, 18.24061938000002 ], [ -96.9161542, 18.23064185 ], [ -96.91305289, 18.238537690000015 ], [ -96.88525848, 18.24396349 ], [ -96.85476077, 18.24122837 ], [ -96.84171222, 18.256452620000015 ], [ -96.84323078, 18.27107163 ], [ -96.817574, 18.300786219999978 ], [ -96.8218228, 18.320683549999984 ], [ -96.78421326, 18.33832817 ], [ -96.78042912, 18.36353255 ], [ -96.76349574000001, 18.37500683 ], [ -96.76276394, 18.383229830000012 ], [ -96.74984623, 18.38161123 ], [ -96.75463777, 18.39215863 ], [ -96.729836370000015, 18.397695120000016 ], [ -96.74149722, 18.383856540000025 ], [ -96.73305663, 18.37412115 ], [ -96.70017775, 18.38292905000004 ], [ -96.69624991, 18.364754479999981 ], [ -96.69183122, 18.380849780000016 ], [ -96.68161515, 18.375584079999989 ], [ -96.67456332, 18.38139542 ], [ -96.68143971, 18.385657030000012 ], [ -96.68103725, 18.412204429999989 ], [ -96.70970712, 18.42995417000002 ], [ -96.70532345, 18.45671057 ], [ -96.69288328, 18.45754932 ], [ -96.68254191, 18.475062170000019 ], [ -96.69107842, 18.489827919999989 ], [ -96.68227522, 18.507118149999989 ], [ -96.68840452, 18.51272794 ], [ -96.70286772, 18.51026902 ], [ -96.70616883, 18.52633669 ], [ -96.7190278, 18.52212768 ], [ -96.72689948, 18.529829 ], [ -96.71182669, 18.54805548 ], [ -96.72422172, 18.55898754 ], [ -96.71560478, 18.57324149 ], [ -96.69963072, 18.55334289 ], [ -96.69094058, 18.56797438 ], [ -96.702148980000018, 18.58122671000001 ], [ -96.68875872000001, 18.58121574 ], [ -96.693828309, 18.59120885 ], [ -96.67246352, 18.60757412 ], [ -96.6749682, 18.624341170000019 ], [ -96.68869697, 18.638792830000018 ], [ -96.68109629, 18.64794902 ], [ -96.68214488, 18.668841720000014 ] ] ] ] } },
{ "type": "Feature", "properties": { "cvegeo": "21", "cve_ent": "21", "nomgeo": "Puebla", "nom_abrev": "Pue." }, "geometry": { "type": "Polygon", "coordinates": [ [ [ -97.84226937, 20.839906369999966 ], [ -97.85011843, 20.81692383 ], [ -97.83069814, 20.807996860000014 ], [ -97.81376731, 20.82006608 ], [ -97.79039528, 20.81683288 ], [ -97.77300168, 20.827201379999988 ], [ -97.73891494, 20.80153463 ], [ -97.69517932, 20.80003885 ], [ -97.70134563000002, 20.793603690000044 ], [ -97.71314428, 20.79983429 ], [ -97.72598297, 20.791653650000015 ], [ -97.71918449, 20.77550066 ], [ -97.72650998, 20.77116146 ], [ -97.71895505, 20.762954379999986 ], [ -97.72635372, 20.75997732 ], [ -97.72281992, 20.74998854 ], [ -97.72846148, 20.741266849999988 ], [ -97.75296791, 20.73236991 ], [ -97.75685971, 20.68949229 ], [ -97.74070163, 20.68972790999997 ], [ -97.73706737, 20.67965531 ], [ -97.73807885, 20.66303025 ], [ -97.75210182, 20.6576674 ], [ -97.74951122, 20.643320459999988 ], [ -97.7373262, 20.64643128 ], [ -97.73120271, 20.637790170000017 ], [ -97.70446817, 20.62922425 ], [ -97.71539398, 20.609084800000012 ], [ -97.69341908, 20.602680680000031 ], [ -97.70190315, 20.57186632 ], [ -97.68405645, 20.57251017 ], [ -97.68477191, 20.5542612 ], [ -97.65729432, 20.545068750000024 ], [ -97.64819649, 20.5663122 ], [ -97.63666451, 20.55371172000002 ], [ -97.62543566, 20.56357694 ], [ -97.58995277, 20.556149679999987 ], [ -97.59003917, 20.55967306 ], [ -97.58923192, 20.56087945 ], [ -97.58795302, 20.561070260000012 ], [ -97.57499228, 20.54334322 ], [ -97.57832031, 20.537430950000012 ], [ -97.54104334, 20.489711620000023 ], [ -97.55605712, 20.48469003 ], [ -97.57604555, 20.490900170000021 ], [ -97.59588391, 20.46399155 ], [ -97.63536508, 20.452185550000024 ], [ -97.63755411, 20.417905550000015 ], [ -97.64541072, 20.40832363 ], [ -97.6720752, 20.4085294 ], [ -97.67305138, 20.41885537 ], [ -97.69772372, 20.43251266 ], [ -97.70918749, 20.455109369999985 ], [ -97.725830250000016, 20.458228919999989 ], [ -97.73459932, 20.451306339999984 ], [ -97.765641739, 20.381228349999983 ], [ -97.74444995, 20.380110149999989 ], [ -97.74287652000001, 20.351196770000019 ], [ -97.70068949, 20.319919030000015 ], [ -97.67934494, 20.349917879999968 ], [ -97.67312512, 20.336607290000011 ], [ -97.68985792, 20.320087310000016 ], [ -97.67730817, 20.31297869 ], [ -97.68139762, 20.30243242 ], [ -97.70427425, 20.303244180000014 ], [ -97.70840565, 20.285293229999979 ], [ -97.74089498, 20.274572719999973 ], [ -97.757297510000015, 20.279079 ], [ -97.73511192, 20.242391940000047 ], [ -97.73070089, 20.20519982 ], [ -97.74147442, 20.19241449 ], [ -97.7314612, 20.18134845 ], [ -97.72022974, 20.18916792 ], [ -97.69871838, 20.182378420000017 ], [ -97.6914686, 20.16749677 ], [ -97.66311029, 20.16948608 ], [ -97.65302546, 20.16343295 ], [ -97.632320150000012, 20.183223220000013 ], [ -97.60448911, 20.16687362 ], [ -97.60273531, 20.11931382 ], [ -97.57865135, 20.102519880000013 ], [ -97.59609066, 20.0929842 ], [ -97.59123592, 20.08171317 ], [ -97.5802576, 20.079007889999982 ], [ -97.56129569, 20.08602191 ], [ -97.55805129, 20.10691089000002 ], [ -97.54815609, 20.10119483 ], [ -97.53959257, 20.11600924999998 ], [ -97.52739417, 20.114878939999965 ], [ -97.49483846, 20.13734828 ], [ -97.49979866, 20.14272183 ], [ -97.49478815, 20.14619346 ], [ -97.50538408, 20.15393815 ], [ -97.48479823, 20.173881340000012 ], [ -97.4650594, 20.180218399999973 ], [ -97.46429385, 20.224227230000032 ], [ -97.44527609, 20.246160660000019 ], [ -97.42080589, 20.24242311000004 ], [ -97.40816878, 20.232092060000024 ], [ -97.38060506, 20.24988162 ], [ -97.37421132, 20.24300634 ], [ -97.37772311, 20.222899880000025 ], [ -97.365512398, 20.21575120100001 ], [ -97.28528174, 20.190730709999976 ], [ -97.28319126, 20.181112059999986 ], [ -97.27054392, 20.18751898 ], [ -97.26193108, 20.17754897 ], [ -97.24404115, 20.182278600000021 ], [ -97.24239263, 20.17447751000002 ], [ -97.16441343, 20.15183155 ], [ -97.16100843, 20.160717050000017 ], [ -97.1499912, 20.160614259999988 ], [ -97.15752923, 20.149575450000018 ], [ -97.151363890000013, 20.137540339999987 ], [ -97.12240882, 20.136721479999988 ], [ -97.17402522, 20.092174139999983 ], [ -97.18549822, 20.06234028 ], [ -97.19542628, 20.054341420000014 ], [ -97.20615191, 20.056354920000032 ], [ -97.20692723, 20.01466782000001 ], [ -97.22509963, 20.00946025 ], [ -97.23816809, 19.988711170000016 ], [ -97.26066906, 19.97725443 ], [ -97.26924909, 19.947027280000015 ], [ -97.25580865, 19.93246009 ], [ -97.29182251, 19.90025598 ], [ -97.29047463, 19.88681211 ], [ -97.30455903, 19.87069469 ], [ -97.32000335, 19.769826140000013 ], [ -97.32193997, 19.734778180000013 ], [ -97.3137838, 19.7351354 ], [ -97.3331404, 19.716779819999989 ], [ -97.30393002, 19.671155540000012 ], [ -97.32640262, 19.678918259999978 ], [ -97.34116157, 19.675751749999975 ], [ -97.40274729, 19.61534302 ], [ -97.41846728, 19.62721655 ], [ -97.43427852, 19.588848459999966 ], [ -97.42664686, 19.541676020000036 ], [ -97.40958968, 19.537329339999982 ], [ -97.40088235, 19.506913969999989 ], [ -97.40455588, 19.49586629 ], [ -97.37067062, 19.494994919999979 ], [ -97.36074611, 19.48849345 ], [ -97.35572985, 19.49291025 ], [ -97.34825852, 19.48462697 ], [ -97.346893, 19.45099863 ], [ -97.35727628, 19.432376719999969 ], [ -97.38154326, 19.43236683 ], [ -97.397356539, 19.419064230000011 ], [ -97.39410235, 19.40729557 ], [ -97.37169988, 19.403059140000021 ], [ -97.36045311, 19.376029320000026 ], [ -97.348620090000011, 19.37849371 ], [ -97.33775011, 19.392530719999986 ], [ -97.2849682, 19.39163674000001 ], [ -97.23362182, 19.371215580000015 ], [ -97.22386906, 19.356958709999958 ], [ -97.21020605, 19.359441650000033 ], [ -97.20472112, 19.329962020000018 ], [ -97.215605260000018, 19.323319720000022 ], [ -97.20084034, 19.31628845 ], [ -97.20027346, 19.30926475 ], [ -97.170205690000017, 19.32902235000001 ], [ -97.14845492, 19.32025005 ], [ -97.13675151, 19.322703969999989 ], [ -97.12935971, 19.308896680000018 ], [ -97.10199869, 19.30361545 ], [ -97.07118105, 19.32151662 ], [ -97.05569168, 19.31197135 ], [ -97.04551137, 19.32128262 ], [ -97.03099058, 19.29732677 ], [ -97.014755260000015, 19.29007517 ], [ -97.00345997, 19.296380029 ], [ -96.98556011, 19.27939681999997 ], [ -97.00440989, 19.25690105 ], [ -97.00123451, 19.23654602 ], [ -97.05155962, 19.206812939999967 ], [ -97.05615475, 19.197666580000021 ], [ -97.04138562, 19.17441722 ], [ -97.04213609, 19.151387 ], [ -97.0270518, 19.1332362 ], [ -97.03445602, 19.137668259999977 ], [ -97.04583988, 19.128028940000029 ], [ -97.05563308, 19.13400217 ], [ -97.067980199, 19.148459 ], [ -97.06669271, 19.159455321 ], [ -97.10872346, 19.168407879999975 ], [ -97.13073162, 19.167684250000018 ], [ -97.13652548, 19.16011032 ], [ -97.18063372, 19.16932957 ], [ -97.18368202, 19.162738219999973 ], [ -97.19458906, 19.171812579999987 ], [ -97.20963297, 19.15985088999998 ], [ -97.19719794, 19.146559109999981 ], [ -97.21956818, 19.13613197 ], [ -97.22232171, 19.123428029999989 ], [ -97.26139946, 19.096627260000027 ], [ -97.26965286, 19.063072180000013 ], [ -97.26662571, 19.030313199999988 ], [ -97.28512577, 18.99943085 ], [ -97.25825892, 18.977714220000021 ], [ -97.25334611, 18.928754649999981 ], [ -97.2418156, 18.90214271000001 ], [ -97.24580249, 18.89330063 ], [ -97.27137371, 18.89081443 ], [ -97.29731158, 18.867310290000013 ], [ -97.30609182, 18.84342485000003 ], [ -97.322667080000016, 18.83507192 ], [ -97.3263456, 18.810246480000014 ], [ -97.35303111, 18.79128491 ], [ -97.35285031, 18.774361280000011 ], [ -97.34018568, 18.77839937 ], [ -97.330059, 18.765974400000015 ], [ -97.344238290000021, 18.749443920000022 ], [ -97.33950575, 18.74240958 ], [ -97.34719437, 18.72743694 ], [ -97.34214949, 18.72581591999996 ], [ -97.350025370000012, 18.71714311 ], [ -97.34219526, 18.705896569999982 ], [ -97.34397458, 18.685759 ], [ -97.33726109, 18.67859078 ], [ -97.33102582, 18.68311902 ], [ -97.32317806, 18.66430852 ], [ -97.30320266, 18.67428562 ], [ -97.28186551, 18.652493290000031 ], [ -97.27185192, 18.62777915000002 ], [ -97.25227174, 18.626726399999988 ], [ -97.23542915, 18.643569480000011 ], [ -97.215241170000013, 18.62555363 ], [ -97.19691875, 18.629581149999979 ], [ -97.17596034, 18.616719879999966 ], [ -97.17440565, 18.60666222 ], [ -97.14144277, 18.59641791000001 ], [ -97.14456308, 18.57092786 ], [ -97.08347138, 18.483942749999965 ], [ -97.07996752, 18.454507780000014 ], [ -97.04637815, 18.499560220000028 ], [ -96.99891734, 18.53191646 ], [ -96.98481858, 18.53120194000002 ], [ -96.97378755, 18.53676352 ], [ -96.97680595, 18.543075399999989 ], [ -96.96520631, 18.54166183 ], [ -96.95433414, 18.55382937 ], [ -96.92594478, 18.53492554 ], [ -96.89925098, 18.54864795 ], [ -96.88588275, 18.53344362 ], [ -96.87592746, 18.535088850000012 ], [ -96.87351326, 18.52323168000002 ], [ -96.86653317, 18.52669203 ], [ -96.86730092, 18.51459702 ], [ -96.84632769, 18.50537832 ], [ -96.84235751, 18.493388780000021 ], [ -96.82509505, 18.49811475 ], [ -96.82403863, 18.511110579999986 ], [ -96.81344615, 18.51761791 ], [ -96.79701183, 18.511935179999984 ], [ -96.79579549, 18.480223280000011 ], [ -96.78920675, 18.467139820000039 ], [ -96.78094162, 18.465925150000025 ], [ -96.7861728, 18.457925890000013 ], [ -96.77542369, 18.448093230000016 ], [ -96.78481806, 18.44419626 ], [ -96.78101195, 18.42906951 ], [ -96.76318571, 18.42705068 ], [ -96.77089886, 18.42297782 ], [ -96.75908505, 18.408263659999974 ], [ -96.72468303, 18.40738774 ], [ -96.72865, 18.395736880000012 ], [ -96.75393315, 18.392621350000024 ], [ -96.74984623, 18.38161123 ], [ -96.76276394, 18.383229830000012 ], [ -96.76349574000001, 18.37500683 ], [ -96.78042912, 18.36353255 ], [ -96.78421326, 18.33832817 ], [ -96.8218228, 18.320683549999984 ], [ -96.817574, 18.300786219999978 ], [ -96.84323078, 18.27107163 ], [ -96.84171222, 18.256452620000015 ], [ -96.85476077, 18.24122837 ], [ -96.88525848, 18.24396349 ], [ -96.91305289, 18.238537690000015 ], [ -96.9161542, 18.23064185 ], [ -96.92187583, 18.24061938000002 ], [ -96.93683531, 18.216031979999983 ], [ -96.97414055, 18.232437319999988 ], [ -96.99147943, 18.23073943 ], [ -97.04020449, 18.17481925 ], [ -97.04209414, 18.156569420000018 ], [ -97.11375803, 18.149468450000011 ], [ -97.123903110000015, 18.16246415 ], [ -97.13388522, 18.157720319999978 ], [ -97.13864043, 18.16710065 ], [ -97.13381846, 18.17413428 ], [ -97.14403477, 18.16342858 ], [ -97.16736802, 18.200903280000031 ], [ -97.192353179, 18.192374980000011 ], [ -97.18722194, 18.1751572 ], [ -97.21434846, 18.163667630000017 ], [ -97.228666649, 18.174591820999979 ], [ -97.266266399, 18.15854532 ], [ -97.30340868, 18.15907855 ], [ -97.31844177, 18.14578069 ], [ -97.3321936, 18.145409819999987 ], [ -97.376553050000012, 18.094512230000042 ], [ -97.40290425, 18.10748935 ], [ -97.41124008, 18.102392849999983 ], [ -97.42555918, 18.06927597 ], [ -97.441363, 18.071943179999987 ], [ -97.448149140000012, 18.06598355 ], [ -97.447491350000021, 18.05347452 ], [ -97.4669182, 18.02695131 ], [ -97.50591511, 18.0278216 ], [ -97.52237451, 18.04464771 ], [ -97.53404566, 18.046338350000013 ], [ -97.54390546, 18.03344457 ], [ -97.56379169, 18.06258058 ], [ -97.56961978, 18.103387369999982 ], [ -97.60815351, 18.13101065999998 ], [ -97.609297860000012, 18.153682970000013 ], [ -97.65317592, 18.17528872 ], [ -97.63402365, 18.20006806 ], [ -97.64398205, 18.279417619999968 ], [ -97.65471371, 18.29309255 ], [ -97.69970631, 18.28822906000001 ], [ -97.72127383, 18.27604818 ], [ -97.79729702, 18.28317486 ], [ -97.82762022, 18.236935119999984 ], [ -97.8229606, 18.223404 ], [ -97.84410308, 18.216151150000019 ], [ -97.85922662, 18.19228915 ], [ -97.84991145, 18.18950613999997 ], [ -97.83946226, 18.17123115 ], [ -97.85362668, 18.167925 ], [ -97.86748294, 18.14457129 ], [ -97.86722086, 18.114895320000016 ], [ -97.84945998, 18.08374068 ], [ -97.81067032, 18.06771717 ], [ -97.83478215, 18.049798520000017 ], [ -97.842604449, 17.99608174 ], [ -97.826271910000017, 17.972677149999985 ], [ -97.816569679, 17.993476690000023 ], [ -97.790920969, 18.004158090000026 ], [ -97.79854394, 18.035802110000024 ], [ -97.77167109, 18.06836754999998 ], [ -97.74909523, 18.06064028999997 ], [ -97.72992615, 18.03732292 ], [ -97.69777485, 18.018816460000014 ], [ -97.69974223, 18.001636520000019 ], [ -97.72853815, 18.012225600000015 ], [ -97.766381, 18.005914879999988 ], [ -97.76794109, 17.97665289 ], [ -97.80337465, 17.960458569999986 ], [ -97.81928674, 17.91473822 ], [ -97.83235577, 17.90853234 ], [ -97.87911163, 17.91790922 ], [ -97.90310486, 17.90915697 ], [ -97.93630192, 17.917179121 ], [ -97.9379948, 17.94066917 ], [ -97.94884914, 17.948156080000018 ], [ -97.93495808, 17.96101877 ], [ -97.93738032, 17.967900849999989 ], [ -97.96756288, 17.97070165 ], [ -97.97937669, 17.964441650000026 ], [ -97.986469060000019, 17.97859989 ], [ -97.99958532, 17.975525830000016 ], [ -98.02978685, 17.991836451000026 ], [ -98.04671375, 17.976205801 ], [ -98.06411783, 17.98557657 ], [ -98.11302615, 17.97842523 ], [ -98.13039437, 17.988084169999961 ], [ -98.12992077, 17.977975420000014 ], [ -98.15034894, 17.970837859999961 ], [ -98.16960986, 17.95283395 ], [ -98.17253203, 17.925373540000017 ], [ -98.16510485, 17.91778786 ], [ -98.17091111, 17.902058370000034 ], [ -98.20275758, 17.892403860000012 ], [ -98.2097464, 17.879758140000011 ], [ -98.25477489, 17.883626540000012 ], [ -98.25848417, 17.90329708 ], [ -98.27019662, 17.915598710000022 ], [ -98.26223032, 17.926876920000041 ], [ -98.27332302, 17.92236537 ], [ -98.28231015, 17.93515032 ], [ -98.29041078, 17.914649 ], [ -98.30083092, 17.907861480000047 ], [ -98.3020746, 17.893108049999988 ], [ -98.32882491, 17.878926459999988 ], [ -98.34907343, 17.893172800000013 ], [ -98.36286171, 17.881633799999989 ], [ -98.38260395, 17.883669740000023 ], [ -98.39875538, 17.860911919999985 ], [ -98.42076697, 17.86369422 ], [ -98.42422585, 17.89223777 ], [ -98.43551792, 17.891411370000014 ], [ -98.434438220000018, 17.90837231 ], [ -98.44499795, 17.92229706 ], [ -98.42416506, 17.938238349999988 ], [ -98.43273263, 17.97199889 ], [ -98.42509434, 17.976933540000012 ], [ -98.44814048, 17.990711090000019 ], [ -98.47146577, 17.99178465 ], [ -98.47638666, 17.98104362 ], [ -98.50049177, 17.99557894 ], [ -98.52672482, 17.99628885000001 ], [ -98.52962826, 17.97582252 ], [ -98.53843292, 17.983804200000012 ], [ -98.54377691, 17.97335338 ], [ -98.55394742, 17.978773140000015 ], [ -98.55539032, 17.97284011 ], [ -98.58552349, 17.974941030000018 ], [ -98.59321226, 17.96036222 ], [ -98.61048352, 17.958062800000022 ], [ -98.62205422, 17.941712349999968 ], [ -98.63297923, 17.94353235 ], [ -98.65053817, 17.93316105 ], [ -98.67295475, 17.943268709999977 ], [ -98.688102020000017, 17.96193817 ], [ -98.70594806, 17.955614449999985 ], [ -98.70884006, 17.9675406 ], [ -98.731827480000021, 17.982553020000019 ], [ -98.81493843, 18.00169671 ], [ -98.80125962, 18.022052430000034 ], [ -98.76709711, 18.01961117 ], [ -98.73509786, 18.04509512000001 ], [ -98.75913808, 18.044676019999983 ], [ -98.79707011, 18.062646480000026 ], [ -98.80033665, 18.05307782 ], [ -98.811297150000016, 18.050632719999964 ], [ -98.81299974, 18.064875350000019 ], [ -98.86981182, 18.057216659999963 ], [ -98.852369769, 18.117600941 ], [ -98.881876889, 18.166162091 ], [ -98.95721909, 18.188697510000033 ], [ -99.00006632, 18.190204910000016 ], [ -98.98905618, 18.24935451 ], [ -99.01932995, 18.24541105 ], [ -99.023593, 18.249186319999982 ], [ -99.0147074, 18.263265860000025 ], [ -99.03170551, 18.27231452 ], [ -99.05577145, 18.250173970000034 ], [ -99.06370989, 18.25148303 ], [ -99.06382045, 18.262501539999981 ], [ -99.05322812, 18.264156370000023 ], [ -99.06936388, 18.283234679999985 ], [ -99.05177255, 18.28981525 ], [ -99.07049428, 18.326839709999987 ], [ -99.05768918, 18.33845769 ], [ -99.05877252, 18.34885552 ], [ -99.02361014, 18.372453880000016 ], [ -99.01817508, 18.38778437 ], [ -99.00093492, 18.38825715 ], [ -98.98793868, 18.39706377000001 ], [ -98.98537245, 18.42115398 ], [ -98.95143382, 18.41763342 ], [ -98.93515195, 18.422903850000012 ], [ -98.91931732, 18.431964850000028 ], [ -98.91517229, 18.45782125 ], [ -98.90540577, 18.459739710000012 ], [ -98.912220620000014, 18.462121629999988 ], [ -98.87057955, 18.47920232 ], [ -98.8504086, 18.47803466 ], [ -98.83645028, 18.49457591 ], [ -98.840344060000021, 18.51277162 ], [ -98.827766259, 18.523885542999977 ], [ -98.810558940000021, 18.51931283 ], [ -98.78677325, 18.48462718 ], [ -98.76100083, 18.475445629999978 ], [ -98.75219135, 18.4539242 ], [ -98.738083180000018, 18.455737920000011 ], [ -98.72695277, 18.439533119999989 ], [ -98.70669912, 18.445112230999989 ], [ -98.710415569, 18.46806682 ], [ -98.69897388, 18.494980490999975 ], [ -98.707330089, 18.492850851000014 ], [ -98.70193994, 18.512185950000021 ], [ -98.71336158, 18.52056474 ], [ -98.70275108, 18.53878698 ], [ -98.71667357, 18.56591998 ], [ -98.71256629, 18.5879576 ], [ -98.71983997, 18.600709 ], [ -98.71142631, 18.61645475 ], [ -98.71989608, 18.655953369999985 ], [ -98.741882280000013, 18.702177169999985 ], [ -98.72398546, 18.71906742 ], [ -98.71590709, 18.73918951 ], [ -98.72893937000002, 18.74523646 ], [ -98.73866954, 18.73716537 ], [ -98.75349392, 18.74296938 ], [ -98.73385823, 18.778082859999984 ], [ -98.72794571, 18.805509 ], [ -98.70714625, 18.82180097 ], [ -98.68197717, 18.87596137 ], [ -98.67210229, 18.8794484 ], [ -98.66131526, 18.89780902 ], [ -98.67291475, 18.90944086 ], [ -98.68141455, 18.90716732 ], [ -98.70031366, 18.893795709999978 ], [ -98.69775995, 18.876952519999985 ], [ -98.71347151, 18.867243619999989 ], [ -98.70734323, 18.902855510000016 ], [ -98.67809191, 18.92371748 ], [ -98.67391152, 18.95105505 ], [ -98.64961171, 18.999577399999986 ], [ -98.61987463, 19.035059570000023 ], [ -98.62978822, 19.04360298000001 ], [ -98.63110262, 19.05964654 ], [ -98.62347052, 19.066381769999982 ], [ -98.63929817, 19.077440490000011 ], [ -98.62589249, 19.08937646 ], [ -98.63255932, 19.10060691 ], [ -98.62548935, 19.11957198 ], [ -98.64065706, 19.125455739999971 ], [ -98.63891618, 19.15059914999998 ], [ -98.63533871, 19.14703234 ], [ -98.64702238000001, 19.18482789 ], [ -98.6435712, 19.238729860000014 ], [ -98.62752488, 19.257759169999989 ], [ -98.66347589, 19.32479238000003 ], [ -98.66058797, 19.351736380000016 ], [ -98.64447926, 19.35199998000002 ], [ -98.63807978, 19.358911 ], [ -98.65405925, 19.36940269 ], [ -98.66284795, 19.40299825000001 ], [ -98.66017837, 19.43209357 ], [ -98.634697110000019, 19.429548090000015 ], [ -98.6614352, 19.45809035000001 ], [ -98.65322655, 19.465986230000016 ], [ -98.63411472, 19.467848169999971 ], [ -98.62940658, 19.457017949999962 ], [ -98.59127565, 19.4492142 ], [ -98.57027614, 19.466769350000014 ], [ -98.52319214, 19.460868680000011 ], [ -98.47027771, 19.360830910000022 ], [ -98.441273, 19.32525114000002 ], [ -98.42835278, 19.3275794 ], [ -98.40772137, 19.31593170999998 ], [ -98.41009083, 19.291339261000012 ], [ -98.380403458, 19.261715620999979 ], [ -98.36454634, 19.233125249999986 ], [ -98.36891505, 19.226122 ], [ -98.33068097, 19.20015005 ], [ -98.34271029, 19.177939740000021 ], [ -98.32392929, 19.168661879999974 ], [ -98.307155939, 19.189203941 ], [ -98.269702799, 19.162389880000017 ], [ -98.23024123, 19.156728621000049 ], [ -98.223038889, 19.1366376 ], [ -98.20804022, 19.132699480000028 ], [ -98.19070668900001, 19.13998574 ], [ -98.197142629, 19.127497081 ], [ -98.191638658000016, 19.121936969999986 ], [ -98.20434782, 19.11492892 ], [ -98.184854579, 19.115515681000016 ], [ -98.166175774, 19.10507186 ], [ -98.110159317, 19.143212050999981 ], [ -98.100318739, 19.163366659000037 ], [ -98.0415306, 19.210231720000014 ], [ -98.03168626, 19.230938380000037 ], [ -97.99862342, 19.198324740000022 ], [ -97.92820265, 19.16421342 ], [ -97.91137425, 19.17960926 ], [ -97.88983906, 19.186956739999964 ], [ -97.89322103, 19.20030731000001 ], [ -97.85098829, 19.22293423 ], [ -97.86038337, 19.24407737000001 ], [ -97.87049471, 19.24006097 ], [ -97.86513558, 19.253949380000019 ], [ -97.85405181900002, 19.257328291 ], [ -97.870287049, 19.270585980000014 ], [ -97.85971698, 19.287199520000016 ], [ -97.83842866, 19.2872644 ], [ -97.83927043, 19.30137617 ], [ -97.80047143, 19.301583380000011 ], [ -97.77138552, 19.283752650000011 ], [ -97.74509182, 19.30525994000002 ], [ -97.73833274, 19.28709963 ], [ -97.71964295, 19.304753229999978 ], [ -97.69093325, 19.285888119999978 ], [ -97.6695202, 19.29213422 ], [ -97.658044689, 19.31066452 ], [ -97.64608888, 19.30640932 ], [ -97.638948745, 19.319050001 ], [ -97.633122289000013, 19.316157981 ], [ -97.626355569, 19.32393397 ], [ -97.627009079, 19.33366772 ], [ -97.63871172, 19.338263120999965 ], [ -97.63144615, 19.35539543000003 ], [ -97.64029032, 19.36075146 ], [ -97.65363115, 19.353799969999976 ], [ -97.657979420000018, 19.363674059999983 ], [ -97.67385882, 19.367471459999965 ], [ -97.68130172, 19.38830335 ], [ -97.70545485, 19.39364137 ], [ -97.72452512, 19.431636950000048 ], [ -97.74727874, 19.436333969999971 ], [ -97.74469415, 19.445041629999977 ], [ -97.75480145, 19.45754287999997 ], [ -97.77071123, 19.456614200000011 ], [ -97.77804575, 19.472877399999987 ], [ -97.79685926, 19.472442849999972 ], [ -97.79453868, 19.498374599999963 ], [ -97.85942248, 19.45434594 ], [ -97.86227149, 19.456175520000045 ], [ -97.847353220000016, 19.47400309 ], [ -97.84873909, 19.482781910000011 ], [ -97.87398748, 19.502926599999981 ], [ -97.88974826, 19.504579090000014 ], [ -97.88751522, 19.51763543 ], [ -97.87168098, 19.532152169999975 ], [ -97.87181259, 19.561767647 ], [ -97.881534608, 19.571721436000047 ], [ -97.907924557000015, 19.579355891 ], [ -97.916147573, 19.594016028 ], [ -97.946706391, 19.585630222999988 ], [ -97.950532751, 19.602838176 ], [ -97.958089812, 19.603069754999989 ], [ -97.980678259, 19.628541631999987 ], [ -98.04221202, 19.64022471 ], [ -98.03643691000002, 19.685843510000012 ], [ -98.06080845, 19.72891743 ], [ -98.06692926, 19.72519178000001 ], [ -98.06461283, 19.708655219999972 ], [ -98.0828074, 19.7007558 ], [ -98.09091551, 19.67761803 ], [ -98.10100792, 19.66804989000001 ], [ -98.11773588, 19.68826334 ], [ -98.14373049, 19.683648829999989 ], [ -98.16556431, 19.66747586 ], [ -98.18736852, 19.6797324 ], [ -98.18981994, 19.671012489999985 ], [ -98.22802429, 19.67445131 ], [ -98.22808152, 19.680419449999974 ], [ -98.24106728, 19.67583615 ], [ -98.25241131, 19.693125800000022 ], [ -98.25531892, 19.71882902 ], [ -98.23626309, 19.723333950000018 ], [ -98.21510934, 19.74131445 ], [ -98.1956988, 19.741619659999987 ], [ -98.19437594, 19.76537189 ], [ -98.22142425, 19.77357635 ], [ -98.21615555, 19.77841697 ], [ -98.23481545, 19.777045510000015 ], [ -98.25102748, 19.79506448 ], [ -98.25085805, 19.81275798 ], [ -98.26458218, 19.82299928999997 ], [ -98.26922977, 19.84494675000002 ], [ -98.30529209, 19.845870520000023 ], [ -98.31500434, 19.855115601000033 ], [ -98.29107488, 19.875812401 ], [ -98.29093342, 19.88887705100003 ], [ -98.26935185, 19.895709140999969 ], [ -98.2678202, 19.91611392 ], [ -98.24807295, 19.91753072 ], [ -98.24530906, 19.923998081000022 ], [ -98.25626445, 19.929305019999987 ], [ -98.242192749, 19.94114946 ], [ -98.251603779, 19.948149771000026 ], [ -98.222081689, 19.946932060000012 ], [ -98.226746489, 19.95622217 ], [ -98.21594135, 19.968521140000014 ], [ -98.180697649, 19.959751571 ], [ -98.160427979, 19.978129571000043 ], [ -98.174263889, 19.997739401 ], [ -98.163961139, 20.02245782 ], [ -98.174996570000019, 20.02960058 ], [ -98.180902849, 20.046985539999987 ], [ -98.168146459, 20.057229711 ], [ -98.159704738, 20.092569970999985 ], [ -98.12827266, 20.107202650000016 ], [ -98.124607059, 20.124069891 ], [ -98.10846246, 20.120803401000018 ], [ -98.09787945, 20.145389661 ], [ -98.139582649, 20.150141621 ], [ -98.12972682, 20.161483111000013 ], [ -98.12795855, 20.185941370000023 ], [ -98.153922219, 20.208580681000011 ], [ -98.147726309000021, 20.226385401000027 ], [ -98.175924939, 20.254229540000019 ], [ -98.192395679, 20.258217751000021 ], [ -98.21296386, 20.234291061000018 ], [ -98.229138719, 20.236613221 ], [ -98.243812459, 20.217943220999977 ], [ -98.270546169, 20.215806281 ], [ -98.278924779, 20.225272891 ], [ -98.28444354, 20.262788850000046 ], [ -98.26603712, 20.273611090999978 ], [ -98.254029649, 20.301341881999981 ], [ -98.236476479, 20.304347482 ], [ -98.21594823, 20.291456582 ], [ -98.17907757, 20.29380837 ], [ -98.18130811, 20.33654308 ], [ -98.16325355, 20.3278486 ], [ -98.12683551, 20.33623102 ], [ -98.126184, 20.346296349999982 ], [ -98.11250378, 20.354295720000032 ], [ -98.11564638, 20.363107371000023 ], [ -98.10838854, 20.373958291000012 ], [ -98.07731791, 20.40311974999997 ], [ -98.07048426, 20.430273169999985 ], [ -98.01138482, 20.455772251000013 ], [ -98.00886478, 20.482541 ], [ -97.99366703, 20.48491362 ], [ -97.988791, 20.4953852 ], [ -97.99742609, 20.50609525 ], [ -97.97263034, 20.52320243 ], [ -97.98152648, 20.52567945000002 ], [ -97.98081611, 20.54070886 ], [ -97.90968569, 20.586378110000016 ], [ -97.90875782, 20.60813415 ], [ -97.89497082, 20.6238994 ], [ -97.91184415, 20.653515119999966 ], [ -97.90876735, 20.66715862999995 ], [ -97.91783195, 20.673937890000019 ], [ -97.91372814, 20.689162 ], [ -97.89742569, 20.703213830000024 ], [ -97.9224466, 20.71651878 ], [ -97.87911978, 20.834275880000028 ], [ -97.85286794, 20.832868350000037 ], [ -97.84226937, 20.839906369999966 ] ] ] } },
{ "type": "Feature", "properties": { "cvegeo": "22", "cve_ent": "22", "nomgeo": "Querétaro", "nom_abrev": "Qro." }, "geometry": { "type": "Polygon", "coordinates": [ [ [ -99.18810832, 21.66991709 ], [ -99.17189551, 21.627031480000017 ], [ -99.12829737, 21.58981705 ], [ -99.1422822, 21.53543955 ], [ -99.12976878, 21.501702579999989 ], [ -99.126030050000011, 21.460542850000017 ], [ -99.10591543, 21.411560080000022 ], [ -99.09813023, 21.408412679999966 ], [ -99.0928392, 21.381700449999986 ], [ -99.09788305, 21.37764191 ], [ -99.09262075, 21.363360479999987 ], [ -99.12945552, 21.36204625 ], [ -99.13782958, 21.32979189000001 ], [ -99.10294885, 21.321194429999988 ], [ -99.12755889, 21.31833655 ], [ -99.10579008, 21.30204189 ], [ -99.10434535, 21.28959786 ], [ -99.08299075, 21.29634689000002 ], [ -99.06142717, 21.279474 ], [ -99.05324382, 21.281631349999987 ], [ -99.05117674, 21.25342968 ], [ -99.06994049, 21.243058150000017 ], [ -99.073532109, 21.230425284999981 ], [ -99.05237049, 21.219515580000031 ], [ -99.04307985, 21.17867725 ], [ -99.06133169, 21.15420534 ], [ -99.07270743, 21.157965829999977 ], [ -99.05980105, 21.167512310000028 ], [ -99.06241209, 21.174308630000041 ], [ -99.076479310000011, 21.173463949999988 ], [ -99.07062072, 21.16701375 ], [ -99.07704849, 21.15914466 ], [ -99.09093828, 21.152984519999983 ], [ -99.11085338, 21.15655846 ], [ -99.11149232, 21.148508509999971 ], [ -99.12636812, 21.146637720000015 ], [ -99.13489258, 21.15257645 ], [ -99.17547805, 21.13837832 ], [ -99.18460091, 21.122261690000016 ], [ -99.2062254, 21.11868972 ], [ -99.21541895, 21.106210539999978 ], [ -99.23421611, 21.112803680000013 ], [ -99.24733332, 21.10133796999995 ], [ -99.25595509, 21.10424688 ], [ -99.30920565000001, 21.147299650000026 ], [ -99.34182843, 21.12365968 ], [ -99.34635966, 21.100876659999983 ], [ -99.397366659, 21.10200328 ], [ -99.3876732, 21.067827229999963 ], [ -99.37581483, 21.073367910999956 ], [ -99.367437459, 21.069479690000016 ], [ -99.37707902, 21.056615051000016 ], [ -99.36324591, 21.041728891000012 ], [ -99.368356779, 21.024765081 ], [ -99.384574829000016, 21.018088911000024 ], [ -99.38995452, 21.004138380000029 ], [ -99.396329119, 20.981086879999975 ], [ -99.38827885, 20.96619837 ], [ -99.39062602, 20.952274320000047 ], [ -99.40724057, 20.937103720000014 ], [ -99.40303523, 20.930198171000036 ], [ -99.415585509, 20.9249006 ], [ -99.412556859, 20.90542894 ], [ -99.435226579, 20.899397 ], [ -99.44606406, 20.85303106 ], [ -99.454432029, 20.85797557999997 ], [ -99.456539509, 20.8490188 ], [ -99.488731819, 20.83293289 ], [ -99.485289539, 20.81782755000004 ], [ -99.499727459, 20.804273370000043 ], [ -99.488706279, 20.799366660000022 ], [ -99.497253579, 20.790944630000027 ], [ -99.503768849, 20.79483294 ], [ -99.496306079, 20.782352599999982 ], [ -99.506452219, 20.77171698 ], [ -99.503817, 20.76578731999998 ], [ -99.548471289, 20.737197749999982 ], [ -99.534274849, 20.70597425 ], [ -99.505540319, 20.68470052000001 ], [ -99.511036599, 20.67838671 ], [ -99.500642079, 20.673042509999984 ], [ -99.50192266, 20.65896221999995 ], [ -99.52704129, 20.656626450000015 ], [ -99.53881272, 20.64366968000002 ], [ -99.5653444, 20.64039415 ], [ -99.57864855, 20.628495429999973 ], [ -99.57894945, 20.61883225 ], [ -99.58970811, 20.620400139999965 ], [ -99.59274206, 20.61083229 ], [ -99.60741426, 20.60640002 ], [ -99.61951128, 20.591406950000017 ], [ -99.63458375, 20.605654150000031 ], [ -99.65787037, 20.601799289999978 ], [ -99.69641295, 20.574445019999967 ], [ -99.711952080000017, 20.58126662 ], [ -99.72824337, 20.57510634 ], [ -99.73868326, 20.560520801 ], [ -99.77932882, 20.55930490999998 ], [ -99.804625079, 20.544758381000015 ], [ -99.828071179, 20.543007651 ], [ -99.85910642, 20.26847055 ], [ -99.91139063, 20.28559063 ], [ -99.91950097, 20.281665380000014 ], [ -99.92955045, 20.268457659999974 ], [ -99.92846695, 20.25022114 ], [ -99.93408357, 20.249770029999986 ], [ -99.91846455, 20.21178482 ], [ -99.95093302, 20.215903509999986 ], [ -99.95851682, 20.25224314 ], [ -99.97703103, 20.27237525 ], [ -99.98567929, 20.26226409 ], [ -99.964503569, 20.216297860000026 ], [ -99.965229819, 20.201157511000034 ], [ -99.93713525, 20.181731770000017 ], [ -99.93520622, 20.16525345 ], [ -99.92190282, 20.15873997000002 ], [ -99.93621277, 20.162523034000021 ], [ -99.93075372, 20.143131890000024 ], [ -99.94220645, 20.120100340000032 ], [ -99.92376685, 20.08413468 ], [ -99.92633742, 20.064330680000012 ], [ -99.98019265, 20.05914745 ], [ -99.97846822, 20.07404545 ], [ -100.00035234, 20.07748040000001 ], [ -100.00563977, 20.06420051 ], [ -100.027616, 20.05657708 ], [ -100.04379797, 20.036566220000012 ], [ -100.06172582, 20.03879054 ], [ -100.06562643, 20.031359140000035 ], [ -100.08134077, 20.028850250000019 ], [ -100.08881794, 20.01501829 ], [ -100.09134325, 20.02425957 ], [ -100.1326954, 20.04057505 ], [ -100.14683071, 20.05747315 ], [ -100.16219445, 20.06253855 ], [ -100.15725955, 20.071105259999978 ], [ -100.1644622, 20.078346520000025 ], [ -100.1767356, 20.070909480000015 ], [ -100.18308723, 20.07385543 ], [ -100.17982649, 20.083002170000025 ], [ -100.20294109, 20.07664937 ], [ -100.19739283, 20.129888460000014 ], [ -100.23560355, 20.14345858 ], [ -100.191863849, 20.17600008 ], [ -100.18114402, 20.20880054 ], [ -100.24512634, 20.25036443 ], [ -100.26045665, 20.267509939999982 ], [ -100.345833110000015, 20.29800021999997 ], [ -100.35065648, 20.288413089999985 ], [ -100.36945952, 20.30251637 ], [ -100.38128857, 20.30305162 ], [ -100.39202297, 20.31432746 ], [ -100.39401649, 20.350231919999985 ], [ -100.40999518, 20.376006419999971 ], [ -100.47618106, 20.389610799999986 ], [ -100.47826992, 20.416286370000023 ], [ -100.489498, 20.431394109999967 ], [ -100.49238212, 20.49041554 ], [ -100.49735717, 20.50483042 ], [ -100.50975558, 20.506526850000014 ], [ -100.50111137, 20.51259574 ], [ -100.5085206, 20.52620926 ], [ -100.50476545, 20.5550334 ], [ -100.48500338, 20.55380422 ], [ -100.48209165, 20.57150831 ], [ -100.49617743, 20.616193740000011 ], [ -100.52148632, 20.624864289999984 ], [ -100.52953528, 20.638667260000023 ], [ -100.55112518, 20.633766049999981 ], [ -100.56193063, 20.67142778 ], [ -100.58360349, 20.67842426 ], [ -100.58128446000002, 20.69293263 ], [ -100.59653571, 20.717260920000012 ], [ -100.58441452, 20.728937350000013 ], [ -100.548914620000019, 20.73638342000001 ], [ -100.54812108, 20.74956088 ], [ -100.56407731, 20.774696880000043 ], [ -100.55832829, 20.80457115 ], [ -100.57336445, 20.803674170000033 ], [ -100.57758894, 20.816669749999949 ], [ -100.502048620000011, 20.852920459999979 ], [ -100.50902352, 20.870706710000036 ], [ -100.48536677, 20.90879972 ], [ -100.46995829, 20.907039349999987 ], [ -100.47223288, 20.928446060000013 ], [ -100.45317648, 20.92319905 ], [ -100.45395602, 20.900179380000022 ], [ -100.41339938, 20.887431880000019 ], [ -100.3335908, 20.89072848 ], [ -100.29839429, 20.91529172 ], [ -100.30537822, 20.923826830000021 ], [ -100.29920917, 20.931327750000026 ], [ -100.26554323, 20.92924738 ], [ -100.26179669, 20.95337308 ], [ -100.27206109, 20.963029460000016 ], [ -100.26362329, 20.97099885 ], [ -100.1815276, 20.930401659999973 ], [ -100.17837008, 20.938665080000025 ], [ -100.13531185, 20.93726383 ], [ -100.11782778, 20.922155120000017 ], [ -100.06417194, 20.936288600000012 ], [ -100.08073849, 20.94985751 ], [ -100.06880277, 20.95791202 ], [ -100.07804317, 20.97265748 ], [ -100.06985452, 20.9834934 ], [ -100.07376014, 20.991758340000018 ], [ -100.06074631, 21.005815779999981 ], [ -100.06894972000002, 21.0228134 ], [ -100.05448012, 21.027785080000029 ], [ -100.022563170000012, 21.014621199999976 ], [ -100.01106957, 21.02850463 ], [ -100.00665758, 21.04639446 ], [ -100.01976522, 21.05512952 ], [ -100.02641888, 21.07356232 ], [ -100.021877629, 21.10008445 ], [ -100.02754308, 21.100253020000046 ], [ -99.99641766, 21.182594909999988 ], [ -100.01108574, 21.189464339999976 ], [ -99.986368049, 21.218310030000033 ], [ -99.94786483, 21.212374940000018 ], [ -99.95471412, 21.205671820000013 ], [ -99.94536218, 21.20988537000002 ], [ -99.942645719, 21.194417830000017 ], [ -99.899347180000021, 21.183897289999983 ], [ -99.888250949, 21.16959502 ], [ -99.83125855, 21.15732272 ], [ -99.77696963, 21.195938510000015 ], [ -99.775833539, 21.207282319999983 ], [ -99.738483459, 21.23581777 ], [ -99.68785488, 21.225780259999979 ], [ -99.69870635, 21.240752090000047 ], [ -99.69907631, 21.266698399999985 ], [ -99.67130262, 21.301193750000017 ], [ -99.70756531, 21.314545829999989 ], [ -99.73725312, 21.31288497 ], [ -99.73416115, 21.30144392 ], [ -99.75789357, 21.29214037 ], [ -99.784003090000013, 21.32014957 ], [ -99.78779083, 21.329621720000013 ], [ -99.77756528, 21.343235430000032 ], [ -99.79213268, 21.343906599999986 ], [ -99.79452202, 21.357399420000014 ], [ -99.77549554, 21.374968600000017 ], [ -99.78026038, 21.389355180000024 ], [ -99.772063570000014, 21.406378600000028 ], [ -99.78035378, 21.414224430000015 ], [ -99.78058675, 21.434813620000014 ], [ -99.7717776, 21.46630892 ], [ -99.77735186, 21.495955449999986 ], [ -99.74929226, 21.52317348 ], [ -99.7467432, 21.57836329 ], [ -99.65954197, 21.567945230000042 ], [ -99.62580078000002, 21.50730190999997 ], [ -99.5493452, 21.447067719999971 ], [ -99.55659643, 21.436608649999989 ], [ -99.55193132, 21.428393060000023 ], [ -99.53712235, 21.43145374 ], [ -99.49752082, 21.419226080000016 ], [ -99.47077189, 21.436617079999962 ], [ -99.46982245, 21.446514539999988 ], [ -99.44735128, 21.443476579999988 ], [ -99.43627569, 21.449856030000014 ], [ -99.415519620000012, 21.42913338000001 ], [ -99.40592115, 21.428271379999973 ], [ -99.39690266, 21.445093320000012 ], [ -99.39855963, 21.463425740000012 ], [ -99.38887603, 21.464897310000019 ], [ -99.38238245, 21.48088688 ], [ -99.38670817, 21.500372940000016 ], [ -99.371976218, 21.50710409 ], [ -99.37590685, 21.54793058 ], [ -99.34986091, 21.55235738 ], [ -99.32728678, 21.53517114 ], [ -99.30548865, 21.532914290000015 ], [ -99.28929711, 21.550361879999979 ], [ -99.29069514, 21.55800958 ], [ -99.27440191, 21.56532326 ], [ -99.28071705, 21.607903369999985 ], [ -99.24349645, 21.615057170000014 ], [ -99.2251246, 21.633286200000011 ], [ -99.21769755, 21.666646479999983 ], [ -99.18810832, 21.66991709 ] ] ] } },
{ "type": "Feature", "properties": { "cvegeo": "23", "cve_ent": "23", "nomgeo": "Quintana Roo", "nom_abrev": "Q. Roo" }, "geometry": { "type": "MultiPolygon", "coordinates": [ [ [ [ -87.38855395, 18.37704192 ], [ -87.39197875, 18.37446925 ], [ -87.39463245, 18.380767219999981 ], [ -87.38855395, 18.37704192 ] ] ], [ [ [ -87.401617, 18.381240030000026 ], [ -87.40839415, 18.38028926 ], [ -87.408786280000015, 18.3901404 ], [ -87.40702794, 18.39036893999997 ], [ -87.401617, 18.381240030000026 ] ] ], [ [ [ -87.41155089, 18.39206985 ], [ -87.42074026, 18.395853860000013 ], [ -87.421333430000018, 18.399291539999979 ], [ -87.41748868, 18.399572780000018 ], [ -87.41155089, 18.39206985 ] ] ], [ [ [ -87.42603883, 18.40546671 ], [ -87.42915494, 18.40479802 ], [ -87.43006695, 18.409521139999988 ], [ -87.42603883, 18.40546671 ] ] ], [ [ [ -87.43414374000001, 18.42092709 ], [ -87.43804622, 18.422553030000021 ], [ -87.43521938, 18.42360558 ], [ -87.43414374000001, 18.42092709 ] ] ], [ [ [ -87.43924158, 18.42845734 ], [ -87.44739877, 18.460041460000017 ], [ -87.4442662, 18.46258282 ], [ -87.43876711, 18.450333770000029 ], [ -87.43924158, 18.42845734 ] ] ], [ [ [ -87.44456283, 18.47541497 ], [ -87.4470492, 18.48021966 ], [ -87.44057982, 18.51869285 ], [ -87.43715897, 18.51613455 ], [ -87.44456283, 18.47541497 ] ] ], [ [ [ -87.43460555, 18.55897269 ], [ -87.43920909, 18.560361379999971 ], [ -87.43673875, 18.5623184 ], [ -87.43460555, 18.55897269 ] ] ], [ [ [ -87.36191945, 18.38514452 ], [ -87.38333891, 18.375057430000023 ], [ -87.33216046, 18.44377463 ], [ -87.32820895, 18.476336510000014 ], [ -87.33701983, 18.52301509 ], [ -87.31442568, 18.555453170000014 ], [ -87.33098363, 18.526431740000014 ], [ -87.32004482, 18.49263409 ], [ -87.32293146, 18.45656112 ], [ -87.36191945, 18.38514452 ] ] ], [ [ [ -87.43568863, 18.582906969999957 ], [ -87.43924071, 18.587477400000015 ], [ -87.43687731, 18.589747249999988 ], [ -87.43556522, 18.588939400000019 ], [ -87.43568863, 18.582906969999957 ] ] ], [ [ [ -87.43660365, 18.609475089999989 ], [ -87.44246311, 18.60092182 ], [ -87.440126, 18.6132824 ], [ -87.43660365, 18.609475089999989 ] ] ], [ [ [ -87.3094498, 18.60357742 ], [ -87.30543951, 18.59756968 ], [ -87.31779257, 18.577812600000016 ], [ -87.34103031, 18.57349788000003 ], [ -87.3094498, 18.60357742 ] ] ], [ [ [ -87.436376, 18.623655279999987 ], [ -87.43335955, 18.63829885000002 ], [ -87.4202786, 18.660005400000014 ], [ -87.42834757, 18.63291925999998 ], [ -87.436376, 18.623655279999987 ] ] ], [ [ [ -87.40253938, 18.68170837 ], [ -87.41061932, 18.679796819999972 ], [ -87.394731, 18.711881600000019 ], [ -87.40253938, 18.68170837 ] ] ], [ [ [ -87.38767592, 18.72233082 ], [ -87.39269146, 18.72316902 ], [ -87.38952002, 18.725327799999974 ], [ -87.38767592, 18.72233082 ] ] ], [ [ [ -87.38399528, 18.73252986 ], [ -87.38751514, 18.73252388 ], [ -87.38517203, 18.73638838 ], [ -87.38399528, 18.73252986 ] ] ], [ [ [ -87.30689706, 18.73967294 ], [ -87.30323412, 18.739600169999967 ], [ -87.30511986, 18.73750825 ], [ -87.30689706, 18.73967294 ] ] ], [ [ [ -87.27382631, 18.739436600000019 ], [ -87.24534977, 18.68349715 ], [ -87.24739546, 18.645268309999963 ], [ -87.26453606, 18.618789029999984 ], [ -87.2527216, 18.667403830000019 ], [ -87.27862712, 18.73573357 ], [ -87.27382631, 18.739436600000019 ] ] ], [ [ [ -87.27937875, 18.74170422 ], [ -87.280200690000015, 18.740046979999981 ], [ -87.28071815, 18.74358832 ], [ -87.27937875, 18.74170422 ] ] ], [ [ [ -87.37355952, 18.743644490000023 ], [ -87.37996034, 18.74123497 ], [ -87.37237815, 18.753031580000016 ], [ -87.37355952, 18.743644490000023 ] ] ], [ [ [ -87.31522697, 18.74714463 ], [ -87.31801569, 18.746925619999974 ], [ -87.31781897, 18.74841503 ], [ -87.31522697, 18.74714463 ] ] ], [ [ [ -87.30287194, 18.749931350000022 ], [ -87.29833555, 18.748260200000015 ], [ -87.30343628, 18.744803199999978 ], [ -87.30287194, 18.749931350000022 ] ] ], [ [ [ -87.3190214, 18.753349080000021 ], [ -87.32183909, 18.75399705000002 ], [ -87.32031832, 18.75592598 ], [ -87.3190214, 18.753349080000021 ] ] ], [ [ [ -87.28901618, 18.75437483 ], [ -87.2904978, 18.752757920000025 ], [ -87.289785, 18.754520230000015 ], [ -87.28901618, 18.75437483 ] ] ], [ [ [ -87.32037234, 18.762167940000012 ], [ -87.3219416, 18.758921749999985 ], [ -87.32161631, 18.762490519999982 ], [ -87.32037234, 18.762167940000012 ] ] ], [ [ [ -87.32851314, 18.753984180000021 ], [ -87.33177268, 18.75855409 ], [ -87.32672818, 18.764961 ], [ -87.32503425, 18.7616526 ], [ -87.32851314, 18.753984180000021 ] ] ], [ [ [ -87.3534266, 18.76899888 ], [ -87.35777312, 18.766815749999985 ], [ -87.354257, 18.77049675 ], [ -87.3534266, 18.76899888 ] ] ], [ [ [ -87.35684289000001, 18.772529320000018 ], [ -87.36110194, 18.771975080000011 ], [ -87.3573066, 18.77402417999998 ], [ -87.35684289000001, 18.772529320000018 ] ] ], [ [ [ -87.31810052, 18.770123820000027 ], [ -87.31934212, 18.766632200000021 ], [ -87.32008042, 18.77017529 ], [ -87.31810052, 18.770123820000027 ] ] ], [ [ [ -87.34236258, 18.78017588 ], [ -87.34938082, 18.778674089999988 ], [ -87.33911928, 18.786112830000029 ], [ -87.34236258, 18.78017588 ] ] ], [ [ [ -87.64566343, 19.18798002 ], [ -87.64028929, 19.184541059999965 ], [ -87.64708385, 19.186393880000029 ], [ -87.64566343, 19.18798002 ] ] ], [ [ [ -87.62729328, 19.19565289 ], [ -87.63401774, 19.193063849999987 ], [ -87.62753514, 19.196700199999977 ], [ -87.62729328, 19.19565289 ] ] ], [ [ [ -87.62866869, 19.204467250000029 ], [ -87.62852932, 19.20255475 ], [ -87.63104002, 19.20271503 ], [ -87.62866869, 19.204467250000029 ] ] ], [ [ [ -87.64094785, 19.217051149999982 ], [ -87.65202425, 19.215542030000016 ], [ -87.64023855, 19.21852369 ], [ -87.61456368, 19.23602609 ], [ -87.63131243, 19.221494769999971 ], [ -87.64094785, 19.217051149999982 ] ] ], [ [ [ -87.60322092, 19.236920829999974 ], [ -87.60540091, 19.234113720000025 ], [ -87.60602754, 19.23505614 ], [ -87.60322092, 19.236920829999974 ] ] ], [ [ [ -87.471244, 19.334828310000013 ], [ -87.4642702, 19.32895386 ], [ -87.46554182, 19.326554219999988 ], [ -87.471244, 19.334828310000013 ] ] ], [ [ [ -87.51821603, 19.37111592 ], [ -87.48344386, 19.344475049999975 ], [ -87.4792676, 19.33540572 ], [ -87.494847980000017, 19.35069978 ], [ -87.50548972, 19.350973249999971 ], [ -87.50625792, 19.35853805 ], [ -87.51498, 19.35730288000001 ], [ -87.51821603, 19.37111592 ] ] ], [ [ [ -87.57161318, 19.39434565000002 ], [ -87.56544868, 19.397258719999989 ], [ -87.56554689, 19.39370532 ], [ -87.57161318, 19.39434565000002 ] ] ], [ [ [ -87.55550452, 19.41070275 ], [ -87.54939549, 19.412374550000031 ], [ -87.54945803, 19.40838068 ], [ -87.55550452, 19.41070275 ] ] ], [ [ [ -87.6585178, 19.505607249999983 ], [ -87.66184951, 19.504691750000031 ], [ -87.65963249, 19.507862140000015 ], [ -87.6585178, 19.505607249999983 ] ] ], [ [ [ -87.65719285, 19.51254223 ], [ -87.66187054, 19.509814830000032 ], [ -87.6572878, 19.51713195 ], [ -87.65719285, 19.51254223 ] ] ], [ [ [ -87.57690178, 19.56603414 ], [ -87.57696, 19.564747979999975 ], [ -87.57741943, 19.565195939999985 ], [ -87.57690178, 19.56603414 ] ] ], [ [ [ -87.56616672, 19.57738449 ], [ -87.567496, 19.57716314 ], [ -87.56633934, 19.57766155 ], [ -87.56616672, 19.57738449 ] ] ], [ [ [ -87.65944566, 19.588015179999978 ], [ -87.65998346, 19.587475580000014 ], [ -87.66005122, 19.587809139999983 ], [ -87.65944566, 19.588015179999978 ] ] ], [ [ [ -87.71304585, 19.58974628 ], [ -87.69058449, 19.58793054000002 ], [ -87.67545669, 19.58740651 ], [ -87.69466529, 19.587234149999961 ], [ -87.71304585, 19.58974628 ] ] ], [ [ [ -87.64719771, 19.586853860000012 ], [ -87.64842508, 19.58724963 ], [ -87.64703088, 19.587414710000058 ], [ -87.64719771, 19.586853860000012 ] ] ], [ [ [ -87.56144631, 19.580870459999975 ], [ -87.56257235, 19.580447340000028 ], [ -87.56150985, 19.58115777 ], [ -87.56144631, 19.580870459999975 ] ] ], [ [ [ -87.63628343, 19.587951580000013 ], [ -87.63906783, 19.587986859999955 ], [ -87.63595032, 19.58890888 ], [ -87.63628343, 19.587951580000013 ] ] ], [ [ [ -87.55771237, 19.58356543 ], [ -87.55820858, 19.58314952 ], [ -87.55850114, 19.58366126 ], [ -87.55771237, 19.58356543 ] ] ], [ [ [ -87.49771831, 19.592584800000058 ], [ -87.49925497, 19.591270890000022 ], [ -87.49933189, 19.592617970000013 ], [ -87.49771831, 19.592584800000058 ] ] ], [ [ [ -87.49081906, 19.59888057 ], [ -87.49176045, 19.59492043 ], [ -87.49390655, 19.5951406 ], [ -87.49081906, 19.59888057 ] ] ], [ [ [ -87.4623208, 19.596695319999963 ], [ -87.46465035, 19.59770146 ], [ -87.46351762, 19.59838198 ], [ -87.4623208, 19.596695319999963 ] ] ], [ [ [ -87.45869095, 19.59777963 ], [ -87.455566, 19.59580314 ], [ -87.45826668, 19.596136179999981 ], [ -87.45869095, 19.59777963 ] ] ], [ [ [ -87.49238218, 19.60485803000001 ], [ -87.483207460000017, 19.604430520000019 ], [ -87.47890254, 19.599815479999986 ], [ -87.48462003, 19.59855362 ], [ -87.49238218, 19.60485803000001 ] ] ], [ [ [ -87.46484794, 19.60334826 ], [ -87.46268934, 19.598835850000032 ], [ -87.472583220000018, 19.600735350000011 ], [ -87.46484794, 19.60334826 ] ] ], [ [ [ -87.52340335, 19.61290255 ], [ -87.52087658, 19.60624838 ], [ -87.52342365, 19.604745180000013 ], [ -87.52340335, 19.61290255 ] ] ], [ [ [ -87.495621, 19.609936460000014 ], [ -87.49429629, 19.607111849999988 ], [ -87.49513512, 19.60700115 ], [ -87.495621, 19.609936460000014 ] ] ], [ [ [ -87.46511522, 19.61328686 ], [ -87.46640325, 19.606958619999983 ], [ -87.46606885, 19.61328445 ], [ -87.46511522, 19.61328686 ] ] ], [ [ [ -87.69674065, 19.64545457 ], [ -87.69936509, 19.64264488000001 ], [ -87.69938069, 19.6462358 ], [ -87.69674065, 19.64545457 ] ] ], [ [ [ -87.51905788, 19.62857308 ], [ -87.51748549, 19.62780614 ], [ -87.52066714, 19.623187479999959 ], [ -87.51905788, 19.62857308 ] ] ], [ [ [ -87.67364682, 19.64377558 ], [ -87.68007002, 19.64198688 ], [ -87.68092485, 19.646426770000037 ], [ -87.67364682, 19.64377558 ] ] ], [ [ [ -87.70956308, 19.650105690000014 ], [ -87.70431755, 19.64598858 ], [ -87.713454150000018, 19.64878602 ], [ -87.70956308, 19.650105690000014 ] ] ], [ [ [ -87.46165992, 19.695808280000012 ], [ -87.45823698, 19.69084642 ], [ -87.46427138, 19.69470253999997 ], [ -87.46165992, 19.695808280000012 ] ] ], [ [ [ -87.468517230000018, 19.695330430000016 ], [ -87.46433417, 19.696193449999988 ], [ -87.464252680000016, 19.69376592 ], [ -87.468517230000018, 19.695330430000016 ] ] ], [ [ [ -87.47776223, 19.703261600000026 ], [ -87.46993289, 19.703172680000019 ], [ -87.46831415, 19.69917374 ], [ -87.47776223, 19.703261600000026 ] ] ], [ [ [ -87.47845155, 19.704628480000018 ], [ -87.47953111, 19.703957820000014 ], [ -87.47908034, 19.70525465 ], [ -87.47845155, 19.704628480000018 ] ] ], [ [ [ -87.50587422, 19.710012709999948 ], [ -87.48530117, 19.707540629999965 ], [ -87.47974248, 19.70463162 ], [ -87.50587422, 19.710012709999948 ] ] ], [ [ [ -86.86289929, 20.54573312 ], [ -86.86254902, 20.547307600000021 ], [ -86.8590866, 20.54718582 ], [ -86.86289929, 20.54573312 ] ] ], [ [ [ -86.729863781, 20.569528834999975 ], [ -86.79356275, 20.46483915 ], [ -86.81811775, 20.43827168 ], [ -86.83058697, 20.43806108 ], [ -86.89846654, 20.344187580000021 ], [ -86.90808098, 20.34330285 ], [ -86.95752865, 20.292376800000028 ], [ -86.99246548, 20.272948430000028 ], [ -87.003040814, 20.297351280999962 ], [ -87.017024859, 20.299398002999983 ], [ -87.00988518, 20.3155618 ], [ -87.025288947, 20.366975821000018 ], [ -87.017061432, 20.412170438999983 ], [ -86.926218725, 20.552528243 ], [ -86.89696402, 20.56558008 ], [ -86.88160011, 20.55769277 ], [ -86.880177923, 20.544389090999985 ], [ -86.864982927, 20.53719996100002 ], [ -86.85433862, 20.549904020000042 ], [ -86.789970837, 20.556301771999959 ], [ -86.76756083, 20.56889149 ], [ -86.77362191, 20.56323649 ], [ -86.76871203, 20.560635290000011 ], [ -86.75933723, 20.57537015 ], [ -86.7269392, 20.59215678 ], [ -86.729863781, 20.569528834999975 ] ] ], [ [ [ -86.74869743, 21.265086630000024 ], [ -86.73892777, 21.24550868 ], [ -86.71040528, 21.201453539999985 ], [ -86.718446650000018, 21.20554522 ], [ -86.74255258, 21.23436137 ], [ -86.740134370000021, 21.23937665 ], [ -86.73986257, 21.233700722000016 ], [ -86.73013511, 21.22137568 ], [ -86.745358756, 21.254337094 ], [ -86.7530722, 21.25778446 ], [ -86.74869743, 21.265086630000024 ] ] ], [ [ [ -86.85170875, 21.43597165000001 ], [ -86.87044682, 21.428678799999982 ], [ -86.87851789, 21.420434170000011 ], [ -86.88832891, 21.41680752 ], [ -86.87482117, 21.426330919999966 ], [ -86.88264778, 21.424841599999979 ], [ -86.88358557, 21.433994149999986 ], [ -86.86866398, 21.429651680000013 ], [ -86.85170875, 21.43597165000001 ] ] ], [ [ [ -86.90317055, 21.465974310000028 ], [ -86.90193437, 21.457299050000014 ], [ -86.90393748, 21.45112648000001 ], [ -86.91319452, 21.44931749 ], [ -86.90232262, 21.4570292 ], [ -86.90317055, 21.465974310000028 ] ] ], [ [ [ -86.93401143, 21.46682111 ], [ -86.93179743, 21.474205819999977 ], [ -86.92756174, 21.46805254 ], [ -86.93401143, 21.46682111 ] ] ], [ [ [ -86.92191625, 21.47769935 ], [ -86.91319834, 21.47191285 ], [ -86.91178625, 21.46635597 ], [ -86.92025389, 21.47230651 ], [ -86.92191625, 21.47769935 ] ] ], [ [ [ -86.9775078, 21.53550568 ], [ -86.97202908, 21.53098549 ], [ -86.97467309, 21.526391719999975 ], [ -86.9775078, 21.53550568 ] ] ], [ [ [ -86.80378574, 21.531732980000012 ], [ -86.79152308, 21.49403765 ], [ -86.78422278, 21.457999369999982 ], [ -86.79701751, 21.501852419999981 ], [ -86.79884923, 21.49072606 ], [ -86.80378574, 21.531732980000012 ] ] ], [ [ [ -87.00935618, 21.56602729 ], [ -87.00365668, 21.56206015 ], [ -87.00934092, 21.559708950000012 ], [ -87.00935618, 21.56602729 ] ] ], [ [ [ -87.02547829, 21.573858889999968 ], [ -87.01865163, 21.570657090000012 ], [ -87.01950728, 21.569270420000013 ], [ -87.02547829, 21.573858889999968 ] ] ], [ [ [ -87.0857472, 21.58941369 ], [ -87.06598028, 21.570451579999979 ], [ -87.01030511, 21.55744331000005 ], [ -86.9748272, 21.51054242 ], [ -86.970204460000019, 21.53133282000001 ], [ -86.99005475, 21.54328178 ], [ -86.99765943, 21.54135403 ], [ -86.992476733000018, 21.555946919999965 ], [ -86.985081963, 21.551474247000019 ], [ -86.99197097, 21.56305025 ], [ -86.980227981, 21.548882594999981 ], [ -86.983653505, 21.545906880000011 ], [ -86.97592669, 21.54760231 ], [ -86.95231889, 21.514686739999988 ], [ -86.94757158, 21.49524658 ], [ -86.95245548, 21.48859492 ], [ -86.88673622, 21.4035462 ], [ -86.874478940000017, 21.344547179999985 ], [ -86.86180809, 21.32305750999998 ], [ -86.86427268, 21.303872 ], [ -86.85091626, 21.255861849999967 ], [ -86.823467594, 21.243991579 ], [ -86.82315928, 21.251448200000013 ], [ -86.83156303, 21.25372569 ], [ -86.830925438, 21.272391817 ], [ -86.836884424000019, 21.272547731 ], [ -86.830328057, 21.282632363 ], [ -86.821106103, 21.281781601999988 ], [ -86.8274492, 21.296326260000015 ], [ -86.821325118, 21.315974601 ], [ -86.802095726, 21.32578251 ], [ -86.792542729000019, 21.342364275000023 ], [ -86.79487403, 21.365515629999983 ], [ -86.813495807, 21.393036642000016 ], [ -86.81005705, 21.39856029 ], [ -86.82792069, 21.41299805000002 ], [ -86.82206794, 21.42009082 ], [ -86.80983472, 21.412905279999986 ], [ -86.79921974, 21.388798860000037 ], [ -86.79505408, 21.38591809 ], [ -86.801322357, 21.412352383 ], [ -86.79580479400002, 21.412256633 ], [ -86.79040003, 21.345641 ], [ -86.81573766, 21.286801110000013 ], [ -86.799785001, 21.239198811000023 ], [ -86.80691369, 21.17949108 ], [ -86.78810602, 21.143475090000017 ], [ -86.74059942, 21.134896450000021 ], [ -86.77025666900002, 21.084823853 ], [ -86.781501545, 21.049285008999959 ], [ -86.77862886, 21.032534979999969 ], [ -86.800467569, 21.035190471000011 ], [ -86.81296835, 21.023054249999987 ], [ -86.84646812, 20.90479814 ], [ -86.86053886, 20.89121615000003 ], [ -86.87792508, 20.841401830000013 ], [ -86.90473525, 20.812385919999983 ], [ -86.92024555, 20.808005820000027 ], [ -86.94045323, 20.782329219999983 ], [ -86.96415872, 20.74780037 ], [ -86.9627316, 20.73009 ], [ -87.01024258, 20.702374109999976 ], [ -87.021801838, 20.674255546000012 ], [ -87.098851635, 20.592633916 ], [ -87.168982665000016, 20.535812820000036 ], [ -87.231308229, 20.497370820999983 ], [ -87.28223963, 20.44606306 ], [ -87.353857745, 20.329654506 ], [ -87.350929676, 20.321432247 ], [ -87.363569001, 20.293946189999989 ], [ -87.374533339, 20.290609887999981 ], [ -87.367573614, 20.285954076 ], [ -87.37894589, 20.28355722 ], [ -87.381995414, 20.267211274 ], [ -87.390900422, 20.266018997 ], [ -87.424359548, 20.224189126000017 ], [ -87.457920867, 20.149761448000021 ], [ -87.478031984000012, 20.076008910999974 ], [ -87.476231243, 19.99920088999998 ], [ -87.464326323, 19.994507402999989 ], [ -87.465041292, 19.958631120000017 ], [ -87.45247148, 19.93323965 ], [ -87.435980221, 19.927031878 ], [ -87.432138819, 19.908241115 ], [ -87.429935971, 19.886185419000022 ], [ -87.448558402, 19.839048281 ], [ -87.47386708, 19.81875349000002 ], [ -87.469623184, 19.780233009 ], [ -87.47698988, 19.77721565 ], [ -87.4810914, 19.78119212 ], [ -87.475613600000017, 19.78401451 ], [ -87.4864704, 19.7869582 ], [ -87.48719103, 19.801296030000017 ], [ -87.48106229, 19.80348332 ], [ -87.472498, 19.835836459999975 ], [ -87.47262028, 19.83060715 ], [ -87.466845490000011, 19.838386770000021 ], [ -87.45202008, 19.83697523 ], [ -87.438510710000017, 19.866422429999957 ], [ -87.44195442, 19.875411850000013 ], [ -87.433513191000017, 19.885947856 ], [ -87.43853463, 19.88739454 ], [ -87.43116075, 19.888260800000022 ], [ -87.43531368, 19.91523194 ], [ -87.4397498, 19.91095243 ], [ -87.4589068, 19.924810429999987 ], [ -87.45773478, 19.938289690000012 ], [ -87.46740129, 19.945072939999982 ], [ -87.472978661, 19.938160289 ], [ -87.462458168, 19.916039404000013 ], [ -87.457284926, 19.917080048999988 ], [ -87.463554013, 19.893846 ], [ -87.459166699, 19.887694002000011 ], [ -87.44745062, 19.890205819999977 ], [ -87.456461371, 19.881294986000025 ], [ -87.45937394, 19.858391049999984 ], [ -87.474333066, 19.855268965 ], [ -87.49772294, 19.806903629999976 ], [ -87.545241343, 19.795726280000029 ], [ -87.554598665, 19.808471957 ], [ -87.578656205, 19.790261109 ], [ -87.64280948, 19.68803073100003 ], [ -87.652858865, 19.649998384000014 ], [ -87.66677943, 19.61648812000001 ], [ -87.67933769, 19.61457789000001 ], [ -87.68399051, 19.62147114 ], [ -87.67641377, 19.62131803 ], [ -87.689395680000018, 19.626224690000054 ], [ -87.6724476, 19.625674980000017 ], [ -87.67978172, 19.628852879999975 ], [ -87.66068502, 19.63426271 ], [ -87.66727951, 19.638489550000017 ], [ -87.65949689, 19.63722245 ], [ -87.663372920000015, 19.647430740000019 ], [ -87.65703337, 19.64693114 ], [ -87.6491, 19.6881 ], [ -87.65669235, 19.681351450000019 ], [ -87.69342843, 19.68107817 ], [ -87.742233896, 19.663731272000032 ], [ -87.73840074, 19.641173479999981 ], [ -87.74847246, 19.599479979999984 ], [ -87.73889482, 19.586519750000036 ], [ -87.72344822, 19.587486600000013 ], [ -87.73491078, 19.58394263 ], [ -87.728511105, 19.576426736 ], [ -87.70758066, 19.57306003 ], [ -87.713871075, 19.561224359 ], [ -87.701992136, 19.550209404 ], [ -87.68163128, 19.558105 ], [ -87.6764, 19.5638 ], [ -87.68213706, 19.56665645 ], [ -87.68967978, 19.56475178 ], [ -87.69245277, 19.561847650000015 ], [ -87.69319009, 19.56162222999998 ], [ -87.68921903, 19.56688392 ], [ -87.676779945, 19.569362684 ], [ -87.66704672, 19.54922128 ], [ -87.67386902, 19.54366328 ], [ -87.66935709, 19.53755072 ], [ -87.677725226, 19.537866076 ], [ -87.68644476, 19.533043504000027 ], [ -87.687240305, 19.530473384000011 ], [ -87.67638371, 19.53468743000002 ], [ -87.6638, 19.5294 ], [ -87.66414854, 19.52111917 ], [ -87.67297734, 19.519014420000016 ], [ -87.66352985, 19.51319094 ], [ -87.6717, 19.5075 ], [ -87.6695, 19.501 ], [ -87.65044294, 19.50516665 ], [ -87.63275897, 19.53839938 ], [ -87.61007668, 19.554100180000045 ], [ -87.55041669, 19.56609945 ], [ -87.5381, 19.5577 ], [ -87.53146115, 19.56196375 ], [ -87.5368, 19.5466 ], [ -87.5257, 19.5405 ], [ -87.515, 19.5631 ], [ -87.4924, 19.5707 ], [ -87.5099, 19.5764 ], [ -87.502, 19.5806 ], [ -87.5047884, 19.59013198000001 ], [ -87.495400001, 19.5858 ], [ -87.4517, 19.596 ], [ -87.46231799, 19.60746569299998 ], [ -87.44514788, 19.622767550000031 ], [ -87.45612811, 19.636237459999986 ], [ -87.4544544, 19.64801717000001 ], [ -87.448281645, 19.63211085 ], [ -87.410056795, 19.598173373000019 ], [ -87.440202520000014, 19.469030509999982 ], [ -87.491844017, 19.43642880699996 ], [ -87.525710232, 19.395272178999974 ], [ -87.545577243, 19.391349466 ], [ -87.549616864, 19.393615883 ], [ -87.55506491, 19.39144143 ], [ -87.56456482, 19.39389025 ], [ -87.553608817, 19.392817 ], [ -87.53987509, 19.4030996 ], [ -87.539346401, 19.41848335 ], [ -87.54540622, 19.41700671 ], [ -87.547895509, 19.418572647 ], [ -87.541823422, 19.420229763000023 ], [ -87.539371784, 19.425808805999985 ], [ -87.538632502, 19.425793293999963 ], [ -87.535737158, 19.428188267 ], [ -87.535443056, 19.428608122999989 ], [ -87.535456381, 19.428996451 ], [ -87.55386922000001, 19.42701189 ], [ -87.63595548, 19.373433910000024 ], [ -87.65626854, 19.30279769 ], [ -87.669072141, 19.295181798 ], [ -87.6579, 19.2821 ], [ -87.6598, 19.2668 ], [ -87.686851120000014, 19.234752420000028 ], [ -87.67381892, 19.223536710000012 ], [ -87.68613651, 19.220458819999983 ], [ -87.67685035, 19.219096230000016 ], [ -87.682183618, 19.205801816999983 ], [ -87.67387409, 19.20576594000001 ], [ -87.67849148, 19.199906779999957 ], [ -87.66928812, 19.19926852 ], [ -87.67081714, 19.189853889999984 ], [ -87.6571794, 19.19013557 ], [ -87.65519128, 19.181139479999988 ], [ -87.639245, 19.182477739999989 ], [ -87.63775858, 19.177154279999989 ], [ -87.606873538, 19.230238704999977 ], [ -87.58681256, 19.246129975000017 ], [ -87.57782272, 19.269845 ], [ -87.599772848, 19.242674625000014 ], [ -87.601652963, 19.247879214 ], [ -87.61198783, 19.240121879999979 ], [ -87.55621098, 19.29609082 ], [ -87.53891063, 19.306754950000013 ], [ -87.516089813, 19.308227394000017 ], [ -87.509635450000019, 19.31978345000001 ], [ -87.48925428, 19.326387101000019 ], [ -87.463798059, 19.325923998 ], [ -87.445328398, 19.311991919000011 ], [ -87.52628155, 19.22996155300002 ], [ -87.53724329, 19.207976230000014 ], [ -87.54075691, 19.155073059999953 ], [ -87.54859745, 19.14436837 ], [ -87.549035992, 19.086222339000038 ], [ -87.60533029, 18.987667710000018 ], [ -87.61404507, 18.953156175 ], [ -87.627432110000015, 18.93966074 ], [ -87.64170215, 18.86163263 ], [ -87.66305025, 18.82651642 ], [ -87.67221158, 18.756222480000012 ], [ -87.692101133, 18.733247722 ], [ -87.687978554000011, 18.727886720999987 ], [ -87.692234458000016, 18.732810777999983 ], [ -87.69883863, 18.72815112 ], [ -87.71262202, 18.707588230999974 ], [ -87.72570454, 18.666301659999956 ], [ -87.740626762, 18.539022539999973 ], [ -87.76190836100001, 18.497320395 ], [ -87.763791636, 18.418316773999976 ], [ -87.827875449, 18.310543527000029 ], [ -87.84429468, 18.190940050000016 ], [ -87.85630805, 18.181305819999977 ], [ -87.86018858, 18.189830320000016 ], [ -87.86751131, 18.18823866 ], [ -87.90242566, 18.142692249999985 ], [ -87.92545257, 18.16023582 ], [ -88.03029889, 18.160361090000027 ], [ -88.03036589, 18.41479429 ], [ -88.24963365, 18.415552450000011 ], [ -88.25009437, 18.47307229 ], [ -88.2889866, 18.475272949999979 ], [ -88.3268526, 18.49017669 ], [ -88.38013297, 18.47894635 ], [ -88.40239546, 18.496658480000022 ], [ -88.4471414, 18.475591570000024 ], [ -88.45422832, 18.48851465 ], [ -88.47642314, 18.49467437 ], [ -88.52058737, 18.45925002 ], [ -88.53193528, 18.40822163 ], [ -88.55163751, 18.376148149999977 ], [ -88.54438475, 18.36002445 ], [ -88.6058316, 18.29174105 ], [ -88.59725372, 18.288878420000025 ], [ -88.6063888, 18.264387049999971 ], [ -88.60442062, 18.24151818 ], [ -88.6155444, 18.22327809 ], [ -88.63237746, 18.212928459999986 ], [ -88.64164983, 18.216371019999976 ], [ -88.67349455, 18.194229719999989 ], [ -88.68668223, 18.19469598 ], [ -88.69756392, 18.182418579999965 ], [ -88.68439022, 18.17780589 ], [ -88.68008882, 18.160184889999986 ], [ -88.69011129, 18.154990289999962 ], [ -88.71860802, 18.10882938 ], [ -88.710313, 18.09696051 ], [ -88.71959486, 18.083881229999982 ], [ -88.71668662, 18.06052631 ], [ -88.76665174, 18.03429823 ], [ -88.7698462, 18.006785279999971 ], [ -88.78849562, 17.99303748 ], [ -88.78445535, 17.979860830000014 ], [ -88.81517132, 17.95029928000001 ], [ -88.83054245, 17.948771090000029 ], [ -88.8594348, 17.925191059999975 ], [ -88.85415163, 17.90774852 ], [ -88.85976617, 17.894461350000011 ], [ -88.88294372, 17.896225479999984 ], [ -88.88535694, 17.907561659999981 ], [ -88.896253380000019, 17.90612065000003 ], [ -88.90658192, 17.91585711 ], [ -88.91368211, 17.910594549999985 ], [ -88.93374068, 17.931280420000011 ], [ -88.93047571, 17.941390429999974 ], [ -88.93796303, 17.940634540000012 ], [ -88.94477968, 17.959129920000013 ], [ -88.95976585, 17.95171695 ], [ -88.98325231, 17.95798195 ], [ -88.98722386, 17.947284309999986 ], [ -89.00398875, 17.97248554 ], [ -89.00062069, 17.984429060000053 ], [ -89.03752071, 18.00512169 ], [ -89.05859769, 17.99030749 ], [ -89.0850602, 17.990417679999972 ], [ -89.11159218, 17.969760080000036 ], [ -89.13270526, 17.97203412 ], [ -89.13621085, 17.955439919999986 ], [ -89.15195663, 17.94025691 ], [ -89.15217009, 17.95360998 ], [ -89.20587205, 17.95409972 ], [ -89.20673894, 18.021079950000015 ], [ -89.16300383, 18.018517309999968 ], [ -89.16336069, 18.057885120000016 ], [ -89.14475354, 18.057699080000017 ], [ -89.14438286, 18.082442940000035 ], [ -89.20245778, 18.08327622 ], [ -89.20023665, 18.144629340000012 ], [ -89.14306597, 18.14581960000001 ], [ -89.142872630000014, 18.224163829999981 ], [ -89.15805868, 18.221326979999972 ], [ -89.151673660000014, 18.293562630000025 ], [ -89.13235954, 18.29340265 ], [ -89.13821406, 18.38554389 ], [ -89.1212292, 18.38584963 ], [ -89.12549018, 18.450625420000019 ], [ -89.15023782, 18.4510594 ], [ -89.15574225, 18.75311475 ], [ -89.14438185, 18.75591874 ], [ -89.14712175, 18.99504558 ], [ -89.13581978, 19.132372660000016 ], [ -89.14695143, 19.13315666 ], [ -89.14666685, 19.42386165 ], [ -89.29656182, 19.551174090000014 ], [ -89.21955657, 19.60802225 ], [ -89.22286874, 19.63665697 ], [ -89.19024963, 19.63331774 ], [ -89.18920314, 19.64400594 ], [ -89.14486169, 19.637398720000022 ], [ -89.14952065, 19.58124934 ], [ -89.10902446, 19.58234938 ], [ -89.10839168, 19.61233849000002 ], [ -89.1336406, 19.614632029999957 ], [ -89.12339852, 19.703424150000025 ], [ -89.07421269, 19.69419411 ], [ -89.0760306, 19.68543255 ], [ -89.03620046, 19.67803952 ], [ -89.03052363, 19.708831750000023 ], [ -88.99752938, 19.70488389 ], [ -88.99474128, 19.7274396 ], [ -89.04882706, 19.721493320000011 ], [ -89.02516298, 19.77670968 ], [ -89.00408743, 19.772007399999978 ], [ -88.99946797, 19.79799437999997 ], [ -88.98440498, 19.79816026 ], [ -88.97445177, 19.818100829999985 ], [ -88.95638672, 19.816823549999967 ], [ -88.9580768, 19.81046654 ], [ -88.94385214, 19.81344278 ], [ -88.94543375, 19.79194632 ], [ -88.92951246, 19.790948550000032 ], [ -88.92029414, 19.80397391 ], [ -88.91110397, 19.800937579999978 ], [ -88.89758543, 19.83686254 ], [ -88.90048802, 19.861114019999988 ], [ -88.87912483, 19.862393229999952 ], [ -88.88019154, 19.87812488 ], [ -88.82592634, 19.87992558 ], [ -88.820414050000011, 19.89047315 ], [ -88.82943672, 19.906014600000024 ], [ -88.82728274, 19.910920369999978 ], [ -88.81650329, 19.904473520000028 ], [ -88.81017622, 19.944946679999987 ], [ -88.80563951, 19.953830739999979 ], [ -88.79837765, 19.95252302 ], [ -88.79802238, 19.97493008 ], [ -88.7907708, 19.97202018 ], [ -88.78350258, 20.00818018 ], [ -88.74247208, 20.01508735 ], [ -88.74261535, 20.008582780000022 ], [ -88.73624557, 20.00966131 ], [ -88.73597891, 20.017576549999976 ], [ -88.72278249, 20.01319975000003 ], [ -88.7221482, 20.005124059999957 ], [ -88.71252358000001, 20.012295579999986 ], [ -88.70017617, 20.010356720000015 ], [ -88.68489183, 20.077414320000042 ], [ -88.69080211, 20.07702957 ], [ -88.69060891, 20.08985612 ], [ -88.6398664, 20.120356060000024 ], [ -88.61917315, 20.117171540000015 ], [ -88.61638363, 20.134460820000022 ], [ -88.58797352, 20.1314512 ], [ -88.587675660000016, 20.14046968 ], [ -88.57815046, 20.13917428 ], [ -88.57668155, 20.14807831000001 ], [ -88.5076212, 20.14339109 ], [ -88.50234525, 20.190077950000024 ], [ -88.519929952, 20.192328032999978 ], [ -88.443426183, 20.238149784000029 ], [ -88.415113804, 20.232970454 ], [ -88.402892004, 20.239488884 ], [ -88.409127743, 20.252097323 ], [ -88.35190337, 20.259023060000018 ], [ -88.30878843, 20.25351003 ], [ -88.26681495, 20.26912032 ], [ -88.2646342, 20.29034203 ], [ -88.1364896, 20.28137178 ], [ -88.047306601, 20.366308720999967 ], [ -88.04753328, 20.378818171000027 ], [ -88.034030061, 20.37894009 ], [ -87.992960031, 20.417992919999985 ], [ -87.995065451, 20.447316431 ], [ -87.96274205, 20.44670603 ], [ -87.74425948, 20.653787091000016 ], [ -87.53314528, 20.99960214 ], [ -87.53491291, 21.49022245 ], [ -87.48833323, 21.48518314 ], [ -87.48658218, 21.46525537 ], [ -87.47324382, 21.457225879999982 ], [ -87.43108645, 21.46857194 ], [ -87.35544898, 21.44676809 ], [ -87.34109597, 21.432266349999988 ], [ -87.31575669, 21.44137472 ], [ -87.27212977, 21.43234112 ], [ -87.27386432, 21.44328422 ], [ -87.268109287, 21.434103484000019 ], [ -87.25852718, 21.437788459999982 ], [ -87.23246218, 21.41861078 ], [ -87.22897592, 21.432716119999984 ], [ -87.22245408, 21.43132757 ], [ -87.21563982, 21.443261569999983 ], [ -87.18837452, 21.439706770000015 ], [ -87.16661074, 21.4497134 ], [ -87.15837518, 21.463253 ], [ -87.13175806, 21.45974634 ], [ -87.11173191, 21.471221050000032 ], [ -87.11080418, 21.52006334 ], [ -87.099089196, 21.532603340999987 ], [ -87.104682242, 21.546824331999979 ], [ -87.128709340000015, 21.554537340000024 ], [ -87.10152015, 21.58496955 ], [ -87.0857472, 21.58941369 ] ] ], [ [ [ -87.03398034, 21.58584495 ], [ -86.99998582, 21.571380349999988 ], [ -86.99251306, 21.563996110000023 ], [ -87.0145184, 21.56983374 ], [ -87.02312262, 21.580218350000017 ], [ -87.03031278, 21.574616549999988 ], [ -87.042019170000017, 21.584145890000016 ], [ -87.03398034, 21.58584495 ] ] ], [ [ [ -87.10253137, 21.605419090000012 ], [ -87.05749266, 21.59268582 ], [ -87.0492774, 21.58962142 ], [ -87.04618445, 21.58513409 ], [ -87.067830326, 21.594320918 ], [ -87.088402126, 21.589901147 ], [ -87.101890351, 21.594663876 ], [ -87.098904529, 21.602346837 ], [ -87.10606786, 21.601277079999974 ], [ -87.12953323, 21.56836409000001 ], [ -87.157909386, 21.562169058 ], [ -87.16234503, 21.55845152 ], [ -87.156854026, 21.561109049 ], [ -87.15131191, 21.55710785 ], [ -87.16653072, 21.55632428 ], [ -87.20857832, 21.520594230000011 ], [ -87.22288574, 21.51653257000002 ], [ -87.207037759, 21.525965352000021 ], [ -87.259088148, 21.523257701 ], [ -87.26160419, 21.529834531 ], [ -87.289846420000018, 21.511123309999984 ], [ -87.287237646, 21.522450662000026 ], [ -87.296768682, 21.519273246 ], [ -87.290826692, 21.523729024999987 ], [ -87.306112349000017, 21.527954113999982 ], [ -87.300075791, 21.529334923000011 ], [ -87.31587917, 21.52583583000002 ], [ -87.31524134, 21.533996 ], [ -87.324689408, 21.539087894000012 ], [ -87.318836121, 21.5396395 ], [ -87.32692994, 21.54113582 ], [ -87.325947667, 21.547379839 ], [ -87.330649482000013, 21.542368693999983 ], [ -87.328522864, 21.54915751 ], [ -87.35871195, 21.535203600000013 ], [ -87.36459486, 21.51883737 ], [ -87.376025889, 21.519384652 ], [ -87.371829905, 21.509781858 ], [ -87.38054171, 21.514614 ], [ -87.39031305, 21.50309258 ], [ -87.397251075, 21.511242609000011 ], [ -87.33492195, 21.566179920000028 ], [ -87.30800326, 21.54812656999998 ], [ -87.28092651, 21.541485309999988 ], [ -87.22119065, 21.543715919999979 ], [ -87.14712386, 21.571359350000016 ], [ -87.10253137, 21.605419090000012 ] ] ] ] } },
{ "type": "Feature", "properties": { "cvegeo": "24", "cve_ent": "24", "nomgeo": "San Luis Potosí", "nom_abrev": "SLP" }, "geometry": { "type": "Polygon", "coordinates": [ [ [ -100.71121009, 24.49152183 ], [ -100.60353334, 24.401300059999954 ], [ -100.59993552, 24.348791050000013 ], [ -100.63306648, 24.225980250000017 ], [ -100.58509291, 24.223925429999952 ], [ -100.59351254, 24.17820025 ], [ -100.61339989, 24.173944180000014 ], [ -100.548771120000012, 24.14603057 ], [ -100.51682749, 24.13989668 ], [ -100.51958002, 24.11838234 ], [ -100.53868326, 24.11851603 ], [ -100.523759, 24.071454950000021 ], [ -100.54128266, 24.025747619999976 ], [ -100.56240162, 23.91964108 ], [ -100.5467678, 23.917436620000043 ], [ -100.54943431, 23.8893146 ], [ -100.53984562, 23.88839306 ], [ -100.55029869, 23.84220258 ], [ -100.52552995, 23.83952591000002 ], [ -100.52879143, 23.81635263 ], [ -100.49760172000002, 23.79871268999997 ], [ -100.49770628, 23.73630971 ], [ -100.49030234, 23.73960088 ], [ -100.46648328000002, 23.688941030000024 ], [ -100.44710043, 23.696534519999982 ], [ -100.44572012, 23.67733152 ], [ -100.45832845, 23.660112550000044 ], [ -100.4498446, 23.65600894 ], [ -100.45435512, 23.64990455 ], [ -100.46335054, 23.6531402 ], [ -100.47737863, 23.63381869000003 ], [ -100.49163689, 23.56861251 ], [ -100.46954495, 23.56678311 ], [ -100.45917611, 23.511566110000032 ], [ -100.494168680000016, 23.5284064 ], [ -100.51721132, 23.421042849999974 ], [ -100.45708325, 23.366409600000043 ], [ -100.48360785, 23.21404566 ], [ -100.47984968, 23.194365349999988 ], [ -100.33175794, 23.16268318 ], [ -100.3235152, 23.19562745 ], [ -100.36376431, 23.18900538000003 ], [ -100.37431657, 23.265323819999981 ], [ -100.30625694, 23.260942120000038 ], [ -100.27843498, 23.3103684 ], [ -100.22016645, 23.29793172 ], [ -100.21823772, 23.31013435 ], [ -100.20636423, 23.30710886000001 ], [ -100.22823651, 23.25047615 ], [ -100.10381335, 23.231535380000011 ], [ -100.109740199, 23.199717861000025 ], [ -100.118286169, 23.200545310999981 ], [ -100.11898963, 23.15242789 ], [ -100.110154999, 23.15106989 ], [ -100.11559726, 23.125989890000039 ], [ -100.068742969, 23.12115626 ], [ -100.06902911, 23.09594178000004 ], [ -100.01125222, 23.06392058 ], [ -100.06209742, 23.03984366 ], [ -100.06184234, 23.01197963 ], [ -100.07165578, 22.9973572 ], [ -100.097455310000015, 23.01309097 ], [ -100.089421020000017, 22.96875748 ], [ -100.11084695, 22.975718970000027 ], [ -100.11038363, 22.916714420000027 ], [ -100.04423908, 22.9178924 ], [ -100.0293842, 22.824393549999982 ], [ -100.1019204, 22.76279275000001 ], [ -100.09405994, 22.751265170000025 ], [ -100.02234326, 22.72592455 ], [ -99.95695814, 22.751666520000015 ], [ -99.88239698, 22.74986231 ], [ -99.842819, 22.7305572 ], [ -99.84792357, 22.67843511 ], [ -99.81402898, 22.660765780000023 ], [ -99.805485850000011, 22.657773140000035 ], [ -99.78503694, 22.66850898 ], [ -99.75477858, 22.65661065 ], [ -99.72408517, 22.65960840000001 ], [ -99.682535460000011, 22.68112471 ], [ -99.56063829, 22.641220489999988 ], [ -99.53469191, 22.612764650000024 ], [ -99.49453637, 22.620868630000036 ], [ -99.54432738, 22.74414015 ], [ -99.49678851, 22.74849795 ], [ -99.47712683, 22.74063722 ], [ -99.44205288, 22.66361571 ], [ -99.38555311, 22.670268459999988 ], [ -99.37320048, 22.62907768 ], [ -99.32961768, 22.634887780000028 ], [ -99.32138786, 22.61673045 ], [ -99.33010752, 22.61484469 ], [ -99.32859005, 22.6087024 ], [ -99.3140344, 22.60989817 ], [ -99.28865338, 22.55582417 ], [ -99.26314854, 22.469791229999984 ], [ -99.23683875, 22.412862 ], [ -99.12056705, 22.406636480000021 ], [ -99.06039945, 22.41526852 ], [ -98.93197272, 22.392775140000015 ], [ -98.92554486, 22.371746779999963 ], [ -98.91228263, 22.37379792 ], [ -98.88999725, 22.35509351 ], [ -98.872289490000014, 22.36741298 ], [ -98.84987706, 22.36812692 ], [ -98.82146732, 22.356255800000039 ], [ -98.75801949, 22.366532570000036 ], [ -98.74593957, 22.38086535 ], [ -98.73150718, 22.38125608 ], [ -98.72638277, 22.38977923 ], [ -98.67666158, 22.408932849999967 ], [ -98.67083334, 22.40535726 ], [ -98.6815466, 22.371574860000045 ], [ -98.57931582, 22.377756939999987 ], [ -98.57929065, 22.348628110000018 ], [ -98.53521452, 22.33787831 ], [ -98.52555102, 22.318834849999973 ], [ -98.50612008, 22.3159744 ], [ -98.50572583, 22.309005720000016 ], [ -98.481994, 22.29943763 ], [ -98.47590838, 22.2886398 ], [ -98.46451663, 22.303465740000039 ], [ -98.44665903, 22.305621280000029 ], [ -98.42770023, 22.28345523 ], [ -98.43037152, 22.274602920000014 ], [ -98.40755789, 22.28420952 ], [ -98.396378110000015, 22.27626191 ], [ -98.40641878, 22.269350979999988 ], [ -98.40509331, 22.256076289999978 ], [ -98.37633643, 22.250829080000017 ], [ -98.36813668, 22.25537311 ], [ -98.37455585, 22.236079399999969 ], [ -98.32596705, 22.243052799999983 ], [ -98.34461514, 22.22208874 ], [ -98.35226122, 22.22279878 ], [ -98.33041318, 22.20134445 ], [ -98.33654502, 22.18769325 ], [ -98.43201672, 22.128265379999988 ], [ -98.43873706, 22.111914940000013 ], [ -98.41882506, 22.098019220000012 ], [ -98.43945212, 22.07564709 ], [ -98.43464922, 22.05166902 ], [ -98.44641431, 22.04221534 ], [ -98.44354898, 22.03298175 ], [ -98.45954448, 21.99516906 ], [ -98.47233386, 21.98797391 ], [ -98.47628608, 21.99957306 ], [ -98.48147637, 21.990514030000025 ], [ -98.46880577, 21.964601319999989 ], [ -98.49320337, 21.9604116 ], [ -98.52200037, 21.97943068 ], [ -98.55066502, 21.96075006 ], [ -98.56449728, 21.96824268 ], [ -98.57883911, 21.96609225 ], [ -98.57647137, 21.947386109999979 ], [ -98.56601985, 21.93764441999998 ], [ -98.55128072, 21.93373843 ], [ -98.53157635, 21.949915740000016 ], [ -98.51559734, 21.951267830000031 ], [ -98.50314566, 21.936626420000017 ], [ -98.50045225, 21.92314852 ], [ -98.53107685, 21.93442782 ], [ -98.54384705, 21.932117460000018 ], [ -98.54587423000001, 21.91734794 ], [ -98.51489012, 21.917635709999988 ], [ -98.51079751, 21.908697049999979 ], [ -98.520200950000017, 21.896986339999948 ], [ -98.53820297, 21.905808219999969 ], [ -98.54803354, 21.86010509 ], [ -98.52885838, 21.86317512 ], [ -98.51448114, 21.82389343 ], [ -98.49505432, 21.838167260000017 ], [ -98.48632045, 21.836268510000036 ], [ -98.49311892, 21.81394032 ], [ -98.47503829, 21.81419205 ], [ -98.47552283, 21.801922050000016 ], [ -98.46236526, 21.791276399999958 ], [ -98.45470011, 21.766426690000031 ], [ -98.45944731, 21.762311340000018 ], [ -98.46759695, 21.77069814 ], [ -98.48372551, 21.75217068000001 ], [ -98.47692418, 21.745219260000013 ], [ -98.49148523, 21.73506106 ], [ -98.50421892, 21.73804809 ], [ -98.49894622, 21.727242780000012 ], [ -98.51266492, 21.72660174 ], [ -98.5166742, 21.716850510000015 ], [ -98.53741051, 21.72062425 ], [ -98.5367958, 21.713890479999986 ], [ -98.52053169, 21.71023146000001 ], [ -98.53074157, 21.697274540000016 ], [ -98.54384057, 21.72339388 ], [ -98.56743471, 21.71736774 ], [ -98.57221234, 21.709159550000017 ], [ -98.558837680000011, 21.70353897 ], [ -98.55825548, 21.687671859999988 ], [ -98.57920063, 21.671947780000014 ], [ -98.59778754, 21.66887988 ], [ -98.62199697, 21.68238257 ], [ -98.62496182, 21.673065349999984 ], [ -98.60947048, 21.667229089999982 ], [ -98.62056162, 21.653073279999983 ], [ -98.63322175, 21.65388817 ], [ -98.64363069, 21.63168171 ], [ -98.621127, 21.627822150000036 ], [ -98.61935409, 21.602461399999981 ], [ -98.625652120000012, 21.59259562 ], [ -98.62050602, 21.58824145 ], [ -98.62574666, 21.585456049999987 ], [ -98.60540012, 21.5669132 ], [ -98.60224742, 21.540430820000019 ], [ -98.56505072, 21.520086079999974 ], [ -98.557452, 21.521978279999985 ], [ -98.53225586, 21.50113952 ], [ -98.535599600000012, 21.492464879999968 ], [ -98.51691306, 21.46070171 ], [ -98.524641450000018, 21.44016394 ], [ -98.52163645, 21.404748540000046 ], [ -98.50335243, 21.391451880000027 ], [ -98.51575185, 21.37228965 ], [ -98.50737905, 21.36997098 ], [ -98.5114258, 21.36251314 ], [ -98.54956648000001, 21.38459843 ], [ -98.56771574, 21.37077354 ], [ -98.59005172, 21.372761720000046 ], [ -98.59923695, 21.35842537 ], [ -98.64404665, 21.366539459999988 ], [ -98.65275015, 21.34684418 ], [ -98.67509129, 21.349842939999977 ], [ -98.68358274, 21.34196394 ], [ -98.67090828000002, 21.32485878 ], [ -98.64886571, 21.312922200000028 ], [ -98.60467326, 21.301842029999975 ], [ -98.59548114, 21.28457487999998 ], [ -98.60393957, 21.276449349999979 ], [ -98.60002154, 21.26105366 ], [ -98.608924910000013, 21.252704 ], [ -98.59944871, 21.247731059999978 ], [ -98.60359212, 21.218376339999988 ], [ -98.61797655, 21.194284880000012 ], [ -98.65069558, 21.180936480000017 ], [ -98.68266006, 21.200637859999986 ], [ -98.6946484, 21.182196770000015 ], [ -98.69123774, 21.16672852 ], [ -98.70182009, 21.16077114 ], [ -98.70523314, 21.18719682999998 ], [ -98.72033851, 21.187131 ], [ -98.72766077, 21.179549421 ], [ -98.74161826000001, 21.192760490000037 ], [ -98.74652871, 21.184328291 ], [ -98.76730346, 21.184416660000014 ], [ -98.76408026, 21.179570681 ], [ -98.77292138, 21.171968771 ], [ -98.78080934, 21.185981820000038 ], [ -98.79797068, 21.18334342 ], [ -98.79735715, 21.19132032 ], [ -98.8081432, 21.19324491 ], [ -98.79859423, 21.17807978099998 ], [ -98.79010762, 21.178994660000011 ], [ -98.78879543, 21.166385579999982 ], [ -98.79395335, 21.160183629999988 ], [ -98.799075120000012, 21.16484646 ], [ -98.82118808, 21.160400149999965 ], [ -98.850944657, 21.175864984000018 ], [ -98.8573998, 21.189264221000041 ], [ -98.88265882, 21.17961088 ], [ -98.88512589, 21.196339860000013 ], [ -98.91508091, 21.225193771000011 ], [ -98.89888822, 21.231270141000021 ], [ -98.89989071, 21.238561460000017 ], [ -98.91781811, 21.239754550000011 ], [ -98.922873420000016, 21.24673109 ], [ -98.91772882, 21.255501080000013 ], [ -98.927940800000016, 21.268741951000024 ], [ -98.929277, 21.29272945 ], [ -98.93258014, 21.298294889999987 ], [ -98.94028331, 21.294602459999989 ], [ -98.94496075, 21.31133658 ], [ -98.95651355, 21.301804049999987 ], [ -98.96973268, 21.3059752 ], [ -98.97504331, 21.297003599999989 ], [ -99.01278451, 21.295370910000024 ], [ -99.04345338, 21.279433020000013 ], [ -99.05791945, 21.2846978 ], [ -99.06142717, 21.279474 ], [ -99.08299075, 21.29634689000002 ], [ -99.10434535, 21.28959786 ], [ -99.10579008, 21.30204189 ], [ -99.12755889, 21.31833655 ], [ -99.10294885, 21.321194429999988 ], [ -99.13782958, 21.32979189000001 ], [ -99.12945552, 21.36204625 ], [ -99.09262075, 21.363360479999987 ], [ -99.09813023, 21.408412679999966 ], [ -99.10591543, 21.411560080000022 ], [ -99.126030050000011, 21.460542850000017 ], [ -99.12976878, 21.501702579999989 ], [ -99.1422822, 21.53543955 ], [ -99.12829737, 21.58981705 ], [ -99.17189551, 21.627031480000017 ], [ -99.18817506, 21.67000543000001 ], [ -99.21769755, 21.666646479999983 ], [ -99.2251246, 21.633286200000011 ], [ -99.24349645, 21.615057170000014 ], [ -99.28071705, 21.607903369999985 ], [ -99.27440191, 21.56532326 ], [ -99.29069514, 21.55800958 ], [ -99.28929711, 21.550361879999979 ], [ -99.30548865, 21.532914290000015 ], [ -99.32728678, 21.53517114 ], [ -99.34986091, 21.55235738 ], [ -99.37590685, 21.54793058 ], [ -99.371976218, 21.50710409 ], [ -99.38670817, 21.500372940000016 ], [ -99.38229863, 21.481214630000036 ], [ -99.38887603, 21.464897310000019 ], [ -99.39855963, 21.463425740000012 ], [ -99.40464617, 21.42892618 ], [ -99.415519620000012, 21.42913338000001 ], [ -99.43570815, 21.44983325 ], [ -99.44735128, 21.443476579999988 ], [ -99.4691292, 21.446755649999954 ], [ -99.47077189, 21.436617079999962 ], [ -99.48435363, 21.43250732000002 ], [ -99.48836331, 21.42196532 ], [ -99.503814, 21.418563 ], [ -99.52430043, 21.42883395 ], [ -99.5529004, 21.429068720000021 ], [ -99.55659643, 21.436608649999989 ], [ -99.5493452, 21.447067719999971 ], [ -99.62580078000002, 21.50730190999997 ], [ -99.65954197, 21.567945230000042 ], [ -99.7467432, 21.57836329 ], [ -99.74929226, 21.52317348 ], [ -99.77751511000001, 21.494713090000019 ], [ -99.79156946, 21.490104140000028 ], [ -99.79228402, 21.474483140000011 ], [ -99.81707412, 21.46169082 ], [ -99.82529198, 21.46652163000002 ], [ -99.83918135, 21.462385630000025 ], [ -99.83492889, 21.478115950000021 ], [ -99.863775380000021, 21.47431029 ], [ -99.90517412, 21.448159149999974 ], [ -99.94316878, 21.461783770000025 ], [ -99.94233312, 21.449619819999974 ], [ -99.95934602, 21.483513739999985 ], [ -99.94570529, 21.49743169 ], [ -99.9651106, 21.505121380000013 ], [ -99.95682229, 21.52622708 ], [ -100.06227605, 21.52330548 ], [ -100.07584369, 21.557931680000014 ], [ -100.1471948, 21.618125310000014 ], [ -100.17144305, 21.601266339999988 ], [ -100.16714922, 21.63411822 ], [ -100.17963474, 21.650790490000013 ], [ -100.19283878, 21.646958340000019 ], [ -100.22227543, 21.66565152 ], [ -100.24631149, 21.664932599999972 ], [ -100.27213546, 21.68734697999998 ], [ -100.32207814, 21.682094169999971 ], [ -100.35136555, 21.691670849999955 ], [ -100.39999346, 21.674478600000015 ], [ -100.42305128, 21.67505698 ], [ -100.43504425, 21.682718459999979 ], [ -100.451349380000011, 21.66659894 ], [ -100.47049037, 21.60646546 ], [ -100.4856852, 21.595277029999977 ], [ -100.46070198, 21.571210019999981 ], [ -100.455381220000021, 21.55625645 ], [ -100.46484597, 21.55362154 ], [ -100.46108028, 21.545334849999989 ], [ -100.53395002, 21.542326829999983 ], [ -100.54685888, 21.532204910000011 ], [ -100.58198251, 21.52612028 ], [ -100.614955, 21.50578917 ], [ -100.62191022, 21.51898592 ], [ -100.61429931, 21.53313455 ], [ -100.63544732, 21.54319163000001 ], [ -100.63854157, 21.528293020000014 ], [ -100.657456080000017, 21.524717970000012 ], [ -100.68116792, 21.5475046 ], [ -100.717630230000012, 21.550231510000039 ], [ -100.7343438, 21.578726540000012 ], [ -100.761763180000017, 21.58493522 ], [ -100.77246762, 21.595451629999975 ], [ -100.773295, 21.588121799999971 ], [ -100.79230837, 21.594834170000034 ], [ -100.80949611, 21.592049829999986 ], [ -100.81656097, 21.602653399999973 ], [ -100.85767825, 21.61898658 ], [ -100.83432149, 21.664558780000018 ], [ -100.86514988, 21.687079600000025 ], [ -100.870112180000021, 21.67249352 ], [ -100.90718337, 21.681636799999989 ], [ -100.90839203, 21.69166498 ], [ -100.92127346, 21.70027357 ], [ -100.91257757, 21.71364874 ], [ -100.93805454, 21.720534550000014 ], [ -100.94350282, 21.732621629999983 ], [ -100.96555185, 21.734925570000016 ], [ -100.98197437, 21.75352735 ], [ -101.00002932, 21.75640723 ], [ -101.00230331, 21.75081694 ], [ -101.00517262, 21.75723114 ], [ -101.05924797, 21.76552074 ], [ -101.13613889, 21.753225910000012 ], [ -101.16126698, 21.757505920000014 ], [ -101.21979463, 21.80220038 ], [ -101.21715234, 21.81607703 ], [ -101.26231022, 21.823444320000021 ], [ -101.28152658, 21.821468149999983 ], [ -101.289685460000015, 21.812139779999967 ], [ -101.31948394, 21.83533445 ], [ -101.36527366, 21.83941672 ], [ -101.42266894, 21.82496294 ], [ -101.45507234, 21.829958539999975 ], [ -101.4640614, 21.82022503 ], [ -101.4738734, 21.827391020000036 ], [ -101.49633125, 21.809939660000026 ], [ -101.50351528, 21.830123979999975 ], [ -101.486091340000016, 21.84188672 ], [ -101.48319623, 21.867680779999986 ], [ -101.46808378, 21.87026575 ], [ -101.46645765, 21.880224910000017 ], [ -101.44067483, 21.89271623 ], [ -101.44180286000001, 21.909337830000034 ], [ -101.43459592, 21.89706506000001 ], [ -101.41022762, 21.90869354 ], [ -101.42917286, 21.93436114 ], [ -101.40516117, 21.94849212 ], [ -101.39715038, 21.96776208 ], [ -101.37336572, 21.99024935 ], [ -101.32651029, 21.999728050000019 ], [ -101.32939745, 22.00716909 ], [ -101.34529848, 22.005879919999959 ], [ -101.34474262, 22.01414243 ], [ -101.35243929, 22.01308158 ], [ -101.34857245, 22.028071120000021 ], [ -101.33776503, 22.025133020000013 ], [ -101.33923531, 22.014985709999983 ], [ -101.32720848, 22.02149804999998 ], [ -101.33090075, 22.035315180000016 ], [ -101.351675, 22.043789150000013 ], [ -101.36569229, 22.01854843 ], [ -101.38275537, 22.02073791 ], [ -101.3806912, 22.028759340000022 ], [ -101.36973832, 22.027517249999988 ], [ -101.37707837, 22.04496214 ], [ -101.36101177, 22.041001060000035 ], [ -101.34658728, 22.04969008 ], [ -101.35423974, 22.071735289999989 ], [ -101.32774498, 22.144112059999987 ], [ -101.33769286, 22.143522510000029 ], [ -101.351305940000017, 22.17675965999997 ], [ -101.32425315, 22.209893460000039 ], [ -101.35285398, 22.22920365 ], [ -101.37680382, 22.26165583 ], [ -101.41625892, 22.26734554 ], [ -101.40899935, 22.28043662 ], [ -101.39815042, 22.281426820000032 ], [ -101.39143495, 22.299901879999986 ], [ -101.41973249, 22.31504182 ], [ -101.43512542, 22.341533979999987 ], [ -101.43297235, 22.363276740000014 ], [ -101.38191055, 22.35748508 ], [ -101.37478575, 22.456458370000011 ], [ -101.31372634, 22.45349017000003 ], [ -101.31538349, 22.46964897 ], [ -101.285726380000014, 22.507855649999989 ], [ -101.29632363, 22.5354782 ], [ -101.28751929, 22.559811319999984 ], [ -101.30570908, 22.609930310000024 ], [ -101.33387374, 22.64211314 ], [ -101.33693697, 22.65875605 ], [ -101.35937609, 22.653532940000012 ], [ -101.38001825, 22.67583492 ], [ -101.34923392, 22.71177929 ], [ -101.411077079, 22.747680690000013 ], [ -101.490964539, 22.742877350000018 ], [ -101.4970036, 22.70154102 ], [ -101.567398, 22.65677632 ], [ -101.57382102, 22.612816109999986 ], [ -101.58773232, 22.626611860000033 ], [ -101.59528732, 22.62407249 ], [ -101.59008315, 22.58903575 ], [ -101.65990646, 22.505320400000013 ], [ -101.67474958, 22.506539890000013 ], [ -101.69601849, 22.52042211 ], [ -101.74617508, 22.50869326 ], [ -101.73536075, 22.480214949999983 ], [ -101.77153529, 22.48816332 ], [ -101.78336074, 22.46503383 ], [ -101.83714105, 22.499692140000018 ], [ -101.81989152, 22.55129471 ], [ -101.87295771, 22.56307335 ], [ -101.85328423, 22.656025109999987 ], [ -101.93975603, 22.64572549 ], [ -102.12489688, 22.7829522 ], [ -102.19213177, 22.86490206 ], [ -102.23808165, 23.04764388 ], [ -102.26005097, 23.04591551 ], [ -102.24973142, 23.0754576 ], [ -102.21415463, 23.131319859999973 ], [ -102.24097403, 23.169380430000011 ], [ -102.23945771, 23.20949329 ], [ -102.28936898, 23.231690939999986 ], [ -102.28582548, 23.273320140000017 ], [ -102.25279625, 23.271235199999985 ], [ -102.24467212, 23.27676875 ], [ -102.231596850000017, 23.315116349999983 ], [ -102.24106912, 23.31498162 ], [ -102.25469951, 23.28083374 ], [ -102.26953366, 23.27991288 ], [ -102.26457905, 23.29009292000001 ], [ -102.29603842, 23.32050129 ], [ -102.26826194, 23.342277890000023 ], [ -102.25361148, 23.36495589 ], [ -102.23815031, 23.446901430000015 ], [ -102.19361522, 23.44759911 ], [ -102.19134226, 23.40138792 ], [ -102.16861497, 23.39890752000003 ], [ -102.16879912, 23.36102565 ], [ -102.12253246, 23.35386009 ], [ -102.01194383, 23.37274855 ], [ -101.77512245, 23.447629349999985 ], [ -101.19250495, 23.918559140000035 ], [ -101.21674638, 24.159731910000012 ], [ -101.17323215, 24.16413662 ], [ -101.06540152, 24.207021109999985 ], [ -101.01268868, 24.390819140000033 ], [ -100.98732705, 24.43251932 ], [ -100.98823465000001, 24.40955194 ], [ -100.99766543, 24.40730386 ], [ -101.00986828, 24.38511737 ], [ -101.00328205, 24.36801008 ], [ -101.01129743, 24.35795949 ], [ -101.00667463, 24.335834779999981 ], [ -100.94528598, 24.28119589 ], [ -100.850383080000015, 24.343538540000011 ], [ -100.71121009, 24.49152183 ] ] ] } },
{ "type": "Feature", "properties": { "cvegeo": "25", "cve_ent": "25", "nomgeo": "Sinaloa", "nom_abrev": "Sin." }, "geometry": { "type": "MultiPolygon", "coordinates": [ [ [ [ -106.412921153, 23.173295217 ], [ -106.413167974, 23.173076811999984 ], [ -106.41321544, 23.173327664000016 ], [ -106.412921153, 23.173295217 ] ] ], [ [ [ -106.404472813, 23.179950716000018 ], [ -106.40282074, 23.179729302 ], [ -106.403946937, 23.178402061 ], [ -106.404472813, 23.179950716000018 ] ] ], [ [ [ -106.4406077, 23.184676086999989 ], [ -106.439141152, 23.184321948 ], [ -106.440635141, 23.18377679 ], [ -106.4406077, 23.184676086999989 ] ] ], [ [ [ -106.435877508, 23.187535613000026 ], [ -106.436676927, 23.187179545 ], [ -106.436575623, 23.187748982 ], [ -106.435877508, 23.187535613000026 ] ] ], [ [ [ -106.462995931, 23.225243797 ], [ -106.467224709, 23.222319278 ], [ -106.463549676, 23.227724892 ], [ -106.462995931, 23.225243797 ] ] ], [ [ [ -106.464668219, 23.237078269000012 ], [ -106.462314149, 23.23090786300002 ], [ -106.464033097, 23.22779588 ], [ -106.471302032, 23.234100926 ], [ -106.464668219, 23.237078269000012 ] ] ], [ [ [ -106.479389772, 23.256660636 ], [ -106.473557364, 23.251549573 ], [ -106.479497189, 23.250355598999978 ], [ -106.479389772, 23.256660636 ] ] ], [ [ [ -108.366656911, 25.158080616 ], [ -108.354127161, 25.161845096000015 ], [ -108.368731856, 25.148869485000034 ], [ -108.372009665, 25.152197191 ], [ -108.37349592, 25.153087939 ], [ -108.376306569, 25.156925359999981 ], [ -108.377784498, 25.158204037999973 ], [ -108.377060729, 25.167000397 ], [ -108.371692135, 25.157132419000011 ], [ -108.363030154, 25.168616160999989 ], [ -108.366656911, 25.158080616 ] ] ], [ [ [ -108.38094349, 25.181634583999987 ], [ -108.38069671400001, 25.16120732600001 ], [ -108.378545288, 25.160136244 ], [ -108.377668898, 25.157763947000024 ], [ -108.374326493, 25.153876674000021 ], [ -108.372995636, 25.152575253 ], [ -108.372103617, 25.152149978 ], [ -108.368867965, 25.14882056899998 ], [ -108.384055488, 25.160242171 ], [ -108.38094349, 25.181634583999987 ] ] ], [ [ [ -108.379766753, 25.183650827000015 ], [ -108.376117449, 25.167922052999984 ], [ -108.379171451, 25.171507654999981 ], [ -108.38068631, 25.180585857000015 ], [ -108.379766753, 25.183650827000015 ] ] ], [ [ [ -108.47551446, 27.03994519999998 ], [ -108.47193875, 27.030598630000021 ], [ -108.46430897, 27.04009991 ], [ -108.45479106, 27.027035859999977 ], [ -108.4431016, 27.02949806 ], [ -108.40964045, 27.013404950000012 ], [ -108.35010994, 27.022554430000039 ], [ -108.333326220000018, 27.004596310000014 ], [ -108.32202602000001, 27.008936550000023 ], [ -108.32598137, 27.02049295 ], [ -108.31655805, 27.03448835 ], [ -108.30338766, 27.03662035 ], [ -108.28891423, 27.026579920000039 ], [ -108.28601014, 27.01247065 ], [ -108.250447599, 27.04103148999997 ], [ -108.24121869, 27.041846050000014 ], [ -108.22585405, 27.02722135 ], [ -108.2115662, 27.034448889999972 ], [ -108.1942744, 27.03195335 ], [ -108.18152402, 26.99410992 ], [ -108.19690725000001, 26.98112357 ], [ -108.21582783, 26.97768291 ], [ -108.21837357, 26.964787 ], [ -108.23501571, 26.958619850000012 ], [ -108.22502092, 26.922876949999971 ], [ -108.23023691, 26.905724580000012 ], [ -108.20971749, 26.885437650000028 ], [ -108.2027796, 26.890618710000023 ], [ -108.20739018, 26.906000079999984 ], [ -108.19008051, 26.89587214 ], [ -108.18391557, 26.899738 ], [ -108.17454863, 26.88146483 ], [ -108.1685584, 26.89507095 ], [ -108.15591326, 26.89521651 ], [ -108.14310155, 26.90788414 ], [ -108.144247350000015, 26.867649320000012 ], [ -108.09410725, 26.870463680000025 ], [ -108.02682085, 26.798466370000021 ], [ -108.03764905, 26.769780800000021 ], [ -108.01426423, 26.77315294 ], [ -108.00570074, 26.7610488 ], [ -108.01923097, 26.730666750000012 ], [ -108.00677938, 26.715487549999985 ], [ -108.01174663, 26.68948243 ], [ -108.03172358, 26.667981250000036 ], [ -108.08160345, 26.641993829999986 ], [ -108.07455838, 26.627993750000012 ], [ -108.05158235, 26.629835850000013 ], [ -108.03180954, 26.615924350000014 ], [ -108.03251363, 26.603182220000015 ], [ -108.01217489, 26.59139551 ], [ -108.01248402, 26.579643020000013 ], [ -107.99204592000001, 26.56228345 ], [ -107.98974483, 26.5480398 ], [ -107.96101675, 26.5269554 ], [ -107.95726531, 26.493743949999971 ], [ -107.9856226, 26.47209977 ], [ -107.96963911, 26.470167860000014 ], [ -108.01279702, 26.439048059999969 ], [ -107.85626457, 26.226035120000034 ], [ -107.85401851, 26.196519379999984 ], [ -107.8409092, 26.18355402 ], [ -107.82275477, 26.187629089999984 ], [ -107.78892391, 26.16861378000003 ], [ -107.78069046, 26.13693758 ], [ -107.75517215, 26.134512449999985 ], [ -107.74759715, 26.153793169999989 ], [ -107.73787311, 26.156947119999987 ], [ -107.73871603, 26.167239689999985 ], [ -107.71743154, 26.164741580000022 ], [ -107.71107551, 26.17441306 ], [ -107.69631928, 26.165473650000024 ], [ -107.65276429, 26.16364097 ], [ -107.635749570000016, 26.154578049999984 ], [ -107.58202728, 26.170640120000012 ], [ -107.5432774, 26.14634894000001 ], [ -107.54368018, 26.137319569999967 ], [ -107.52626705, 26.12774765 ], [ -107.52001998, 26.104227170000037 ], [ -107.50611522, 26.115787480000016 ], [ -107.492171150000019, 26.11146266 ], [ -107.46000315, 26.138314950000016 ], [ -107.43104269, 26.142859919999989 ], [ -107.43234746, 26.138245770000015 ], [ -107.41611823, 26.141220250000025 ], [ -107.3465278, 26.109523119999988 ], [ -107.3048898, 26.076402430000016 ], [ -107.306691720000018, 26.04878415000001 ], [ -107.27634626, 26.00197654 ], [ -107.28003709, 25.958095879999981 ], [ -107.29612822, 25.924793400000024 ], [ -107.24247066, 25.89236965 ], [ -107.24651002, 25.87777449 ], [ -107.239382254, 25.880382513 ], [ -107.22903295, 25.86974175 ], [ -107.20694914, 25.86391942 ], [ -107.20886554, 25.85631277 ], [ -107.05790477, 25.757367969999983 ], [ -107.06468345, 25.74816422 ], [ -107.06422371, 25.71907409000001 ], [ -107.04807946, 25.710826920000013 ], [ -107.04312662, 25.697698780000028 ], [ -107.010680030000017, 25.691459380000012 ], [ -106.99029875, 25.714924059999987 ], [ -106.96532269, 25.69787858 ], [ -106.96693982, 25.66833082 ], [ -106.99439586, 25.66179482 ], [ -106.97329046, 25.62957043 ], [ -107.12456486, 25.550414380000024 ], [ -107.13826405, 25.552198430000015 ], [ -107.13874935, 25.560095089999987 ], [ -107.17387949, 25.55655257 ], [ -107.176880460000021, 25.540819629999987 ], [ -107.169506400000017, 25.5324678 ], [ -107.17811732, 25.51517637 ], [ -107.16629029, 25.502995319999989 ], [ -107.14768423, 25.50502722 ], [ -107.13929497, 25.48956486000003 ], [ -107.15111743, 25.476697890000011 ], [ -107.15869055, 25.441992140000039 ], [ -107.1848744, 25.436815800000012 ], [ -107.21013223, 25.417100510000026 ], [ -107.1715508, 25.326357880000028 ], [ -107.20781657, 25.331564229999987 ], [ -107.15720275, 25.261764979999956 ], [ -107.121057119, 25.243111220000031 ], [ -107.132021370000018, 25.2267118 ], [ -107.148774799, 25.224548139999978 ], [ -107.124918549, 25.186639830000011 ], [ -107.12989163, 25.053138800000013 ], [ -107.063571289, 25.025255349999973 ], [ -107.0604198, 25.00242743 ], [ -107.01834391, 24.933617370000029 ], [ -107.025146679, 24.92838051 ], [ -107.02105288, 24.909908279999982 ], [ -107.00057543, 24.928241020000012 ], [ -106.93450765, 24.880535850000033 ], [ -106.927080259, 24.86662438 ], [ -106.951418109, 24.85902372 ], [ -106.94396112, 24.85152737 ], [ -106.94648782, 24.839753170000023 ], [ -106.93066257, 24.820916679999989 ], [ -106.91927678, 24.81395312 ], [ -106.90294888, 24.82838785 ], [ -106.86585288, 24.822955339999975 ], [ -106.79301072, 24.743910340000031 ], [ -106.70594837, 24.66526166 ], [ -106.6836086, 24.59853048 ], [ -106.64546066, 24.52897946 ], [ -106.622607, 24.52489668 ], [ -106.63006708, 24.50650314 ], [ -106.60999494, 24.497851279999963 ], [ -106.60036172, 24.483210819999989 ], [ -106.59365274, 24.49505874 ], [ -106.5600158, 24.472710619999983 ], [ -106.56927602, 24.43702058 ], [ -106.60158831, 24.414565850000038 ], [ -106.58346566, 24.39026992 ], [ -106.58595862, 24.37900031 ], [ -106.51709355, 24.286984259999986 ], [ -106.5090966, 24.291139309999952 ], [ -106.46965466, 24.27785695 ], [ -106.36754466, 24.3019408 ], [ -106.35262369, 24.31646815 ], [ -106.34614528, 24.34493398 ], [ -106.33632982, 24.355695319999988 ], [ -106.26886942, 24.374755289999989 ], [ -106.19440566, 24.35178511 ], [ -106.1699752, 24.33365018 ], [ -106.15253962, 24.338770369999967 ], [ -106.07453954, 24.26942209 ], [ -106.06994835, 24.220200579999986 ], [ -106.04388357, 24.22085035 ], [ -106.02855726, 24.18033229000001 ], [ -106.00321077, 24.146841030000015 ], [ -106.00404637, 24.120532799999989 ], [ -105.989724, 24.11439017 ], [ -106.00070931, 24.076056150000017 ], [ -106.00788345, 24.07250663 ], [ -105.99671725, 24.05422223 ], [ -105.99871974, 24.04338314 ], [ -105.97950585, 24.041962369999968 ], [ -105.95981088, 24.01740335 ], [ -105.94234294, 24.014317920000043 ], [ -105.928870370000013, 23.999288310000018 ], [ -105.91213585, 23.99753386 ], [ -105.90846158, 23.983426629999986 ], [ -105.94541506, 23.94802569 ], [ -105.8999194, 23.943921290000027 ], [ -105.88155351, 23.932819619999979 ], [ -105.85758795, 23.899296149999984 ], [ -105.86724132, 23.875242980000014 ], [ -105.95366198, 23.90858457999996 ], [ -105.96126557, 23.84074215 ], [ -105.93933023, 23.791430229999971 ], [ -105.9321746, 23.794696 ], [ -105.92878492, 23.78658189 ], [ -105.923062908, 23.747753772999989 ], [ -105.906093347, 23.739398853000015 ], [ -105.926633749, 23.684135663000017 ], [ -105.908905367, 23.588269552999964 ], [ -105.892655378, 23.552645281 ], [ -105.88431791, 23.59039386 ], [ -105.85359602, 23.59728760000003 ], [ -105.84518582, 23.583694829999988 ], [ -105.845516020000019, 23.60325554 ], [ -105.81164389, 23.611028550000018 ], [ -105.80664678, 23.58887302 ], [ -105.76930223, 23.55646531 ], [ -105.76912351, 23.541939340000024 ], [ -105.75686734, 23.524897260000049 ], [ -105.76033858, 23.502959289999971 ], [ -105.72344478, 23.47484014 ], [ -105.72465722, 23.46080923 ], [ -105.73886463, 23.445205510000019 ], [ -105.72840323, 23.439588400000027 ], [ -105.72833091, 23.428984459999977 ], [ -105.700288750000013, 23.42017058 ], [ -105.71207955, 23.392550479999979 ], [ -105.72241872, 23.386035679999974 ], [ -105.71733189, 23.378594780000014 ], [ -105.73068966, 23.374897289999964 ], [ -105.71224506, 23.36428137 ], [ -105.7151564, 23.35021777 ], [ -105.69400474, 23.340569220000027 ], [ -105.70217915, 23.33265065 ], [ -105.69233118, 23.31097482 ], [ -105.69947063, 23.30771912 ], [ -105.68738015, 23.307143820000025 ], [ -105.69397229, 23.30131222 ], [ -105.68708411, 23.28752002 ], [ -105.67264622, 23.28163689 ], [ -105.66370826, 23.287420149999985 ], [ -105.6432084, 23.27647909 ], [ -105.64684312, 23.2533658 ], [ -105.63918183, 23.245017380000018 ], [ -105.64234395, 23.238076020000012 ], [ -105.630317350000013, 23.235581089999975 ], [ -105.63574406, 23.214747349999961 ], [ -105.62971252, 23.202294519999988 ], [ -105.64071791, 23.185451179999983 ], [ -105.63303894, 23.173449 ], [ -105.63687588, 23.155915969999985 ], [ -105.64617926, 23.148890580000014 ], [ -105.62396957, 23.12238809 ], [ -105.60695992, 23.121788680000027 ], [ -105.59764086, 23.10914962 ], [ -105.58424809, 23.11286031 ], [ -105.57537674, 23.10496689 ], [ -105.56934277, 23.11005751 ], [ -105.55430908, 23.09888665999998 ], [ -105.53707398, 23.10454108 ], [ -105.531216290000017, 23.118061320000017 ], [ -105.50403375, 23.12772942 ], [ -105.45531918, 23.117335659999988 ], [ -105.42442738, 23.120292320000011 ], [ -105.40853302, 23.10320046 ], [ -105.39879552, 23.102210949999961 ], [ -105.39956762, 23.089746249999983 ], [ -105.39222, 23.08515748 ], [ -105.41299649, 23.074099199999974 ], [ -105.40895034, 23.02364082 ], [ -105.43259457, 23.023968800000031 ], [ -105.45331135, 22.977401800000028 ], [ -105.50126392, 22.95856005 ], [ -105.49865358, 22.93356115 ], [ -105.47121991, 22.883285950000047 ], [ -105.48420129, 22.858702969999985 ], [ -105.47458863, 22.851416019999988 ], [ -105.48719731, 22.839111169999978 ], [ -105.49496886, 22.810518890000012 ], [ -105.50240928, 22.809776780000028 ], [ -105.51990558, 22.772774 ], [ -105.52477223, 22.774769890000012 ], [ -105.51408223, 22.759328450000012 ], [ -105.52289346000002, 22.724334799999969 ], [ -105.49806385, 22.651390750000015 ], [ -105.46396311, 22.659238310000035 ], [ -105.46039094, 22.647549940000012 ], [ -105.47268062, 22.627185 ], [ -105.45045862, 22.62675548 ], [ -105.44811138, 22.61012282 ], [ -105.4559864, 22.598739090000016 ], [ -105.43693046, 22.5819074 ], [ -105.44129223, 22.525114061 ], [ -105.46644832, 22.505387879000036 ], [ -105.47834812, 22.50497715000002 ], [ -105.48379649, 22.51771282 ], [ -105.50317935, 22.527681860000012 ], [ -105.50956658, 22.51696270999998 ], [ -105.52193806, 22.52099528 ], [ -105.53359632, 22.51503123 ], [ -105.54167594, 22.536536879999989 ], [ -105.59828823, 22.53667114 ], [ -105.60047658, 22.558887800000015 ], [ -105.62203646, 22.571425520000023 ], [ -105.63094952, 22.592980149999967 ], [ -105.642158420000015, 22.59388865 ], [ -105.63921298, 22.576984580000051 ], [ -105.66056203, 22.586362980000022 ], [ -105.70007211, 22.56389823 ], [ -105.67523488, 22.50720038 ], [ -105.67264931, 22.47409498 ], [ -105.69247682, 22.46717694 ], [ -105.71411626, 22.47494606 ], [ -105.75021208, 22.53933608000002 ], [ -105.759619724000018, 22.537573646000023 ], [ -105.760494314, 22.550969 ], [ -105.768929749, 22.555991822999953 ], [ -105.773468084, 22.576458790000039 ], [ -105.80937415, 22.637049385 ], [ -105.874265111, 22.711379181 ], [ -105.95820522, 22.786102550000013 ], [ -106.026844447, 22.831392376999965 ], [ -106.034497301, 22.829658311999985 ], [ -106.181975856, 22.998558029 ], [ -106.34846772, 23.146477680000014 ], [ -106.403601898, 23.186066599 ], [ -106.42999042, 23.176578370000012 ], [ -106.42461746, 23.18598840000001 ], [ -106.430981226, 23.202938323 ], [ -106.421897232, 23.215911278000014 ], [ -106.453561126, 23.241423863 ], [ -106.4704348, 23.28079194 ], [ -106.493899132, 23.304030784000048 ], [ -106.48034035, 23.31454362 ], [ -106.485479189, 23.333760288000022 ], [ -106.543410243, 23.406655748000031 ], [ -106.626989108, 23.478153197 ], [ -106.627802289, 23.496804601999983 ], [ -106.682218183, 23.540984054999985 ], [ -106.695465288, 23.569658983 ], [ -106.76417478, 23.61322362 ], [ -106.810923258, 23.652739742 ], [ -106.804396634, 23.667584960999978 ], [ -106.79563122, 23.6700224 ], [ -106.798451551, 23.688472265999987 ], [ -106.84700385, 23.740091400000015 ], [ -106.844781, 23.755267220000036 ], [ -106.88176457, 23.79528475 ], [ -106.8909, 23.8388 ], [ -106.9483, 23.8945 ], [ -107.0558, 23.9897 ], [ -107.196213353, 24.093616699999973 ], [ -107.203105521, 24.101862082999983 ], [ -107.19560318, 24.103410018999966 ], [ -107.218995625, 24.121427868999987 ], [ -107.405210819, 24.23201394000003 ], [ -107.475009819, 24.292200291 ], [ -107.649449508, 24.40699551 ], [ -107.820581848, 24.500689901999987 ], [ -107.825246655, 24.507956200999956 ], [ -107.817068116, 24.516493708 ], [ -107.828455550000015, 24.52148378 ], [ -107.830901864000012, 24.539882516999988 ], [ -107.840792784, 24.550312510999955 ], [ -107.998067355, 24.652199307 ], [ -108.019282202, 24.682687833 ], [ -108.026211584, 24.736254864999982 ], [ -108.069463082, 24.779869287000015 ], [ -108.090789521, 24.816136037 ], [ -108.117995797, 24.828577460000034 ], [ -108.136490315, 24.872123375 ], [ -108.227836873, 25.018253814 ], [ -108.278457746, 25.069614794000028 ], [ -108.34229224, 25.111496736 ], [ -108.334372025, 25.124785189999987 ], [ -108.35745288, 25.169193831 ], [ -108.384624949, 25.187302510000016 ], [ -108.389014281, 25.18553846 ], [ -108.45028158, 25.256603599999949 ], [ -108.543989622, 25.304723293999984 ], [ -108.646912403, 25.342096945 ], [ -108.745375843, 25.361942132000024 ], [ -108.751538599, 25.368518326999986 ], [ -108.80147155500002, 25.373640588 ], [ -108.927753599, 25.424921171 ], [ -109.021030309, 25.438291918999973 ], [ -109.036397539, 25.462179950000021 ], [ -109.080679905, 25.492746637 ], [ -109.08701403, 25.511330227999974 ], [ -109.11922312, 25.544999311 ], [ -109.161744704, 25.561768461 ], [ -109.186719526, 25.598830946000014 ], [ -109.228055523, 25.626784854 ], [ -109.297887945, 25.645392238999975 ], [ -109.397104874, 25.63849726700003 ], [ -109.3905, 25.669600002 ], [ -109.39970663, 25.68539791 ], [ -109.411602213, 25.758917004 ], [ -109.432276872000017, 25.805945483 ], [ -109.421561428, 25.870730357 ], [ -109.443851387, 25.959405239 ], [ -109.406642693, 26.058835614 ], [ -109.310287549, 26.20249469 ], [ -109.287918772, 26.278135782000039 ], [ -109.25189163, 26.312178261 ], [ -109.25832414, 26.319928431000012 ], [ -109.246787909, 26.316035179999979 ], [ -109.210111689, 26.34317002 ], [ -109.193129849, 26.340934860000015 ], [ -109.164943139, 26.306847341 ], [ -109.125238219, 26.297014341000018 ], [ -109.096680349, 26.312124451999971 ], [ -109.07421423, 26.353530051 ], [ -109.006443489, 26.40236989100001 ], [ -108.93652231, 26.390180260000012 ], [ -108.91011502, 26.421714520000013 ], [ -108.88139245, 26.406252479999988 ], [ -108.86033955, 26.432770149999975 ], [ -108.87610763, 26.44757643 ], [ -108.83776202, 26.47252331 ], [ -108.84747992, 26.487217450000017 ], [ -108.85674002, 26.480515140000016 ], [ -108.91466995, 26.479540019999988 ], [ -108.89131754, 26.48959531000002 ], [ -108.87315215, 26.551071429999961 ], [ -108.80642285, 26.570603649999988 ], [ -108.78772372, 26.565255749999981 ], [ -108.77708914, 26.57092606 ], [ -108.77659034, 26.58010949 ], [ -108.73429289, 26.59356809000003 ], [ -108.67883074, 26.587015090000026 ], [ -108.678987910000018, 26.642889450000013 ], [ -108.65768057, 26.669129180000013 ], [ -108.63036635, 26.676573449999971 ], [ -108.63599431, 26.69051535 ], [ -108.628385, 26.71838712 ], [ -108.60102395, 26.72722251 ], [ -108.59418889, 26.75917343 ], [ -108.57832948, 26.762777089999989 ], [ -108.58084943, 26.789576580000041 ], [ -108.57520455, 26.79321657 ], [ -108.56477008, 26.778483289999972 ], [ -108.5540338, 26.77985698 ], [ -108.53691209, 26.79842871 ], [ -108.5553524, 26.811584079999967 ], [ -108.55704314, 26.82375332 ], [ -108.53512992, 26.8409752 ], [ -108.52205835, 26.879677649999984 ], [ -108.46697768, 26.970701849999987 ], [ -108.424270830000012, 26.97622983 ], [ -108.50248612, 26.98735703000003 ], [ -108.50443854, 27.007183880000014 ], [ -108.48417188, 27.017438939999984 ], [ -108.49173488, 27.0313802 ], [ -108.47551446, 27.03994519999998 ] ] ] ] } },
{ "type": "Feature", "properties": { "cvegeo": "26", "cve_ent": "26", "nomgeo": "Sonora", "nom_abrev": "Son." }, "geometry": { "type": "MultiPolygon", "coordinates": [ [ [ [ -110.590799252, 27.408267575999989 ], [ -110.60270637, 27.361592632 ], [ -110.582642754, 27.346141353000018 ], [ -110.585320811, 27.338141574999987 ], [ -110.577285968, 27.332539001 ], [ -110.585404476, 27.321898345000015 ], [ -110.571279033, 27.311578610999984 ], [ -110.531923822, 27.302685321000013 ], [ -110.534256358, 27.288271851 ], [ -110.582695503, 27.303576278000019 ], [ -110.601723952, 27.318701365999981 ], [ -110.606102413, 27.346835868999982 ], [ -110.595142172, 27.416626528 ], [ -110.590799252, 27.408267575999989 ] ] ], [ [ [ -110.950745938, 27.86766856 ], [ -110.95124749, 27.867508791 ], [ -110.950888122, 27.868299252 ], [ -110.950745938, 27.86766856 ] ] ], [ [ [ -110.85960109, 27.880842110000025 ], [ -110.863937620000016, 27.8746924 ], [ -110.86596643, 27.87464852 ], [ -110.85960109, 27.880842110000025 ] ] ], [ [ [ -110.952751727, 27.875763512 ], [ -110.953333795, 27.87552012 ], [ -110.952382389, 27.876805756000028 ], [ -110.952751727, 27.875763512 ] ] ], [ [ [ -110.955309892, 27.884949580000015 ], [ -110.955283264, 27.884385896 ], [ -110.95605308, 27.884335931999964 ], [ -110.955309892, 27.884949580000015 ] ] ], [ [ [ -110.83307295, 27.900880059999984 ], [ -110.84140454, 27.887763739999976 ], [ -110.847049, 27.88713754 ], [ -110.84818342, 27.888523739999972 ], [ -110.84861497, 27.891240370000013 ], [ -110.83307295, 27.900880059999984 ] ] ], [ [ [ -110.90129466, 27.89943203 ], [ -110.90033218, 27.898949720000019 ], [ -110.90106665, 27.898782350000015 ], [ -110.90129466, 27.89943203 ] ] ], [ [ [ -110.89838163, 27.900910310000018 ], [ -110.899141399, 27.900537250000028 ], [ -110.89908283, 27.901061830000017 ], [ -110.89838163, 27.900910310000018 ] ] ], [ [ [ -110.879110430000011, 27.9089098 ], [ -110.88189426, 27.909840830000011 ], [ -110.87934886, 27.91096971 ], [ -110.879110430000011, 27.9089098 ] ] ], [ [ [ -110.87476731, 27.911427520000025 ], [ -110.87034614, 27.90892880000003 ], [ -110.87498111, 27.90662066 ], [ -110.87476731, 27.911427520000025 ] ] ], [ [ [ -110.96910538, 27.909684110000018 ], [ -110.97027345, 27.908583740000012 ], [ -110.97092438, 27.90924425 ], [ -110.96910538, 27.909684110000018 ] ] ], [ [ [ -110.991859684, 27.925959859999981 ], [ -110.991114522, 27.925502564 ], [ -110.992394846, 27.925738154999987 ], [ -110.991859684, 27.925959859999981 ] ] ], [ [ [ -111.05915492, 27.93079612 ], [ -111.05964778, 27.9296776 ], [ -111.05975726, 27.93093574 ], [ -111.05915492, 27.93079612 ] ] ], [ [ [ -110.993007061, 27.93457114 ], [ -110.98999317, 27.93492314 ], [ -110.99067592, 27.93296251 ], [ -110.993007061, 27.93457114 ] ] ], [ [ [ -111.05076535, 27.935824510000032 ], [ -111.05178226, 27.93560003 ], [ -111.05160322, 27.936455309999982 ], [ -111.05076535, 27.935824510000032 ] ] ], [ [ [ -111.050890650000014, 27.940196340000032 ], [ -111.05210788, 27.939759370000033 ], [ -111.05226146, 27.941600780000041 ], [ -111.050890650000014, 27.940196340000032 ] ] ], [ [ [ -111.02920942, 27.953048319999976 ], [ -111.02913442, 27.948526490000017 ], [ -111.03208892, 27.947053260000022 ], [ -111.02920942, 27.953048319999976 ] ] ], [ [ [ -111.119126850000015, 27.95825362000005 ], [ -111.12480482, 27.952745740000058 ], [ -111.11915566, 27.959594400000015 ], [ -111.119126850000015, 27.95825362000005 ] ] ], [ [ [ -111.39007734, 27.985104150000016 ], [ -111.369074290000015, 27.961590430000044 ], [ -111.367433120000015, 27.95254985 ], [ -111.38180212, 27.960539259999976 ], [ -111.39007734, 27.985104150000016 ] ] ], [ [ [ -112.298242945, 28.735210036999987 ], [ -112.283038772, 28.714516794 ], [ -112.286191276, 28.709341967000022 ], [ -112.298242945, 28.735210036999987 ] ] ], [ [ [ -112.553402338, 28.730713011 ], [ -112.54210536, 28.71147127 ], [ -112.553885172, 28.671973343000037 ], [ -112.605680018, 28.667674251999976 ], [ -112.601322495, 28.676884349000023 ], [ -112.613054306, 28.705175688000018 ], [ -112.6121546, 28.726562522000012 ], [ -112.553402338, 28.730713011 ] ] ], [ [ [ -111.963676400000011, 28.81596005 ], [ -111.97354768, 28.809079819999983 ], [ -111.96561983, 28.81670198 ], [ -111.963676400000011, 28.81596005 ] ] ], [ [ [ -112.31725362, 29.22041515 ], [ -112.284702593, 29.23138744 ], [ -112.292299024, 29.225414993 ], [ -112.286677545, 29.223332963999969 ], [ -112.295297143000013, 29.221857698 ], [ -112.280770534, 29.217586566 ], [ -112.28149627, 29.222351436999972 ], [ -112.280056696000017, 29.218086253 ], [ -112.282216056, 29.213618815 ], [ -112.279408293, 29.206474483000019 ], [ -112.261199904, 29.192756415999966 ], [ -112.270451249, 29.185827426 ], [ -112.263479428, 29.17845585600001 ], [ -112.274691448000013, 29.165459239999951 ], [ -112.274320252, 29.137205519999988 ], [ -112.231989641, 29.092238466 ], [ -112.222386136, 29.060663018000017 ], [ -112.194751077, 29.021049751 ], [ -112.1947669, 29.006265544999977 ], [ -112.197366937, 29.008741989 ], [ -112.199851094, 29.008385069999971 ], [ -112.194554414, 29.005496404 ], [ -112.211529488, 28.99284719000001 ], [ -112.216526713, 28.960535308 ], [ -112.196996048, 28.978273892000015 ], [ -112.188872568, 28.976679653 ], [ -112.214594542, 28.956711217 ], [ -112.229723155000016, 28.903849111 ], [ -112.2418822, 28.890428950999983 ], [ -112.23949798, 28.871378986000018 ], [ -112.257096474, 28.857616183999966 ], [ -112.257472429, 28.84300153400002 ], [ -112.274890083, 28.816499097999987 ], [ -112.273214943, 28.783434107000012 ], [ -112.252761096000015, 28.767241874999986 ], [ -112.281214691, 28.767774874 ], [ -112.310201285, 28.746797546 ], [ -112.328425425, 28.76345124200002 ], [ -112.347776392, 28.766062701 ], [ -112.35957257, 28.759721437 ], [ -112.364860922, 28.773891128 ], [ -112.383664612, 28.775961259000031 ], [ -112.407126098, 28.799446539 ], [ -112.461710933, 28.802670708000022 ], [ -112.47205564, 28.821504142000023 ], [ -112.493934784, 28.82258084799998 ], [ -112.501927394, 28.837056298999975 ], [ -112.547667654, 28.856429810000041 ], [ -112.554883369, 28.867940452 ], [ -112.572782864, 28.867928554999985 ], [ -112.584251866, 28.876667125 ], [ -112.517323577, 28.915488032000034 ], [ -112.489847359, 28.949164203999977 ], [ -112.490218555, 28.982904961000028 ], [ -112.50641625, 29.013939289999986 ], [ -112.500604391, 29.05019268400001 ], [ -112.505934384, 29.063041773 ], [ -112.494027561, 29.073654168999987 ], [ -112.477771083, 29.167433487 ], [ -112.456826854, 29.19452244999998 ], [ -112.43554014, 29.200055220000014 ], [ -112.42582238, 29.18920528 ], [ -112.409126750000013, 29.18597345 ], [ -112.35997951, 29.22022822 ], [ -112.31725362, 29.22041515 ] ] ], [ [ [ -114.679724583, 31.756989412000014 ], [ -114.624882445, 31.757557566 ], [ -114.595721372000014, 31.747252476 ], [ -114.603987394, 31.732693941 ], [ -114.619337448, 31.72846231700002 ], [ -114.679724583, 31.756989412000014 ] ] ], [ [ [ -114.882589150000015, 32.49214965 ], [ -114.849077539999982, 32.473423429999968 ], [ -114.816655339, 32.482328060999976 ], [ -114.813572769999979, 32.493913169999956 ], [ -114.78346077, 32.48560589 ], [ -113.21020518, 31.999977450000028 ], [ -111.07500202, 31.332569460000013 ], [ -108.75591614, 31.332419019999961 ], [ -108.81723143, 31.239005660000018 ], [ -108.87981248, 31.238785940000017 ], [ -108.89832615, 31.22523840000002 ], [ -108.90664749, 31.20805091999998 ], [ -108.90033231, 31.202452120000032 ], [ -108.86068718, 31.2189272 ], [ -108.848331969, 31.195107580000013 ], [ -108.80502466, 31.19295554 ], [ -108.83501235, 31.169334709999987 ], [ -108.84564006, 31.13557622 ], [ -108.769996859, 31.10247183 ], [ -108.76615652, 31.073628180000028 ], [ -108.72989914, 31.05215418000002 ], [ -108.75246602, 31.03384751 ], [ -108.68438668, 31.03373954 ], [ -108.68380745, 31.00597332 ], [ -108.80325546, 31.00482926 ], [ -108.80239257, 30.904101 ], [ -108.93924274, 30.907565169999987 ], [ -108.92984925, 30.861020920000016 ], [ -108.9354568, 30.77363126 ], [ -108.94830245, 30.736911279999973 ], [ -108.91896837, 30.73935366000002 ], [ -108.88691946, 30.719286540000031 ], [ -108.86692525, 30.689386630000012 ], [ -108.87646528, 30.624574319999986 ], [ -108.83064743, 30.601733020000033 ], [ -108.76201975, 30.587271970000028 ], [ -108.756541721, 30.59607572 ], [ -108.72666566, 30.59454808 ], [ -108.72743949, 30.58047691 ], [ -108.68739831, 30.554764769999988 ], [ -108.6777922, 30.557072720000019 ], [ -108.67409, 30.53229149 ], [ -108.66197291, 30.52194189 ], [ -108.65711651, 30.47031675 ], [ -108.664771880000018, 30.468151650000024 ], [ -108.60384323, 30.465113 ], [ -108.61355868, 30.43571638 ], [ -108.648652250000012, 30.416864720000014 ], [ -108.61983989, 30.374796379999978 ], [ -108.62205649, 30.34031817 ], [ -108.58000597, 30.33748211 ], [ -108.56577377, 30.308186379999988 ], [ -108.542199021, 30.283512170000012 ], [ -108.55054666, 30.26664218000003 ], [ -108.62021763, 30.298229720000013 ], [ -108.61165574, 30.10234943 ], [ -108.61822289, 30.089452540000032 ], [ -108.60692209, 30.028617919999988 ], [ -108.61549958, 29.96587243 ], [ -108.62870897, 29.9530344 ], [ -108.61486306, 29.895125260000018 ], [ -108.62169071, 29.878209489999985 ], [ -108.60719926, 29.84714006 ], [ -108.63571774, 29.82968448 ], [ -108.62944418, 29.806273850000018 ], [ -108.6185596, 29.800466 ], [ -108.54125877, 29.79613785 ], [ -108.53496428, 29.75136451 ], [ -108.54077557, 29.73622796999997 ], [ -108.59275131, 29.72839149 ], [ -108.59253438, 29.717645719999989 ], [ -108.65909895, 29.7161274 ], [ -108.61828003, 29.660525450000044 ], [ -108.654987920000011, 29.64943289 ], [ -108.64465715, 29.62754922 ], [ -108.64113712, 29.58888566 ], [ -108.65950508, 29.584040680000015 ], [ -108.638324200000014, 29.558318830000019 ], [ -108.66230914, 29.544481660000027 ], [ -108.64871266, 29.509101029999989 ], [ -108.62515538000001, 29.50103129 ], [ -108.64398632000001, 29.48883951 ], [ -108.689606461000011, 29.48400042 ], [ -108.69433192000001, 29.4671142 ], [ -108.71775386, 29.465953830000014 ], [ -108.66973292, 29.307416920000041 ], [ -108.68220857, 29.267429820000032 ], [ -108.730302400000014, 29.269093620000046 ], [ -108.73066709, 29.26340278 ], [ -108.76188763, 29.253883580000021 ], [ -108.74124455, 29.240427 ], [ -108.74282837, 29.225864350000037 ], [ -108.73540834, 29.21771269000001 ], [ -108.739829951000019, 29.200820319999984 ], [ -108.75386949, 29.20009806 ], [ -108.74529691, 29.162342739999985 ], [ -108.72885354, 29.17180114000001 ], [ -108.6985282, 29.127739569999989 ], [ -108.729589520000019, 29.096532689999975 ], [ -108.72747149, 29.0857612 ], [ -108.70943818, 29.08300332 ], [ -108.71310712, 29.07036734 ], [ -108.72435312, 29.069897 ], [ -108.69814537, 28.93626566 ], [ -108.709797720000012, 28.88951546 ], [ -108.67817623, 28.86327588 ], [ -108.681200520000019, 28.85477117 ], [ -108.65784955, 28.80922449 ], [ -108.62962509, 28.811722350000011 ], [ -108.62381738, 28.806123 ], [ -108.63632843, 28.79188277 ], [ -108.645556750000011, 28.79472709000002 ], [ -108.64329442, 28.76506755 ], [ -108.62523375, 28.75933654 ], [ -108.6207434, 28.750327509999977 ], [ -108.5837852, 28.740139380000031 ], [ -108.5801512, 28.632446339999987 ], [ -108.56439637, 28.612709650000021 ], [ -108.5613618, 28.591173509999987 ], [ -108.531286850000015, 28.556668579999982 ], [ -108.52328665, 28.50591035 ], [ -108.50767171, 28.50821591 ], [ -108.50479518, 28.49335728999996 ], [ -108.52038878, 28.459758820000026 ], [ -108.50414122, 28.45443928 ], [ -108.515541400000018, 28.42628432 ], [ -108.47970102, 28.369551060000013 ], [ -108.5013654, 28.355729260000022 ], [ -108.521651, 28.365060630000013 ], [ -108.51963772, 28.33476218 ], [ -108.550927851, 28.31805545 ], [ -108.60350743, 28.347561909999978 ], [ -108.61116729, 28.33525682 ], [ -108.63618094, 28.33522802 ], [ -108.64129314, 28.291608649999986 ], [ -108.65583229, 28.30180695 ], [ -108.66193388, 28.295475109999977 ], [ -108.68722511, 28.30346249 ], [ -108.750983880000021, 28.271569349999986 ], [ -108.79668451, 28.267163450000027 ], [ -108.79166318, 28.253617059999982 ], [ -108.83042295, 28.265049280000021 ], [ -108.84199691, 28.253257370000014 ], [ -108.85138326, 28.259483 ], [ -108.85608857, 28.251538289999981 ], [ -108.88066334, 28.26472643 ], [ -108.9126754, 28.26000124999997 ], [ -108.92201445, 28.25149178 ], [ -108.92881614, 28.259555909999985 ], [ -108.96726111, 28.26499975 ], [ -108.98355891, 28.27696471000003 ], [ -108.98291357, 28.287068659999989 ], [ -108.993974380000012, 28.297959660000018 ], [ -108.99554509, 28.28638697 ], [ -108.98705477, 28.27783268 ], [ -108.98830878, 28.26254071 ], [ -108.99744377, 28.25505454 ], [ -109.022777, 28.277531940000017 ], [ -109.04068195, 28.266990020000037 ], [ -109.04576474, 28.28116165 ], [ -109.05188326, 28.27642463 ], [ -109.0686964, 28.28613885 ], [ -109.05843618, 28.26726886 ], [ -109.07488617, 28.272609419999977 ], [ -109.06199011, 28.19920194 ], [ -109.0728942, 28.148572349999984 ], [ -109.04894792, 28.092650349999989 ], [ -109.03189962, 28.018288030000022 ], [ -108.99168494, 27.979980890000011 ], [ -108.9637054, 27.97252402 ], [ -108.95031378, 27.954039539999989 ], [ -108.92651103, 27.94059423 ], [ -108.91486798, 27.85400523 ], [ -108.86914022, 27.839286339999976 ], [ -108.88608172, 27.81367003 ], [ -108.91046414, 27.80913575 ], [ -108.92029422, 27.78397306 ], [ -108.89551565, 27.744807090000045 ], [ -108.83296378, 27.744349570000029 ], [ -108.81700366, 27.73216608 ], [ -108.80738435, 27.73799075 ], [ -108.79927569, 27.7230284 ], [ -108.78449463, 27.73046525 ], [ -108.78444694, 27.71490686 ], [ -108.76602478, 27.705833569999985 ], [ -108.77278677, 27.69650148 ], [ -108.74931378, 27.66473082 ], [ -108.75419938, 27.63673343 ], [ -108.73985238, 27.59995458 ], [ -108.72295809000002, 27.588147740000025 ], [ -108.71280771, 27.56624648 ], [ -108.65527706, 27.54379743 ], [ -108.65240535, 27.537032909999976 ], [ -108.65302291, 27.469031630000018 ], [ -108.6616484, 27.464744350000014 ], [ -108.63341769, 27.42813648 ], [ -108.6291252, 27.382920599999977 ], [ -108.59104512, 27.31808048 ], [ -108.625590630000019, 27.28924586 ], [ -108.66437549, 27.23939582999995 ], [ -108.65808851, 27.23165222 ], [ -108.66257808, 27.219542919999984 ], [ -108.64751891, 27.18670085 ], [ -108.653220550000015, 27.176054600000043 ], [ -108.64432015, 27.17881115 ], [ -108.61142671, 27.15414475 ], [ -108.59695618, 27.07689964999998 ], [ -108.60618897, 27.06358502 ], [ -108.60227605, 27.03694328 ], [ -108.56253528, 27.046018939999982 ], [ -108.57224742, 27.012655830000046 ], [ -108.55176343, 26.997145290000013 ], [ -108.424270830000012, 26.97622983 ], [ -108.46697768, 26.970701849999987 ], [ -108.52205835, 26.879677649999984 ], [ -108.53512992, 26.8409752 ], [ -108.55704314, 26.82375332 ], [ -108.5553524, 26.811584079999967 ], [ -108.53691209, 26.79842871 ], [ -108.5540338, 26.77985698 ], [ -108.56477008, 26.778483289999972 ], [ -108.57520455, 26.79321657 ], [ -108.58084943, 26.789576580000041 ], [ -108.57832948, 26.762777089999989 ], [ -108.59418889, 26.75917343 ], [ -108.60102395, 26.72722251 ], [ -108.628385, 26.71838712 ], [ -108.63599431, 26.69051535 ], [ -108.63036635, 26.676573449999971 ], [ -108.65768057, 26.669129180000013 ], [ -108.678987910000018, 26.642889450000013 ], [ -108.67883074, 26.587015090000026 ], [ -108.73429289, 26.59356809000003 ], [ -108.77659034, 26.58010949 ], [ -108.77708914, 26.57092606 ], [ -108.78772372, 26.565255749999981 ], [ -108.80642285, 26.570603649999988 ], [ -108.87315215, 26.551071429999961 ], [ -108.89131754, 26.48959531000002 ], [ -108.91466995, 26.479540019999988 ], [ -108.85674002, 26.480515140000016 ], [ -108.84747992, 26.487217450000017 ], [ -108.83776202, 26.47252331 ], [ -108.87610763, 26.44757643 ], [ -108.86033955, 26.432770149999975 ], [ -108.88139245, 26.406252479999988 ], [ -108.91011502, 26.421714520000013 ], [ -108.93652231, 26.390180260000012 ], [ -109.006443489, 26.40236989100001 ], [ -109.07421423, 26.353530051 ], [ -109.096680349, 26.312124451999971 ], [ -109.125238219, 26.297014341000018 ], [ -109.164943139, 26.306847341 ], [ -109.202537739, 26.344452551 ], [ -109.246787909, 26.316035179999979 ], [ -109.26000797, 26.31970218 ], [ -109.25202943, 26.412233459999989 ], [ -109.267788433, 26.501231538 ], [ -109.309371894, 26.564591826 ], [ -109.358246023, 26.599151117 ], [ -109.403231488, 26.653621209 ], [ -109.43725778, 26.670620078 ], [ -109.48454005, 26.68216938700002 ], [ -109.430017369000012, 26.671246472000018 ], [ -109.431048865, 26.68975273 ], [ -109.441645795, 26.694467632 ], [ -109.432537218, 26.718923732 ], [ -109.471458538, 26.716895717 ], [ -109.483089343, 26.74426546699997 ], [ -109.500057637, 26.735747473 ], [ -109.508195393, 26.721899010000051 ], [ -109.513025104, 26.754787325000031 ], [ -109.52812040500001, 26.759132221 ], [ -109.556075978, 26.716960676000024 ], [ -109.539607729, 26.704589859 ], [ -109.528111363, 26.711874579 ], [ -109.508684253, 26.704618412 ], [ -109.54225012, 26.693682409 ], [ -109.509143489, 26.677108274 ], [ -109.493629515, 26.67845693400001 ], [ -109.496365784, 26.670169765 ], [ -109.555121814, 26.688187043999982 ], [ -109.623846597, 26.695481877000017 ], [ -109.656245968, 26.691370949999985 ], [ -109.669241657, 26.673412634 ], [ -109.767475325, 26.706239678000028 ], [ -109.820128394, 26.751633973 ], [ -109.85100428, 26.792503595999982 ], [ -109.890250316, 26.922511793 ], [ -109.944186426, 26.992052777000012 ], [ -109.94167085, 27.017963630000018 ], [ -109.96720712, 27.05418032 ], [ -110.021228964, 27.077954583 ], [ -110.045134517, 27.084376474 ], [ -110.056505262, 27.078223018 ], [ -110.103807361, 27.10833827 ], [ -110.30666565, 27.155372429999971 ], [ -110.337950406, 27.175940808000021 ], [ -110.432370242, 27.267979682999989 ], [ -110.475847627, 27.285546952 ], [ -110.524431461, 27.293672811 ], [ -110.521521381, 27.299646448000029 ], [ -110.50404397600002, 27.300331221 ], [ -110.462779627, 27.293346824999972 ], [ -110.443615448, 27.30242714600001 ], [ -110.458509684, 27.312867031 ], [ -110.474759914, 27.312042863 ], [ -110.474488954, 27.318520630000037 ], [ -110.466836608, 27.31622564 ], [ -110.464698662, 27.316575421 ], [ -110.472308178, 27.321240354 ], [ -110.463076975, 27.324723145000018 ], [ -110.460990272, 27.329267466000015 ], [ -110.481666598000018, 27.325866026 ], [ -110.474603168, 27.348048551 ], [ -110.480174676, 27.374646167 ], [ -110.503877677, 27.387227566999957 ], [ -110.525846051, 27.374032266 ], [ -110.536527451, 27.372680732 ], [ -110.524976307, 27.375041444 ], [ -110.530510389, 27.377680574 ], [ -110.525754442, 27.390770583999956 ], [ -110.513393142, 27.391698573999989 ], [ -110.509059548, 27.400550168999981 ], [ -110.523366898, 27.398340521000016 ], [ -110.511201063, 27.412307681 ], [ -110.522461863, 27.404943249 ], [ -110.524821221, 27.407893073000015 ], [ -110.526245206, 27.416073178000026 ], [ -110.527217809, 27.416076151999981 ], [ -110.527318937, 27.396731133999989 ], [ -110.531375918, 27.397688867 ], [ -110.527607447, 27.398372961999975 ], [ -110.529737065, 27.404232385 ], [ -110.531248022, 27.404297820000025 ], [ -110.534992368000019, 27.397297484999982 ], [ -110.536710198, 27.402384026000014 ], [ -110.543157225, 27.403652391 ], [ -110.547431331, 27.392599795 ], [ -110.556467335, 27.395428378999988 ], [ -110.559638276, 27.410825391000017 ], [ -110.540779697, 27.412338721000026 ], [ -110.547559227, 27.414243967 ], [ -110.535703563, 27.420992712999979 ], [ -110.552443071, 27.417268857 ], [ -110.539186649, 27.431958719999976 ], [ -110.547557253, 27.434274978000026 ], [ -110.558314391, 27.419306269999986 ], [ -110.563394141, 27.428171526999961 ], [ -110.555612885000016, 27.440924268 ], [ -110.573166367, 27.439324576 ], [ -110.572687501, 27.450674605 ], [ -110.559579645, 27.456697615999985 ], [ -110.543405259, 27.451314086000018 ], [ -110.537114559, 27.457292481000032 ], [ -110.58253371, 27.45619733400002 ], [ -110.590455531, 27.441711473000026 ], [ -110.5884964, 27.528118650000035 ], [ -110.617704312, 27.596289582000029 ], [ -110.623241678, 27.61875410899998 ], [ -110.615678561, 27.620167508999963 ], [ -110.623609305, 27.622344716 ], [ -110.614631285, 27.661915973000013 ], [ -110.6104, 27.6536 ], [ -110.6069, 27.66 ], [ -110.60894303500001, 27.683486133999988 ], [ -110.60497885300002, 27.704082748999987 ], [ -110.605773594, 27.671503169000022 ], [ -110.600902964, 27.700541492999974 ], [ -110.613314163, 27.773000078 ], [ -110.615808488, 27.798260777 ], [ -110.614789436, 27.810257519999951 ], [ -110.61231828, 27.815380983 ], [ -110.611257989, 27.815687211 ], [ -110.61436975, 27.795650750000021 ], [ -110.586231784, 27.832301704999981 ], [ -110.590966364, 27.84230182 ], [ -110.58895084, 27.845647596000013 ], [ -110.580280284, 27.833272753000013 ], [ -110.567498305, 27.84109873800001 ], [ -110.558509258, 27.83182996 ], [ -110.548227233, 27.832506755000011 ], [ -110.544452879, 27.842511054 ], [ -110.52360361300002, 27.837773839 ], [ -110.519491754000015, 27.842969212000021 ], [ -110.52646771, 27.850803020000019 ], [ -110.578420168, 27.882425745999988 ], [ -110.61069072, 27.888384200000051 ], [ -110.631862454, 27.882454107 ], [ -110.642978735, 27.88836580000002 ], [ -110.639926928, 27.898767202 ], [ -110.648768613000016, 27.903751705000026 ], [ -110.665360328, 27.895258037 ], [ -110.648684425, 27.89223833 ], [ -110.609066399, 27.857950296999974 ], [ -110.65722669, 27.889876715000025 ], [ -110.680134316, 27.889832907000013 ], [ -110.727006443, 27.90835816500001 ], [ -110.795784518, 27.918940895 ], [ -110.85324379, 27.912266543000023 ], [ -110.854452985, 27.91804219600002 ], [ -110.842548202, 27.913678981000032 ], [ -110.799589686, 27.921304546000016 ], [ -110.812146306000017, 27.923254488000012 ], [ -110.82888718, 27.954325399999988 ], [ -110.854062314, 27.946840013999989 ], [ -110.860862524, 27.937938613999982 ], [ -110.852304673, 27.936295199 ], [ -110.86135254, 27.936397570000029 ], [ -110.866245181, 27.91569632199997 ], [ -110.886581926000019, 27.923416535000019 ], [ -110.906884544, 27.897705368000011 ], [ -110.906739679, 27.89272311 ], [ -110.8957514, 27.893809619999974 ], [ -110.88597625, 27.905585310999971 ], [ -110.879515459, 27.901883381000015 ], [ -110.884501111, 27.896327823 ], [ -110.86535422, 27.903214 ], [ -110.855660607, 27.89975010099997 ], [ -110.8669822, 27.895336379 ], [ -110.858780509, 27.895689230000016 ], [ -110.870859459, 27.88411818099998 ], [ -110.864042979, 27.884744861000016 ], [ -110.869282032, 27.879925522000022 ], [ -110.863978313, 27.878078211 ], [ -110.870595316000021, 27.875796548000014 ], [ -110.870756939, 27.865492747000015 ], [ -110.881237544, 27.863665767 ], [ -110.875833777, 27.851291899000028 ], [ -110.889871142, 27.839455737999977 ], [ -110.888716019, 27.849585486999985 ], [ -110.903093492000011, 27.855752962 ], [ -110.903599523, 27.867005602 ], [ -110.926026982, 27.867661165 ], [ -110.924720932000014, 27.876256666000025 ], [ -110.932906622, 27.881441791999968 ], [ -110.950433125000018, 27.868264195999952 ], [ -110.948969018000014, 27.888903901999971 ], [ -110.966571579, 27.90524228 ], [ -110.947443114, 27.91154338599997 ], [ -110.946888132, 27.921854355000015 ], [ -110.951062906, 27.927834506 ], [ -110.969961859, 27.927416946 ], [ -110.984527252, 27.958643947 ], [ -111.025303705, 27.962483058 ], [ -111.049817398000016, 27.950001893999985 ], [ -111.048804288000014, 27.94049834 ], [ -111.050772749, 27.942725142 ], [ -111.054983961, 27.941805424 ], [ -111.057856916, 27.937535034 ], [ -111.053688363, 27.948539471000014 ], [ -111.065409188, 27.952914994000022 ], [ -111.060058422, 27.927316386999976 ], [ -111.066196502, 27.940600703000012 ], [ -111.105716104, 27.936063589 ], [ -111.104067202, 27.944746041 ], [ -111.093909364, 27.944449463000026 ], [ -111.091288945000016, 27.945137104 ], [ -111.090754166, 27.946703960000015 ], [ -111.099414621, 27.961302817000018 ], [ -111.113236887, 27.966095504 ], [ -111.116916168, 27.960480922 ], [ -111.122931392, 27.978861510000016 ], [ -111.131594079, 27.974754553 ], [ -111.137850998000019, 27.98487688500003 ], [ -111.173769109, 27.991514767999973 ], [ -111.18869059, 28.02064986500001 ], [ -111.21172068, 28.041712139 ], [ -111.242085886, 28.049693769000015 ], [ -111.243011021, 28.058080179000015 ], [ -111.255251377, 28.054439353 ], [ -111.252089074, 28.063530798 ], [ -111.277371275, 28.081112635 ], [ -111.273167006, 28.089932821 ], [ -111.282282799, 28.090445626999959 ], [ -111.293682729, 28.130942249000046 ], [ -111.314589037, 28.14015705700001 ], [ -111.311241318, 28.145850286 ], [ -111.33074294, 28.157971362000012 ], [ -111.3326508, 28.190931343999985 ], [ -111.343678427, 28.209307320000015 ], [ -111.358730684, 28.219429545000022 ], [ -111.3771106, 28.218802519999986 ], [ -111.373401465, 28.234073971 ], [ -111.388717546, 28.249105819 ], [ -111.390420522, 28.270816492000026 ], [ -111.408422533, 28.273061522000013 ], [ -111.41368772, 28.285543969999967 ], [ -111.425360779, 28.286725354 ], [ -111.457272847, 28.315956044999986 ], [ -111.452966091, 28.325233352 ], [ -111.462142905, 28.34126273 ], [ -111.456820067, 28.354381297 ], [ -111.46859129, 28.37194494 ], [ -111.5050196, 28.392632170000041 ], [ -111.58191683, 28.415105399999984 ], [ -111.64451369, 28.443526260000024 ], [ -111.710025357, 28.456870351 ], [ -111.71573231, 28.494612539999977 ], [ -111.73723448, 28.52185338 ], [ -111.77442405, 28.607132780000015 ], [ -111.908185151, 28.702432847 ], [ -111.95219898, 28.7590995 ], [ -111.921522846, 28.766633599000027 ], [ -111.900568526, 28.787117097000014 ], [ -111.899674851, 28.784446579000026 ], [ -111.904798591, 28.78081059199997 ], [ -111.905459975, 28.777901229 ], [ -111.898790681, 28.782496766 ], [ -111.890719078, 28.773851322 ], [ -111.888541932, 28.759633739000034 ], [ -111.876473368, 28.743820395000014 ], [ -111.878288428, 28.749494403 ], [ -111.872631651, 28.746906277000026 ], [ -111.85399756, 28.76012130299998 ], [ -111.864905803, 28.779455778 ], [ -111.844233479, 28.792203286000017 ], [ -111.844269131000019, 28.803928645 ], [ -111.863070728, 28.793061158000015 ], [ -111.858646914, 28.796276649999989 ], [ -111.889248179, 28.793394428 ], [ -111.882771407, 28.799520680999976 ], [ -111.882688219, 28.80771883100002 ], [ -111.882061339, 28.809007461999983 ], [ -111.880846201, 28.810137278999985 ], [ -111.877941161, 28.801183273000021 ], [ -111.874796658, 28.801601911 ], [ -111.87357023, 28.81084900599997 ], [ -111.889463874, 28.815962671000033 ], [ -111.886679456, 28.825408391 ], [ -111.90131102, 28.821572732999972 ], [ -111.892474603, 28.805352946000024 ], [ -111.905460908, 28.796371941 ], [ -111.909756969, 28.801105169000014 ], [ -111.902804837, 28.803417030999977 ], [ -111.904355787, 28.809259187999963 ], [ -111.902893967, 28.808237409 ], [ -111.903293269, 28.81079277600001 ], [ -111.898426776, 28.810989579999973 ], [ -111.8978813, 28.81300445999997 ], [ -111.913232486000012, 28.811061154 ], [ -111.918805659, 28.816211497000026 ], [ -111.912978835, 28.819065423 ], [ -111.9125913, 28.822028771 ], [ -111.919361607, 28.821076086 ], [ -111.927101647, 28.813248118 ], [ -111.914714770000018, 28.790024705 ], [ -111.96981248, 28.842050749999981 ], [ -112.030991535, 28.859143083000024 ], [ -112.034561723, 28.880122162000024 ], [ -112.05170803, 28.88965083 ], [ -112.047673087000021, 28.898849688 ], [ -112.086269898, 28.925189586 ], [ -112.101999542, 28.955307903 ], [ -112.17194630900002, 28.96852766 ], [ -112.150444019, 28.993703591 ], [ -112.16011871, 29.012229749999982 ], [ -112.166722703, 29.00956869400002 ], [ -112.170701462, 29.071727177000021 ], [ -112.187942749, 29.072718068 ], [ -112.165260973, 29.114189834999966 ], [ -112.184484509, 29.152188865999971 ], [ -112.200527891, 29.156996134000043 ], [ -112.194289021, 29.167376995 ], [ -112.199456732, 29.176225904999978 ], [ -112.229826671, 29.178513995999989 ], [ -112.209013057, 29.24281030200002 ], [ -112.232992565, 29.307041366000036 ], [ -112.261592566, 29.328795013 ], [ -112.305572947, 29.329052337000014 ], [ -112.34624775, 29.313561220000015 ], [ -112.3349, 29.2918 ], [ -112.35297883, 29.32101425 ], [ -112.39452238, 29.332606749999989 ], [ -112.410368315, 29.345155952 ], [ -112.42148638, 29.37605557 ], [ -112.38266848, 29.44872503 ], [ -112.380878003, 29.4868304 ], [ -112.391032352000011, 29.500815681999981 ], [ -112.412334477000016, 29.505854191 ], [ -112.428871731, 29.519173224 ], [ -112.436289701, 29.559713291000019 ], [ -112.506891616, 29.620408853 ], [ -112.544061771, 29.689692809000032 ], [ -112.580477598, 29.711507113 ], [ -112.606625495000017, 29.779361012 ], [ -112.651806774, 29.83447685 ], [ -112.650928313, 29.862422108 ], [ -112.665417864, 29.891135845 ], [ -112.683939056, 29.904325523 ], [ -112.69747502, 29.895764601 ], [ -112.694163539, 29.90625188 ], [ -112.712884288000012, 29.910395124 ], [ -112.73057479, 29.902879147999982 ], [ -112.74704243, 29.914359943999958 ], [ -112.73310211, 30.00055258 ], [ -112.761593306, 30.062748111000019 ], [ -112.75244066, 30.1621802 ], [ -112.761502399, 30.201693746999975 ], [ -112.778943337, 30.228501131 ], [ -112.817869722, 30.263851597 ], [ -112.83900868, 30.27093589 ], [ -112.857306317, 30.26306841400001 ], [ -112.864718386, 30.268279739000025 ], [ -112.85109571, 30.28469466 ], [ -112.846326405000013, 30.330886801000013 ], [ -112.864716009, 30.413014467999972 ], [ -112.897132004, 30.458344987 ], [ -112.978684885, 30.529274224000012 ], [ -112.980328450000016, 30.541901939999978 ], [ -112.98763143, 30.536085800000027 ], [ -113.03976172, 30.607199799999986 ], [ -113.084726895, 30.679406275 ], [ -113.12683298, 30.81047677 ], [ -113.10106194, 30.89088571 ], [ -113.09645502, 30.970047860000012 ], [ -113.12841145, 31.058908780000042 ], [ -113.1206, 31.0647 ], [ -113.117064255000017, 31.035339357 ], [ -113.09194231, 30.99526766000001 ], [ -113.08480126, 31.012512220000019 ], [ -113.06204837, 31.033436170000027 ], [ -113.05883106, 31.06048095 ], [ -113.08095658000002, 31.138812369999975 ], [ -113.07750768, 31.151666890000012 ], [ -113.08955089, 31.155670340000036 ], [ -113.10150926, 31.189443850000018 ], [ -113.11027363, 31.199616179999989 ], [ -113.11645508, 31.201589740000024 ], [ -113.1204018, 31.191667519999982 ], [ -113.18907955, 31.222760680000022 ], [ -113.20715352, 31.240528540000028 ], [ -113.25511017, 31.240536649999953 ], [ -113.421179618000011, 31.27589611099998 ], [ -113.432490012, 31.283992945000044 ], [ -113.446576093, 31.280820964 ], [ -113.545405701, 31.296273741 ], [ -113.552875483, 31.303542874 ], [ -113.543764769, 31.303944109999989 ], [ -113.543638739, 31.308284661 ], [ -113.558404579, 31.317765171000033 ], [ -113.62461295, 31.32799449 ], [ -113.643894774, 31.343234898 ], [ -113.612275741, 31.343359879000023 ], [ -113.609160216, 31.364123898 ], [ -113.63580871, 31.42982026 ], [ -113.62940459, 31.452004953000024 ], [ -113.641027294, 31.481154123 ], [ -113.680414086, 31.514843344000056 ], [ -113.76332791, 31.55062303 ], [ -113.776666689999985, 31.564539659999973 ], [ -113.81007498, 31.566995779999964 ], [ -113.85247934, 31.595398689999985 ], [ -113.873670138, 31.588559477 ], [ -113.877874684, 31.598209735999976 ], [ -113.89754969, 31.606855120000027 ], [ -113.92, 31.5983 ], [ -113.97941098, 31.631428720000013 ], [ -113.9737, 31.5783 ], [ -113.9615, 31.5769 ], [ -113.9562, 31.5624 ], [ -113.97972933, 31.547393939999985 ], [ -113.986835602, 31.529487955000015 ], [ -114.006215111, 31.523787490000018 ], [ -114.019752222, 31.529924294000015 ], [ -114.0259, 31.4922 ], [ -114.136327666, 31.492015211999966 ], [ -114.16990781, 31.497993608 ], [ -114.228701041, 31.528211561000024 ], [ -114.282709331, 31.546150726000018 ], [ -114.32674731, 31.583158340000011 ], [ -114.332356785, 31.596769992 ], [ -114.449464864, 31.648334047 ], [ -114.462043885, 31.667809142 ], [ -114.497033859, 31.676232433999981 ], [ -114.51425463, 31.69448026 ], [ -114.50627214, 31.689963779999989 ], [ -114.507574491, 31.69448012 ], [ -114.526280766, 31.700838757 ], [ -114.55402806, 31.73554258 ], [ -114.58278891, 31.75222134 ], [ -114.61923151000002, 31.76290365 ], [ -114.69280183, 31.76312122 ], [ -114.722687940000014, 31.77705837 ], [ -114.76021058, 31.818258520000011 ], [ -114.81885742, 31.820905889999981 ], [ -114.84492249, 31.864551 ], [ -114.87161882, 31.864483060000012 ], [ -114.89071538, 31.872334620000011 ], [ -114.91075948, 31.867760800000013 ], [ -114.91361991, 31.881343479999988 ], [ -114.93787663, 31.890775399999985 ], [ -114.94513448, 31.910120969999987 ], [ -114.965484568999983, 31.91842388 ], [ -114.96743445, 31.99688029 ], [ -114.957005, 32.038636180000019 ], [ -114.98973634, 32.146377650000012 ], [ -114.97531825, 32.177995480000014 ], [ -115.05302232, 32.24517402 ], [ -115.03642785, 32.27775595 ], [ -114.96659248, 32.33879352 ], [ -114.961880081, 32.35474592 ], [ -114.96845331, 32.390653029999989 ], [ -114.954495970000011, 32.39335409000001 ], [ -114.96145232, 32.411706180000017 ], [ -114.93194048, 32.439700739999971 ], [ -114.9354162, 32.48142391 ], [ -114.90013257, 32.483480180000015 ], [ -114.882589150000015, 32.49214965 ] ], [ [ -110.848408, 27.982478169999986 ], [ -110.85200985, 27.977394770000014 ], [ -110.86188472, 27.98141589 ], [ -110.86622783, 27.98136838 ], [ -110.85714978, 27.974451420000015 ], [ -110.864555690000017, 27.974576260000017 ], [ -110.86723783, 27.97347434 ], [ -110.859650431, 27.97299052 ], [ -110.85583155, 27.964544379999978 ], [ -110.8580012, 27.96712169 ], [ -110.86951989, 27.96915342 ], [ -110.85608149, 27.958798059999971 ], [ -110.84872591, 27.961369380000015 ], [ -110.84517012100001, 27.953041649999985 ], [ -110.84165186, 27.95465542 ], [ -110.82933378, 27.95603349000001 ], [ -110.82707662, 27.955313679000039 ], [ -110.83024629, 27.969532370000021 ], [ -110.848408, 27.982478169999986 ] ], [ [ -110.82773942, 27.954756660000022 ], [ -110.842395521, 27.95418786 ], [ -110.84487914, 27.95284694 ], [ -110.82773942, 27.954756660000022 ] ] ] ] } },
{ "type": "Feature", "properties": { "cvegeo": "27", "cve_ent": "27", "nomgeo": "Tabasco", "nom_abrev": "Tab." }, "geometry": { "type": "Polygon", "coordinates": [ [ [ -92.467847520000021, 18.64727795 ], [ -92.46574505, 18.61656342 ], [ -92.42622965, 18.557041450000021 ], [ -92.42643103, 18.514973570000013 ], [ -92.41405172, 18.48729175 ], [ -92.36432451, 18.46372918 ], [ -92.35831794, 18.44435003 ], [ -92.34871365, 18.443093680000015 ], [ -92.32252894, 18.473080889999977 ], [ -92.31028748, 18.455579370000013 ], [ -92.176147740000019, 18.45823322 ], [ -92.18194872, 18.37590243 ], [ -92.17135755, 18.33895431 ], [ -92.18042882, 18.289823569999974 ], [ -92.17442585, 18.29330330999997 ], [ -92.17295137, 18.275337690000026 ], [ -92.18324385, 18.27406323 ], [ -92.14893752, 18.210406080000016 ], [ -92.16442397, 18.19786562 ], [ -92.160903, 18.15542417 ], [ -92.14878205, 18.149296380000035 ], [ -92.14904346, 18.136730369999956 ], [ -92.11010835, 18.09440619999998 ], [ -92.08155829, 18.08568969 ], [ -92.07679635, 18.0942866 ], [ -92.03993882, 18.09795034 ], [ -92.03598625, 18.087363340000021 ], [ -92.04209543, 18.07831882 ], [ -92.02824217, 18.07717205 ], [ -92.01442874, 18.05261332 ], [ -91.9921546, 18.039256910000034 ], [ -91.978778580000011, 18.042829719999986 ], [ -91.96674771, 18.01598845000002 ], [ -91.90035477, 18.012147 ], [ -91.86720786, 17.983266349999969 ], [ -91.80464422, 17.97255051 ], [ -91.76226654, 17.93901428 ], [ -91.75710069, 17.939733650000043 ], [ -91.76048731, 17.957625679999989 ], [ -91.72510106, 17.92449462 ], [ -91.638805940000012, 17.873953780000029 ], [ -91.62910142, 17.897127890000011 ], [ -91.63308922, 17.90501603 ], [ -91.6127136, 17.912919030000019 ], [ -91.62474038, 17.94907185 ], [ -91.61226902, 18.045020979999975 ], [ -91.61929491, 18.060803690000018 ], [ -91.60757854, 18.074505280000025 ], [ -91.60950468, 18.098438399999981 ], [ -91.60322418, 18.107744150000016 ], [ -91.589753150000021, 18.108009370000055 ], [ -91.595346940000013, 18.125175080000016 ], [ -91.57219912, 18.14201514 ], [ -91.58272926, 18.152461399999968 ], [ -91.57996602, 18.1581798 ], [ -91.55276106, 18.15817623 ], [ -91.53450514, 18.14617437 ], [ -91.50933734, 18.171054750000014 ], [ -91.50186354, 18.155568720000019 ], [ -91.51521285, 18.15495248 ], [ -91.51653218, 18.130485249999971 ], [ -91.50573212, 18.13000271 ], [ -91.50403591, 18.116459139999961 ], [ -91.47732303, 18.112795460000036 ], [ -91.43336623, 18.08209782000004 ], [ -91.39859151, 18.08000502 ], [ -91.38442535, 18.06406505 ], [ -91.35942642, 18.07037217 ], [ -91.327024316, 18.062665349999985 ], [ -91.322897506, 18.05293366 ], [ -91.296743196, 18.041940319 ], [ -91.281419255, 18.024006259999982 ], [ -91.250140878, 18.006793019 ], [ -91.240013085000015, 17.98700369 ], [ -91.217459546, 17.974986852000026 ], [ -91.144726737, 17.975159861000012 ], [ -91.151122965, 17.96267345 ], [ -91.133182257, 17.958009720999986 ], [ -91.130669145, 17.982250198999978 ], [ -91.113580647, 17.975850481 ], [ -91.120200304, 17.963375258999985 ], [ -90.987951717, 17.96254505 ], [ -90.987665998, 17.901350679000018 ], [ -90.995506415, 17.90215665 ], [ -90.995637364, 17.87548946 ], [ -90.987662547, 17.875356549999985 ], [ -90.9874592, 17.25102489 ], [ -91.43969686, 17.25096688 ], [ -91.42749635, 17.276583619999986 ], [ -91.42518088, 17.302305310000037 ], [ -91.41259251, 17.307549 ], [ -91.39031872, 17.299349120000027 ], [ -91.38366422, 17.311183110000016 ], [ -91.39699742, 17.33794506 ], [ -91.41677535, 17.34562712 ], [ -91.41983262, 17.37407068000001 ], [ -91.43929846, 17.384287370000028 ], [ -91.45649563, 17.375721539999979 ], [ -91.50500477, 17.399482450000033 ], [ -91.50993554, 17.39220271 ], [ -91.53684714, 17.407362679999988 ], [ -91.53724422, 17.419736170000014 ], [ -91.55785669, 17.422244150000015 ], [ -91.55879354, 17.400529580000029 ], [ -91.57968832, 17.40734382 ], [ -91.60689818, 17.41689138000001 ], [ -91.62020768, 17.43170045 ], [ -91.63488734, 17.43649492 ], [ -91.643326430000016, 17.43098798 ], [ -91.67204314, 17.44405882 ], [ -91.6652056, 17.46166023 ], [ -91.70013743, 17.4675178 ], [ -91.66281677, 17.479816740000011 ], [ -91.65007309, 17.495685080000019 ], [ -91.64907717, 17.517772741000023 ], [ -91.64182131, 17.51892203 ], [ -91.64249112, 17.52901665 ], [ -91.63428774, 17.534624261000022 ], [ -91.6388274, 17.58146943 ], [ -91.6635632, 17.61216714 ], [ -91.64456749, 17.621924550999985 ], [ -91.65989858, 17.630447461 ], [ -91.65281126, 17.638570740000024 ], [ -91.6587876, 17.639707981 ], [ -91.65405457, 17.645229431 ], [ -91.66433929, 17.66666063 ], [ -91.65474351, 17.676157119999978 ], [ -91.67299249, 17.683472430000037 ], [ -91.68137726, 17.670133719999985 ], [ -91.69371123, 17.685001200999984 ], [ -91.70095798, 17.678939781000018 ], [ -91.70403577, 17.69222508999998 ], [ -91.71707749, 17.68774651 ], [ -91.71754542, 17.698409230000031 ], [ -91.72476354, 17.69206389 ], [ -91.733294, 17.696580340999954 ], [ -91.73880623, 17.71080865 ], [ -91.748243970000019, 17.70017702 ], [ -91.76785262, 17.703115451 ], [ -91.77660258, 17.715431681000027 ], [ -91.78053169, 17.70781948 ], [ -91.78651588, 17.71902568 ], [ -91.81843395, 17.727432230000016 ], [ -91.83066169, 17.737677230000013 ], [ -91.81032503, 17.75132334 ], [ -91.79016174, 17.74601811 ], [ -91.78225312, 17.78248463000001 ], [ -91.79237158, 17.824516940000031 ], [ -91.77969046, 17.85129858 ], [ -91.80436874, 17.868866449999974 ], [ -91.80994312, 17.89824828 ], [ -91.84968629, 17.882864599999987 ], [ -91.87068931, 17.890780720000045 ], [ -91.89416148, 17.88750026000001 ], [ -91.91812769, 17.89951965 ], [ -91.92806134, 17.87082251 ], [ -91.94840917, 17.86330835 ], [ -91.95683277, 17.87992991 ], [ -91.94030412, 17.907412950000026 ], [ -91.97845257, 17.91368865 ], [ -91.99988789, 17.943344650000018 ], [ -91.99128974, 17.91961231 ], [ -92.00335506, 17.89051818 ], [ -92.01554663, 17.897501120000044 ], [ -92.01970791, 17.88782392 ], [ -92.07179705, 17.877673650000037 ], [ -92.05245798, 17.86724611 ], [ -92.04940708, 17.85477203 ], [ -92.05630822, 17.84675445 ], [ -92.09046882, 17.856599490000022 ], [ -92.09049763, 17.85072778 ], [ -92.10203335, 17.850880170000018 ], [ -92.10553518, 17.812938719999988 ], [ -92.12048163, 17.79597269 ], [ -92.14658277, 17.814676 ], [ -92.12713808, 17.78589838 ], [ -92.13597189, 17.77901231 ], [ -92.13082542, 17.766080350000024 ], [ -92.15170817, 17.76456888000002 ], [ -92.15245402, 17.779065570000022 ], [ -92.17195018, 17.78656784999998 ], [ -92.18848715, 17.768134630000024 ], [ -92.1944994, 17.77664118 ], [ -92.27462289, 17.69225805 ], [ -92.28868154, 17.70266734 ], [ -92.33734726, 17.712089630000015 ], [ -92.34012922, 17.70375798 ], [ -92.34989703, 17.702784719999975 ], [ -92.34915949, 17.65472752 ], [ -92.35813168, 17.64195914 ], [ -92.35067371, 17.61793406 ], [ -92.40085814, 17.58603255 ], [ -92.4020786, 17.578040109999979 ], [ -92.43677565, 17.570096880000019 ], [ -92.46761691, 17.57711886 ], [ -92.51998489, 17.573049769999983 ], [ -92.53007342, 17.54999842 ], [ -92.55803054, 17.54022542 ], [ -92.57141092, 17.54960862 ], [ -92.596989690000015, 17.520359650000017 ], [ -92.592343020000015, 17.50961725 ], [ -92.59990143, 17.50080002 ], [ -92.59406366, 17.49295223 ], [ -92.60582514, 17.47737574 ], [ -92.64886586, 17.460699420000015 ], [ -92.65940828, 17.444284740000022 ], [ -92.668185150000014, 17.45669457 ], [ -92.67876503, 17.378493570000018 ], [ -92.72950834, 17.348128509999984 ], [ -92.75500626, 17.343406970000022 ], [ -92.75873742, 17.35819778 ], [ -92.77066331, 17.360396320000014 ], [ -92.768309, 17.38550412 ], [ -92.79079423, 17.40498514 ], [ -92.78579471, 17.417527290000013 ], [ -92.8293996, 17.40859934 ], [ -92.82921632, 17.39630049 ], [ -92.85426446, 17.41119763 ], [ -92.856191020000011, 17.41887622 ], [ -92.82582475, 17.42378422 ], [ -92.81963085, 17.432745949999983 ], [ -92.83155248, 17.480857169999972 ], [ -92.84987592, 17.46897814 ], [ -92.85980875, 17.500281550000018 ], [ -92.88735617, 17.510463540000018 ], [ -92.91293754, 17.498213060000012 ], [ -92.93919943, 17.50244730999998 ], [ -92.94811983, 17.482743020000015 ], [ -92.96804212, 17.517972719999975 ], [ -92.98487342, 17.51130786 ], [ -92.99264832, 17.53001572 ], [ -92.980489680000019, 17.537562830000013 ], [ -92.98834048, 17.55000595 ], [ -93.00556525, 17.555248020000029 ], [ -93.00448754, 17.579587649999983 ], [ -93.04052534, 17.60982815 ], [ -93.04545765, 17.65910545 ], [ -93.03711608, 17.70338191 ], [ -93.05772471, 17.720488750000026 ], [ -93.04263828, 17.76841151 ], [ -93.02780051, 17.771644950000024 ], [ -93.0120134, 17.79366903 ], [ -93.02543628, 17.82541845 ], [ -93.043126309, 17.84257731000001 ], [ -93.10164546, 17.845828339999969 ], [ -93.115640750000011, 17.82221263 ], [ -93.13180032, 17.85231642 ], [ -93.12362598, 17.874450380000027 ], [ -93.09195929, 17.88657588 ], [ -93.09137594, 17.89756125000002 ], [ -93.104975029, 17.907419322 ], [ -93.12912889, 17.90785238 ], [ -93.145982079000021, 17.919926660000048 ], [ -93.145078029, 17.93235297 ], [ -93.18314389, 17.94030905 ], [ -93.19200158, 17.956135720000034 ], [ -93.20735877, 17.96063794 ], [ -93.24092098, 17.95009469 ], [ -93.27832269, 17.985287801 ], [ -93.29800969, 17.93858178 ], [ -93.32583286, 17.92791351000001 ], [ -93.3366702, 17.93660125 ], [ -93.34089685, 17.93033066 ], [ -93.33602245, 17.90498655 ], [ -93.35058277, 17.87606603 ], [ -93.33429511, 17.85169889 ], [ -93.34931077, 17.815427600000017 ], [ -93.340585980000014, 17.798120549999982 ], [ -93.35209248, 17.79542346 ], [ -93.36661095, 17.80292332 ], [ -93.380948489, 17.783164951 ], [ -93.36441871, 17.779084320000031 ], [ -93.35850308, 17.788396320000025 ], [ -93.34311188, 17.78751668 ], [ -93.34913509, 17.767085279999961 ], [ -93.37541995, 17.76679802 ], [ -93.38657055, 17.777565289999973 ], [ -93.390547830000017, 17.77339971 ], [ -93.36984888, 17.73738305 ], [ -93.37394657, 17.73299477 ], [ -93.36255185, 17.728687980000032 ], [ -93.35430235, 17.71288218 ], [ -93.36050386, 17.66489408 ], [ -93.35627777, 17.648037449999968 ], [ -93.38478872, 17.64437794 ], [ -93.38496829, 17.63417611 ], [ -93.40959929, 17.619297860000017 ], [ -93.420489909, 17.590047941 ], [ -93.44594562, 17.58598569 ], [ -93.451707049, 17.546484229999979 ], [ -93.47297525, 17.553493679999988 ], [ -93.48414582, 17.549876550000022 ], [ -93.50252128, 17.499522580000015 ], [ -93.514878599, 17.49032282 ], [ -93.50604102, 17.477346581 ], [ -93.515242429, 17.440495030000037 ], [ -93.607939816, 17.314930021000016 ], [ -93.62438668, 17.32248131 ], [ -93.62743197, 17.31284315 ], [ -93.64150289, 17.317953140000014 ], [ -93.64519834, 17.33068571 ], [ -93.63495855, 17.337701859999981 ], [ -93.68574718, 17.37236757 ], [ -93.69492022, 17.387804369999984 ], [ -93.68353874, 17.395628179999978 ], [ -93.67299631, 17.419918309999989 ], [ -93.65757929, 17.41690674 ], [ -93.64930975, 17.43247138 ], [ -93.63820632, 17.43608626 ], [ -93.64517988, 17.44240158 ], [ -93.6365974, 17.455276879999964 ], [ -93.64415712, 17.4521712 ], [ -93.65041403, 17.45885466 ], [ -93.63934252, 17.459585199999989 ], [ -93.62410485, 17.493457229999958 ], [ -93.62607155, 17.50442128 ], [ -93.63734108, 17.509813630000018 ], [ -93.62502077, 17.514637080000011 ], [ -93.62726325, 17.53168222 ], [ -93.613601120000013, 17.552511281000047 ], [ -93.629468979, 17.54936628 ], [ -93.63114355, 17.556734741000014 ], [ -93.65369006, 17.559972691000034 ], [ -93.65671229, 17.55534257 ], [ -93.65916928, 17.56548634 ], [ -93.67731028, 17.575766750000021 ], [ -93.67761032, 17.58586952 ], [ -93.69946417, 17.59602389 ], [ -93.69965745, 17.61368562 ], [ -93.70969134, 17.61163298 ], [ -93.7131836, 17.63067002999998 ], [ -93.71917042, 17.633463520000014 ], [ -93.71472817, 17.62085308000001 ], [ -93.72911917, 17.629865250000012 ], [ -93.7328826, 17.62576023 ], [ -93.73102469, 17.63583334 ], [ -93.73528022, 17.630081880000017 ], [ -93.73798755, 17.634950479999986 ], [ -93.72999174, 17.64128974 ], [ -93.73269195, 17.64916222 ], [ -93.74089091, 17.64940571 ], [ -93.74658266, 17.660114710000013 ], [ -93.73851086, 17.67937015 ], [ -93.75671914, 17.67687246 ], [ -93.75178889, 17.68398655 ], [ -93.75976808, 17.685116710000031 ], [ -93.76504126, 17.674573250000027 ], [ -93.77256988, 17.69270898 ], [ -93.80515466, 17.68935551 ], [ -93.80698908, 17.705919029999986 ], [ -93.82234068, 17.69957651 ], [ -93.82658643, 17.719191620000014 ], [ -93.84302009, 17.711366579999968 ], [ -93.84858131, 17.72070889 ], [ -93.85928592, 17.716852719999984 ], [ -93.86499603, 17.72218663 ], [ -93.86999708, 17.713536030000011 ], [ -93.88072222000001, 17.726277619999983 ], [ -93.8761626, 17.733298939999969 ], [ -93.8836616, 17.73553378 ], [ -93.86960851, 17.739323310000021 ], [ -93.87704878, 17.75656358 ], [ -93.88123703, 17.75129822 ], [ -93.88534877, 17.75722472 ], [ -93.89128017, 17.748080780000024 ], [ -93.89220574, 17.753677350000014 ], [ -93.91011942, 17.75469102 ], [ -93.92231463, 17.746328339999984 ], [ -93.94010726, 17.753169910000029 ], [ -93.93525946, 17.75909685 ], [ -93.95610382000001, 17.78172018 ], [ -93.95063140000002, 17.800412420000029 ], [ -93.96316788, 17.799502260000029 ], [ -93.95680097, 17.81064025 ], [ -93.96799617, 17.81787168 ], [ -93.95832778, 17.819729 ], [ -93.96499469, 17.829967550000024 ], [ -93.95744272, 17.825315280000019 ], [ -93.95595003, 17.833395180000021 ], [ -93.96787886, 17.837046659999988 ], [ -93.96778617, 17.845252339999956 ], [ -93.97317926, 17.84233592 ], [ -93.98456726000002, 17.851574940000027 ], [ -93.98787082, 17.834358250000037 ], [ -93.99461468, 17.84602011 ], [ -93.99561231, 17.836618080000012 ], [ -94.01634295, 17.844492379999981 ], [ -94.02594743, 17.840380620000012 ], [ -94.02303868, 17.84625725 ], [ -94.02944751, 17.84566954000001 ], [ -94.03753443, 17.86265878 ], [ -94.03315848, 17.872557220000015 ], [ -94.06260455, 17.863087799999978 ], [ -94.08343075, 17.86986849 ], [ -94.07930882, 17.89104585 ], [ -94.08800992, 17.90648082 ], [ -94.09199012, 17.96193194 ], [ -94.08888843, 17.970620230000023 ], [ -94.08074628, 17.9683392 ], [ -94.08250048, 17.977953510000027 ], [ -94.07353269, 17.987770579999989 ], [ -94.06851632, 17.97959265 ], [ -94.06140031000001, 17.98812434 ], [ -94.06652363, 18.0093962 ], [ -94.08374866, 18.00646409 ], [ -94.074358120000014, 18.05859309 ], [ -94.09715949, 18.07862758 ], [ -94.08110825, 18.09577254 ], [ -94.10044357, 18.125915939999981 ], [ -94.09468018, 18.16066997 ], [ -94.10467886, 18.17395003 ], [ -94.12029965, 18.16495917 ], [ -94.12691878, 18.168250029999989 ], [ -94.13002517, 18.212851200000014 ], [ -93.849584885, 18.302971116 ], [ -93.84768171, 18.29815057 ], [ -93.846224448, 18.306102133000035 ], [ -93.58551982, 18.39209508 ], [ -93.439869567, 18.427237319000039 ], [ -93.232263623, 18.439900885999982 ], [ -93.213865991, 18.446966627 ], [ -93.214161378, 18.441203995999981 ], [ -93.205010466, 18.441211671 ], [ -93.210527471, 18.430471804999964 ], [ -93.192758782, 18.443638473000014 ], [ -93.194320774, 18.433358919 ], [ -93.186792799, 18.431162246000032 ], [ -93.183697124, 18.437675855 ], [ -93.19033438, 18.437878720000018 ], [ -93.18950008100002, 18.447556588 ], [ -93.198362909, 18.453165 ], [ -93.18977198, 18.448594751 ], [ -93.185077686, 18.44125668900001 ], [ -93.099908084, 18.44320799699997 ], [ -93.035946189, 18.43191227500002 ], [ -92.897989698000018, 18.443151652000012 ], [ -92.829435117, 18.468301145 ], [ -92.773655792, 18.505149478000025 ], [ -92.72263395, 18.55884229 ], [ -92.691557096, 18.61804127000002 ], [ -92.672180367, 18.61136083600001 ], [ -92.631006322, 18.614352463000014 ], [ -92.467847520000021, 18.64727795 ] ] ] } },
{ "type": "Feature", "properties": { "cvegeo": "28", "cve_ent": "28", "nomgeo": "Tamaulipas", "nom_abrev": "Tamps." }, "geometry": { "type": "Polygon", "coordinates": [ [ [ -99.72660085, 27.677275 ], [ -99.70549991, 27.655254880000012 ], [ -99.69050335, 27.6691182 ], [ -99.68653692, 27.66154122 ], [ -99.66378291, 27.65744403 ], [ -99.65812312, 27.64784743 ], [ -99.66629231, 27.636405939999978 ], [ -99.65546728, 27.62925965 ], [ -99.62716531, 27.629998459999985 ], [ -99.62426405, 27.64411452 ], [ -99.61585674, 27.63739934000002 ], [ -99.59590432, 27.639763769999988 ], [ -99.57710615, 27.618310780000023 ], [ -99.58423502, 27.603458600000032 ], [ -99.55483126, 27.61440994 ], [ -99.5115492, 27.566082019999978 ], [ -99.52818765, 27.498153220000024 ], [ -99.49342723, 27.497627980000015 ], [ -99.47876526, 27.47950651 ], [ -99.495336349, 27.446578309999978 ], [ -99.487620999, 27.4110462 ], [ -99.49228069, 27.380591799999983 ], [ -99.50786086, 27.35350978 ], [ -99.50449874, 27.33877977 ], [ -99.53813263, 27.31645202 ], [ -99.52790355, 27.304835690000019 ], [ -99.494603920000017, 27.303764219999977 ], [ -99.48759022, 27.294214310000019 ], [ -99.49656665, 27.272900510000021 ], [ -99.49089678, 27.262724709999979 ], [ -99.48153206, 27.25958008 ], [ -99.46195191, 27.26838691 ], [ -99.4418326, 27.250806649999966 ], [ -99.445369, 27.223178549999986 ], [ -99.43260995, 27.20992217 ], [ -99.42621774, 27.176127290000029 ], [ -99.44002149, 27.15114646 ], [ -99.43103906, 27.125228090000029 ], [ -99.44254351, 27.106829660000013 ], [ -99.42866105, 27.091592749999972 ], [ -99.45270752, 27.064065 ], [ -99.44569215, 27.021863849999988 ], [ -99.42984985, 27.01051858000001 ], [ -99.41541271, 27.01737568 ], [ -99.376469, 26.976851680000028 ], [ -99.39375708, 26.960227019999987 ], [ -99.38502062, 26.939602659999988 ], [ -99.324220980000021, 26.915945400000034 ], [ -99.328763781, 26.879649719999982 ], [ -99.31714157, 26.86546182 ], [ -99.29457003, 26.864981599999975 ], [ -99.26801995, 26.84262878 ], [ -99.26201748, 26.814908769999974 ], [ -99.2424936, 26.78731329 ], [ -99.23961975, 26.745261769999981 ], [ -99.20860343, 26.72444894 ], [ -99.19997669, 26.65579282 ], [ -99.17816571, 26.62089571 ], [ -99.16731329, 26.560044110000032 ], [ -99.17151862, 26.543152060000015 ], [ -99.15343834, 26.530639090000022 ], [ -99.12775023, 26.525344920000034 ], [ -99.104311, 26.49909074 ], [ -99.09164965, 26.47531765 ], [ -99.10293508, 26.44159568 ], [ -99.11358892, 26.43252371 ], [ -99.08398608, 26.397573120000015 ], [ -99.06181823, 26.397666919999978 ], [ -99.0372886, 26.413568369999979 ], [ -99.02093831, 26.406562890000011 ], [ -99.01077471, 26.392258629999979 ], [ -98.987793920000016, 26.391650059999982 ], [ -98.97438677, 26.40130676999997 ], [ -98.95457646, 26.394539170000012 ], [ -98.95610786, 26.377128689999978 ], [ -98.94324146, 26.369437279999961 ], [ -98.93494469, 26.37297766 ], [ -98.92672338, 26.394565429999979 ], [ -98.92222692, 26.378816709999974 ], [ -98.90134654, 26.371141710000028 ], [ -98.89613323, 26.353081089999975 ], [ -98.86083128, 26.36623348 ], [ -98.84359071, 26.358556460000017 ], [ -98.82421249, 26.37088066 ], [ -98.804601712, 26.367626633 ], [ -98.788518082, 26.330514682999983 ], [ -98.76860026, 26.325014379999985 ], [ -98.750717862, 26.331183113 ], [ -98.73607286, 26.30832349 ], [ -98.74208263, 26.30266792 ], [ -98.7549806, 26.30758785 ], [ -98.750919062, 26.29601162199998 ], [ -98.728101452, 26.29900337300003 ], [ -98.71668085, 26.286126059999965 ], [ -98.702459582, 26.287092223000016 ], [ -98.70161298, 26.27751678 ], [ -98.71704549, 26.278180180000014 ], [ -98.719657771, 26.272552511 ], [ -98.68112163, 26.26293605 ], [ -98.67056431, 26.23700263 ], [ -98.63457783, 26.24233306 ], [ -98.62441234, 26.259740430000036 ], [ -98.61625889, 26.246488679999967 ], [ -98.61155586, 26.253335849999967 ], [ -98.58572971, 26.25767069 ], [ -98.57942206, 26.25320994 ], [ -98.58510963, 26.24489177000001 ], [ -98.580094, 26.235395770000032 ], [ -98.566262549, 26.24156142 ], [ -98.562664569, 26.22441049 ], [ -98.54574065, 26.236528090000018 ], [ -98.558348909, 26.244472880000028 ], [ -98.55424302, 26.247785629999985 ], [ -98.54348243, 26.243412430000028 ], [ -98.53538889, 26.225694119999982 ], [ -98.52233694, 26.235684649999975 ], [ -98.52455332, 26.22134905 ], [ -98.512803170000012, 26.22716997 ], [ -98.500573479, 26.222328831 ], [ -98.507001509, 26.209313820000016 ], [ -98.484928880000012, 26.212524229999982 ], [ -98.481401030000015, 26.200621850999987 ], [ -98.481815629, 26.21930437 ], [ -98.46064726, 26.22608594100004 ], [ -98.45449531, 26.216684770000015 ], [ -98.44410274, 26.224177741000013 ], [ -98.438561049, 26.21195088 ], [ -98.4439318, 26.200541369999982 ], [ -98.4027606, 26.181473546999968 ], [ -98.40239574, 26.172024017999981 ], [ -98.38732052, 26.158424937000014 ], [ -98.36637451, 26.157660508 ], [ -98.36722115000002, 26.168506508 ], [ -98.35982566, 26.172514646999982 ], [ -98.35209117, 26.151055538 ], [ -98.34622126, 26.165688826999986 ], [ -98.33569265, 26.165818577999968 ], [ -98.33793448, 26.149421457 ], [ -98.32649414, 26.142937508 ], [ -98.335614749, 26.138315028 ], [ -98.30533805, 26.10288634 ], [ -98.29773735, 26.10337032000001 ], [ -98.3036082, 26.109952720000017 ], [ -98.29686631, 26.120298450999982 ], [ -98.27450123, 26.11586568100002 ], [ -98.26629615, 26.120937121000026 ], [ -98.27050812, 26.106626571000014 ], [ -98.28808811, 26.104331490000028 ], [ -98.24954928, 26.072171480000023 ], [ -98.22020835, 26.07633528 ], [ -98.193635371, 26.05308898 ], [ -98.18707615, 26.06439431 ], [ -98.17685034, 26.060735429999966 ], [ -98.17658554, 26.075314880000036 ], [ -98.1678636, 26.063094650000021 ], [ -98.15802358, 26.06359168 ], [ -98.161738950000014, 26.05399908 ], [ -98.15079109, 26.05802646 ], [ -98.14686528, 26.04913898 ], [ -98.13187055, 26.07430983 ], [ -98.12974615, 26.0631832 ], [ -98.10462671, 26.06765871 ], [ -98.09358462, 26.05864882000002 ], [ -98.08136108, 26.064338550000045 ], [ -98.08133105, 26.071301690000045 ], [ -98.07008371, 26.0514708 ], [ -98.08017952, 26.04163378 ], [ -98.07294931, 26.036424 ], [ -98.06220672, 26.046250630000017 ], [ -98.038713020000017, 26.041367290000011 ], [ -98.02793023, 26.06698368 ], [ -98.02105329, 26.058629679999978 ], [ -98.0120452, 26.06610218 ], [ -98.01188706, 26.056081580000026 ], [ -98.00260228, 26.06493245 ], [ -97.99187949, 26.05822294 ], [ -97.98019712, 26.06721698 ], [ -97.96587492, 26.05166608 ], [ -97.95107492, 26.062238030000014 ], [ -97.93355029, 26.05298572 ], [ -97.93364292, 26.06555702 ], [ -97.92708522, 26.05483926 ], [ -97.891044120000018, 26.060308320000036 ], [ -97.88709223, 26.066596750000027 ], [ -97.86897626, 26.056777739999976 ], [ -97.86139662, 26.070029250000022 ], [ -97.86100165, 26.05296142000001 ], [ -97.83920263, 26.05310854 ], [ -97.83426178, 26.045602219999964 ], [ -97.81928571, 26.05658431 ], [ -97.81241118, 26.04406558 ], [ -97.81126737, 26.055256150000016 ], [ -97.80109271, 26.06021017 ], [ -97.788821850000019, 26.049447119999986 ], [ -97.797284520000019, 26.039348379999989 ], [ -97.77789885, 26.029208059999977 ], [ -97.769298890000016, 26.035941090000033 ], [ -97.7767844, 26.04431774 ], [ -97.768035490000017, 26.04725891 ], [ -97.76153862, 26.02556134 ], [ -97.75219275000002, 26.03153922 ], [ -97.74800318, 26.026113080000012 ], [ -97.7213854, 26.031270309999961 ], [ -97.72045546, 26.023023120000019 ], [ -97.70949637, 26.0261832 ], [ -97.70712008, 26.037734570000044 ], [ -97.69155988, 26.018817830000017 ], [ -97.69327069, 26.03235846 ], [ -97.67565612, 26.02582495 ], [ -97.662614, 26.03807648 ], [ -97.66813729, 26.019425310000042 ], [ -97.65161892, 26.01586826 ], [ -97.64638871, 26.02738757 ], [ -97.63992095, 26.02395083 ], [ -97.63777094, 26.013755660000015 ], [ -97.64929498, 26.010443680000034 ], [ -97.63566785, 26.00013962000002 ], [ -97.627133820000012, 26.006113050000021 ], [ -97.62731828, 25.99654031 ], [ -97.61836106, 26.00231528 ], [ -97.62048368, 25.99216691 ], [ -97.63103675, 25.996456419999987 ], [ -97.63444963, 25.990036769999989 ], [ -97.62164145, 25.989146459999979 ], [ -97.60790762, 25.97681052 ], [ -97.61060334, 25.96596166 ], [ -97.6020952, 25.957355459999977 ], [ -97.58212152, 25.962378249999979 ], [ -97.57811705, 25.942093620000012 ], [ -97.57446746, 25.95394703 ], [ -97.567907580000011, 25.952513860000014 ], [ -97.56639765, 25.944740970000019 ], [ -97.58327423, 25.933216480000016 ], [ -97.56697212, 25.93372405000002 ], [ -97.56172405, 25.9256778 ], [ -97.55234595, 25.93718378 ], [ -97.54367591, 25.92336112000002 ], [ -97.53731445, 25.93080955 ], [ -97.54305215, 25.92011282 ], [ -97.53000555, 25.91986611999998 ], [ -97.53325758, 25.908443380000023 ], [ -97.52127163, 25.88632375 ], [ -97.49819022, 25.89916268 ], [ -97.49715022, 25.879867430000029 ], [ -97.48790792, 25.885451939999982 ], [ -97.48445028, 25.87882308 ], [ -97.46898942, 25.888918749999977 ], [ -97.47057788, 25.87535822 ], [ -97.45551746, 25.884119249999966 ], [ -97.4567446, 25.868646229999975 ], [ -97.444612689, 25.86780658 ], [ -97.454056579, 25.85428085 ], [ -97.44508142, 25.856372079999986 ], [ -97.44404988, 25.84861363000001 ], [ -97.4244518, 25.84044003 ], [ -97.41236937, 25.84113697999997 ], [ -97.40945472, 25.862269950000027 ], [ -97.40789337, 25.845215060000012 ], [ -97.39865715, 25.850336509999973 ], [ -97.4061506, 25.837895969999973 ], [ -97.38704506, 25.84390885 ], [ -97.37263078, 25.84012515 ], [ -97.36421189, 25.85086715 ], [ -97.37618625, 25.855592940000015 ], [ -97.35665906, 25.86735052 ], [ -97.35943443, 25.87980448 ], [ -97.37417294, 25.88027738 ], [ -97.35640128, 25.88776195000003 ], [ -97.366496, 25.89054522 ], [ -97.36601562, 25.902353019999968 ], [ -97.37503188, 25.908292490000015 ], [ -97.3479154, 25.931310309999986 ], [ -97.32609591, 25.917544079999981 ], [ -97.31827692, 25.93114811 ], [ -97.30483011, 25.92801686 ], [ -97.30320471, 25.93698057 ], [ -97.276822, 25.935197629999983 ], [ -97.27806494, 25.94704043 ], [ -97.28925283, 25.95401037 ], [ -97.28396568, 25.959328 ], [ -97.27643362, 25.952168089999976 ], [ -97.24749437, 25.948030550000023 ], [ -97.20863166, 25.963870319999977 ], [ -97.18862468, 25.953721850000019 ], [ -97.17621765, 25.96564554 ], [ -97.15853965, 25.961753 ], [ -97.15877152, 25.94881463 ], [ -97.14637375, 25.954886909999971 ], [ -97.150096403, 25.835951536 ], [ -97.182335650000013, 25.678789724999969 ], [ -97.200985843, 25.628339261000015 ], [ -97.406390323, 25.275604281 ], [ -97.420199515, 25.243694424000033 ], [ -97.420540497, 25.236432946999976 ], [ -97.41196213000002, 25.234094568999986 ], [ -97.427777433, 25.234445879999988 ], [ -97.413026614, 25.23062176 ], [ -97.425433797, 25.233365672 ], [ -97.441462987, 25.210883058 ], [ -97.507710288, 25.064490194 ], [ -97.57207715, 24.887685159000018 ], [ -97.580641314, 24.844025102000021 ], [ -97.58625406, 24.843284 ], [ -97.581231638, 24.841996945 ], [ -97.647875139, 24.623605041 ], [ -97.686917381, 24.450560994 ], [ -97.727338367, 24.092030892 ], [ -97.737441367, 23.942890491000011 ], [ -97.73177706, 23.771697539000026 ], [ -97.768528494, 23.377687371 ], [ -97.760365416000013, 23.05543547700001 ], [ -97.765859572, 22.894990417 ], [ -97.788854503, 22.790604854 ], [ -97.844974912, 22.660258895 ], [ -97.859326014, 22.56640972100001 ], [ -97.854843374, 22.504111098999989 ], [ -97.850327156, 22.493010627000018 ], [ -97.833531162, 22.49304246800002 ], [ -97.858612892, 22.489510364000022 ], [ -97.857464031, 22.482175318 ], [ -97.83438557, 22.482213057999989 ], [ -97.856766297, 22.481791645 ], [ -97.858298737, 22.476158006 ], [ -97.845241207000015, 22.405372287000016 ], [ -97.811780021, 22.306893764 ], [ -97.783285232, 22.264777121 ], [ -97.772952707000016, 22.266863127 ], [ -97.832112509000012, 22.238102710999978 ], [ -97.84488829, 22.206965830000019 ], [ -97.894962461, 22.222378437999978 ], [ -97.917281829, 22.23913054 ], [ -97.916790429, 22.252593091000023 ], [ -97.93421268, 22.254181621 ], [ -97.93166065, 22.271046571 ], [ -97.956707617, 22.293892370999984 ], [ -97.982707829, 22.30261351 ], [ -97.99266415, 22.29277471000001 ], [ -98.000324049, 22.297432491000027 ], [ -97.998949399, 22.314326751 ], [ -97.983979909, 22.304671260000038 ], [ -97.970509739, 22.328050221 ], [ -97.990020249000011, 22.350863820000043 ], [ -98.000710109, 22.348157051 ], [ -98.02847211000001, 22.358392091000024 ], [ -98.072781459, 22.34716149 ], [ -98.086015309, 22.370153659999964 ], [ -98.106213119, 22.366712311 ], [ -98.11353597, 22.395303280999958 ], [ -98.187485489, 22.423868509999981 ], [ -98.1897432, 22.441790520000019 ], [ -98.199884679, 22.44903588 ], [ -98.194995219, 22.469558971 ], [ -98.207002479, 22.464023830999977 ], [ -98.219843649, 22.471750910000029 ], [ -98.232365139, 22.461330981000025 ], [ -98.247931429, 22.47165663000002 ], [ -98.25663417, 22.453406151 ], [ -98.27293689, 22.447291051000015 ], [ -98.287369319, 22.467028171000013 ], [ -98.30100782, 22.461226830000012 ], [ -98.31682298, 22.46856234 ], [ -98.31221518000001, 22.445219199999979 ], [ -98.32736145, 22.42646958 ], [ -98.312711, 22.41427277 ], [ -98.3187812, 22.39073968 ], [ -98.32769398, 22.398680169999984 ], [ -98.352272520000014, 22.38870332 ], [ -98.355225350000012, 22.40744563 ], [ -98.374577880000018, 22.38961807999998 ], [ -98.3878092, 22.38928438000001 ], [ -98.38245962, 22.415923769999985 ], [ -98.38864389, 22.424293030000044 ], [ -98.40954342, 22.399926690000019 ], [ -98.41904628, 22.41273769 ], [ -98.43311726, 22.41357831 ], [ -98.43376609, 22.432864459999987 ], [ -98.44257017, 22.43239617 ], [ -98.46095912, 22.41219192 ], [ -98.46680758, 22.42880174 ], [ -98.49036923, 22.42776505 ], [ -98.49213828, 22.41947415000001 ], [ -98.49372155, 22.426828080000011 ], [ -98.50504011, 22.429471540000041 ], [ -98.50959715, 22.41638795 ], [ -98.52536172, 22.40678072 ], [ -98.56851282, 22.401578429999972 ], [ -98.57493552, 22.39394549 ], [ -98.59232571, 22.395316170000012 ], [ -98.61375212, 22.408925050000022 ], [ -98.62690123, 22.402160979999987 ], [ -98.638156, 22.414524029999988 ], [ -98.66578003, 22.40372502 ], [ -98.6770992, 22.40892722 ], [ -98.70081991, 22.40257269 ], [ -98.73150718, 22.38125608 ], [ -98.74593957, 22.38086535 ], [ -98.75893478, 22.366312740000016 ], [ -98.82146732, 22.356255800000039 ], [ -98.84987706, 22.36812692 ], [ -98.872289490000014, 22.36741298 ], [ -98.88999725, 22.35509351 ], [ -98.91228263, 22.37379792 ], [ -98.92554486, 22.371746779999963 ], [ -98.93197272, 22.392775140000015 ], [ -99.06039945, 22.41526852 ], [ -99.12056705, 22.406636480000021 ], [ -99.23683875, 22.412862 ], [ -99.26314854, 22.469791229999984 ], [ -99.28865338, 22.55582417 ], [ -99.3140344, 22.60989817 ], [ -99.32859005, 22.6087024 ], [ -99.33010752, 22.61484469 ], [ -99.32138786, 22.61673045 ], [ -99.32961768, 22.634887780000028 ], [ -99.37320048, 22.62907768 ], [ -99.38555311, 22.670268459999988 ], [ -99.44205288, 22.66361571 ], [ -99.47712683, 22.74063722 ], [ -99.49678851, 22.74849795 ], [ -99.54432738, 22.74414015 ], [ -99.49453637, 22.620868630000036 ], [ -99.53469191, 22.612764650000024 ], [ -99.56063829, 22.641220489999988 ], [ -99.682535460000011, 22.68112471 ], [ -99.72408517, 22.65960840000001 ], [ -99.75477858, 22.65661065 ], [ -99.78503694, 22.66850898 ], [ -99.805485850000011, 22.657773140000035 ], [ -99.81402898, 22.660765780000023 ], [ -99.84792357, 22.67843511 ], [ -99.842819, 22.7305572 ], [ -99.88239698, 22.74986231 ], [ -99.95695814, 22.751666520000015 ], [ -100.02234326, 22.72592455 ], [ -100.09405994, 22.751265170000025 ], [ -100.1019204, 22.76279275000001 ], [ -100.0293842, 22.824393549999982 ], [ -100.04423908, 22.9178924 ], [ -100.11038363, 22.916714420000027 ], [ -100.11084695, 22.975718970000027 ], [ -100.089421020000017, 22.96875748 ], [ -100.097455310000015, 23.01309097 ], [ -100.07165578, 22.9973572 ], [ -100.06184234, 23.01197963 ], [ -100.06209742, 23.03984366 ], [ -100.02368102, 23.060474200000016 ], [ -100.01269158, 23.05889332000001 ], [ -100.01135512, 23.06535935000003 ], [ -100.06902911, 23.09594178000004 ], [ -100.068742969, 23.12115626 ], [ -100.11559726, 23.125989890000039 ], [ -100.110154999, 23.15106989 ], [ -100.11898963, 23.15242789 ], [ -100.118286169, 23.200545310999981 ], [ -100.109740199, 23.199717861000025 ], [ -100.07804112, 23.30598391000002 ], [ -100.14495022, 23.339515179999989 ], [ -100.08026143, 23.395748199999982 ], [ -99.98250248, 23.392367260000011 ], [ -99.9212534, 23.379191340000016 ], [ -99.96118763, 23.556889770000012 ], [ -99.86065998, 23.77446249 ], [ -99.769013890000011, 23.784488120000013 ], [ -99.68337774, 23.776648200000018 ], [ -99.61948632, 23.759662400000021 ], [ -99.60216748, 23.762870880000019 ], [ -99.57668085, 23.775462059999978 ], [ -99.49379108, 23.87869298 ], [ -99.456870719, 23.86606305 ], [ -99.48693986, 23.960500620000023 ], [ -99.52002486, 23.990578140000039 ], [ -99.54091206, 23.99727163 ], [ -99.54189271, 24.033649170000022 ], [ -99.57090171, 24.03936691000002 ], [ -99.65708063, 24.117996580000025 ], [ -99.64781783, 24.21809505 ], [ -99.59428974, 24.330913219999982 ], [ -99.58993111, 24.39614237 ], [ -99.63637932, 24.506670250000049 ], [ -99.71980386, 24.48371043 ], [ -99.73297777, 24.553990779999967 ], [ -99.70468568, 24.57586917 ], [ -99.60944858, 24.622490080000016 ], [ -99.57607631, 24.623597120000014 ], [ -99.55720611000001, 24.6087148 ], [ -99.54622052, 24.613074770000011 ], [ -99.54506302, 24.626516599999984 ], [ -99.53793569, 24.622428819999989 ], [ -99.49945228, 24.64125795 ], [ -99.50072606, 24.679171260000057 ], [ -99.47773549, 24.712620970000014 ], [ -99.44807655, 24.732206430000016 ], [ -99.43072802, 24.72575834 ], [ -99.42294382, 24.73675037 ], [ -99.38941243, 24.73979257 ], [ -99.36437669, 24.771755460000044 ], [ -99.33166529, 24.776243110000017 ], [ -99.31786777, 24.789830569999982 ], [ -99.29719562, 24.79411691 ], [ -99.29492849, 24.804143710000023 ], [ -99.21288548, 24.77167485 ], [ -99.188653120000012, 24.780679599999978 ], [ -99.18197126, 24.776041060000011 ], [ -99.20743335, 24.86139215 ], [ -99.15894291, 24.91598817 ], [ -99.18094954, 25.011541550000029 ], [ -99.16490475, 25.0295114 ], [ -99.15651651, 25.02784783000001 ], [ -99.16697758, 25.046289459999986 ], [ -99.16059194, 25.055277310000026 ], [ -99.1350928, 25.050380020000038 ], [ -99.09761311, 25.063121120000012 ], [ -99.09769522, 25.078036340000015 ], [ -99.08194445, 25.07371179999998 ], [ -99.07876375, 25.092120399999988 ], [ -99.07145846, 25.096112110000014 ], [ -99.07786925, 25.10143354999996 ], [ -99.05246814, 25.12713263 ], [ -99.02880203, 25.110354910000037 ], [ -99.02952248, 25.096392819999977 ], [ -99.01418218, 25.080607119999986 ], [ -99.01905589, 25.06992531000002 ], [ -98.93416994, 25.07276318 ], [ -98.9342816, 25.08016298 ], [ -98.92902758, 25.07727031 ], [ -98.42313166, 25.447492910000019 ], [ -98.42157608, 25.48935554 ], [ -98.58175158, 25.48936174 ], [ -98.58512606, 26.0179176 ], [ -98.82322655, 26.047648680000034 ], [ -98.90075195, 25.96832274 ], [ -99.0238722, 26.104102449999989 ], [ -99.02503248, 26.093429489999984 ], [ -99.04499206, 26.09870514 ], [ -99.06253934, 26.090719089999961 ], [ -99.062535350000019, 26.08013543 ], [ -99.07452335, 26.0787854 ], [ -99.07654208, 26.071864020000014 ], [ -99.09333162, 26.07050943 ], [ -99.09766886, 26.080746770000022 ], [ -99.11473418, 26.075966889999986 ], [ -99.11989237, 26.066513890000014 ], [ -99.13090666, 26.0688164 ], [ -99.12631182, 26.054022889999974 ], [ -99.16007748, 26.06122955 ], [ -99.19783597, 26.258682319999981 ], [ -99.26000157, 26.252849980000015 ], [ -99.36415026, 26.329270150000017 ], [ -99.40123612, 26.304799140000014 ], [ -99.43094658, 26.35130114 ], [ -99.40983215, 26.4428368 ], [ -99.39682482, 26.59656554 ], [ -99.53833525, 26.66459562 ], [ -99.65916446, 26.67036514 ], [ -99.65719483, 26.69511798 ], [ -99.618581460000016, 26.72647054 ], [ -99.61614358, 26.754363510000015 ], [ -99.62285248, 26.769227770000029 ], [ -99.61117015, 26.78248997 ], [ -99.612854, 26.79163015000001 ], [ -99.580842820000015, 26.83011255000001 ], [ -99.59104663, 26.862548050000012 ], [ -99.611219050000017, 26.873475849999988 ], [ -99.627052570000018, 26.87045783 ], [ -99.63003012, 26.89029042000001 ], [ -99.64433349, 26.885567649999988 ], [ -99.66139052, 26.90083852 ], [ -99.66700934, 26.894373220000013 ], [ -99.68722291, 26.894547 ], [ -99.69402042, 26.909299339999983 ], [ -99.697883970000021, 26.89856686 ], [ -99.70992998, 26.905879 ], [ -99.7104426, 26.896752399999968 ], [ -99.72110229, 26.896503740000011 ], [ -99.72399668, 26.906125949999986 ], [ -99.74434632, 26.912156370000016 ], [ -99.74766137, 26.900243820000025 ], [ -99.76666889, 26.889841910000019 ], [ -99.77013149, 26.92841822 ], [ -99.73416812, 26.920612860000031 ], [ -99.65005283, 27.065857889999986 ], [ -99.65891166, 27.088189079999982 ], [ -99.67891875, 27.10244829 ], [ -99.747670419, 27.277247 ], [ -99.760378820000014, 27.43695872 ], [ -99.91915363, 27.491515180000025 ], [ -99.92641828, 27.549157 ], [ -99.72660085, 27.677275 ] ] ] } },
{ "type": "Feature", "properties": { "cvegeo": "29", "cve_ent": "29", "nomgeo": "Tlaxcala", "nom_abrev": "Tlax." }, "geometry": { "type": "Polygon", "coordinates": [ [ [ -98.05625122, 19.726022660000027 ], [ -98.03638186000002, 19.685522920000025 ], [ -98.04221202, 19.64022471 ], [ -97.980678259, 19.628541631999987 ], [ -97.958089812, 19.603069754999989 ], [ -97.950532751, 19.602838176 ], [ -97.946706391, 19.585630222999988 ], [ -97.916147573, 19.594016028 ], [ -97.907924557000015, 19.579355891 ], [ -97.881534608, 19.571721436000047 ], [ -97.87181259, 19.561767647 ], [ -97.87168098, 19.532152169999975 ], [ -97.88751522, 19.51763543 ], [ -97.88974826, 19.504579090000014 ], [ -97.87398748, 19.502926599999981 ], [ -97.84873909, 19.482781910000011 ], [ -97.847353220000016, 19.47400309 ], [ -97.86227149, 19.456175520000045 ], [ -97.79453868, 19.498374599999963 ], [ -97.79685926, 19.472442849999972 ], [ -97.77804575, 19.472877399999987 ], [ -97.77071123, 19.456614200000011 ], [ -97.75480145, 19.45754287999997 ], [ -97.74469415, 19.445041629999977 ], [ -97.74727874, 19.436333969999971 ], [ -97.72452512, 19.431636950000048 ], [ -97.70545485, 19.39364137 ], [ -97.68130172, 19.38830335 ], [ -97.67385882, 19.367471459999965 ], [ -97.657979420000018, 19.363674059999983 ], [ -97.65363115, 19.353799969999976 ], [ -97.64029032, 19.36075146 ], [ -97.63144615, 19.35539543000003 ], [ -97.63871172, 19.338263120999965 ], [ -97.625674199, 19.331393650000013 ], [ -97.64608888, 19.30640932 ], [ -97.658044689, 19.31066452 ], [ -97.6695202, 19.29213422 ], [ -97.69093325, 19.285888119999978 ], [ -97.71964295, 19.304753229999978 ], [ -97.73833274, 19.28709963 ], [ -97.74509182, 19.30525994000002 ], [ -97.77138552, 19.283752650000011 ], [ -97.80047143, 19.301583380000011 ], [ -97.83927043, 19.30137617 ], [ -97.83842866, 19.2872644 ], [ -97.85971698, 19.287199520000016 ], [ -97.870287049, 19.270585980000014 ], [ -97.85405181900002, 19.257328291 ], [ -97.86513558, 19.253949380000019 ], [ -97.87049471, 19.24006097 ], [ -97.86038337, 19.24407737000001 ], [ -97.85098829, 19.22293423 ], [ -97.89322103, 19.20030731000001 ], [ -97.88983906, 19.186956739999964 ], [ -97.91137425, 19.17960926 ], [ -97.92820265, 19.16421342 ], [ -97.99862342, 19.198324740000022 ], [ -98.03168626, 19.230938380000037 ], [ -98.0415306, 19.210231720000014 ], [ -98.100318739, 19.163366659000037 ], [ -98.110159317, 19.143212050999981 ], [ -98.166175774, 19.10507186 ], [ -98.184854579, 19.115515681000016 ], [ -98.20434782, 19.11492892 ], [ -98.191638658000016, 19.121936969999986 ], [ -98.197142629, 19.127497081 ], [ -98.19070668900001, 19.13998574 ], [ -98.20804022, 19.132699480000028 ], [ -98.223038889, 19.1366376 ], [ -98.23024123, 19.156728621000049 ], [ -98.269702799, 19.162389880000017 ], [ -98.307155939, 19.189203941 ], [ -98.32392929, 19.168661879999974 ], [ -98.34271029, 19.177939740000021 ], [ -98.33068097, 19.20015005 ], [ -98.36891505, 19.226122 ], [ -98.36454634, 19.233125249999986 ], [ -98.380403458, 19.261715620999979 ], [ -98.41009083, 19.291339261000012 ], [ -98.40772137, 19.31593170999998 ], [ -98.42835278, 19.3275794 ], [ -98.441273, 19.32525114000002 ], [ -98.47027771, 19.360830910000022 ], [ -98.52319214, 19.460868680000011 ], [ -98.57027614, 19.466769350000014 ], [ -98.59127565, 19.4492142 ], [ -98.62940658, 19.457017949999962 ], [ -98.63411472, 19.467848169999971 ], [ -98.65322655, 19.465986230000016 ], [ -98.681912399, 19.51801071 ], [ -98.708398579000018, 19.547599689999988 ], [ -98.701268279, 19.570944249999989 ], [ -98.689110169, 19.576859429999981 ], [ -98.692431999, 19.585879490000018 ], [ -98.681512459000018, 19.58792022 ], [ -98.68137995, 19.598284940000013 ], [ -98.65330848, 19.60783408 ], [ -98.63468663, 19.59775811 ], [ -98.60983608, 19.602014309999955 ], [ -98.57993998, 19.637416339999969 ], [ -98.5663578, 19.641119660000019 ], [ -98.56371951, 19.62714882 ], [ -98.55561046, 19.628102369999979 ], [ -98.55039968, 19.61857817 ], [ -98.53557578, 19.63441888 ], [ -98.5192388, 19.60239929 ], [ -98.491613849, 19.607367830000019 ], [ -98.49019543, 19.619953320000015 ], [ -98.441423649, 19.612580571 ], [ -98.412666539000014, 19.617499089999981 ], [ -98.38169685, 19.609361860000043 ], [ -98.32380314, 19.68529765000002 ], [ -98.32094918, 19.701010890000017 ], [ -98.33004674, 19.699037459999989 ], [ -98.3316672, 19.722319969999972 ], [ -98.31108689, 19.727726450000013 ], [ -98.29176323, 19.72590043 ], [ -98.2796724, 19.71688149 ], [ -98.28166092, 19.726259980000012 ], [ -98.25531892, 19.71882902 ], [ -98.25241131, 19.693125800000022 ], [ -98.24106728, 19.67583615 ], [ -98.22808152, 19.680419449999974 ], [ -98.22802429, 19.67445131 ], [ -98.18981994, 19.671012489999985 ], [ -98.18736852, 19.6797324 ], [ -98.16556431, 19.66747586 ], [ -98.14373049, 19.683648829999989 ], [ -98.11773588, 19.68826334 ], [ -98.10100792, 19.66804989000001 ], [ -98.0828074, 19.7007558 ], [ -98.064396380000019, 19.70901008 ], [ -98.06597157, 19.728076949999963 ], [ -98.05625122, 19.726022660000027 ] ] ] } },
{ "type": "Feature", "properties": { "cvegeo": "30", "cve_ent": "30", "nomgeo": "Veracruz de Ignacio de la Llave", "nom_abrev": "Ver." }, "geometry": { "type": "MultiPolygon", "coordinates": [ [ [ [ -96.090983199, 19.175454925000011 ], [ -96.092950152, 19.17618061 ], [ -96.092127759, 19.17724571 ], [ -96.090983199, 19.175454925000011 ] ] ], [ [ [ -97.221317646, 21.476608006 ], [ -97.225036792, 21.468736862999972 ], [ -97.230402818, 21.468645692000035 ], [ -97.228495005, 21.472673048000047 ], [ -97.221317646, 21.476608006 ] ] ], [ [ [ -98.208827769, 22.46476237 ], [ -98.192562219, 22.467055111000025 ], [ -98.199884679, 22.44903588 ], [ -98.1897432, 22.441790520000019 ], [ -98.187485489, 22.423868509999981 ], [ -98.11353597, 22.395303280999958 ], [ -98.106213119, 22.366712311 ], [ -98.086015309, 22.370153659999964 ], [ -98.07426331, 22.347781201 ], [ -98.059451719, 22.346377030000014 ], [ -98.05396049, 22.355540171 ], [ -98.02847211000001, 22.358392091000024 ], [ -98.000710109, 22.348157051 ], [ -97.990020249000011, 22.350863820000043 ], [ -97.970509739, 22.328050221 ], [ -97.983979909, 22.304671260000038 ], [ -97.998949399, 22.314326751 ], [ -98.000324049, 22.297432491000027 ], [ -97.99266415, 22.29277471000001 ], [ -97.982707829, 22.30261351 ], [ -97.956707617, 22.293892370999984 ], [ -97.93166065, 22.271046571 ], [ -97.934595089, 22.254594051000019 ], [ -97.916790429, 22.252593091000023 ], [ -97.91793966, 22.239985831 ], [ -97.894962461, 22.222378437999978 ], [ -97.84488829, 22.206965830000019 ], [ -97.824815368, 22.244145021000037 ], [ -97.79241483, 22.260350601 ], [ -97.77434771, 22.26391605000001 ], [ -97.79041489, 22.25989192000004 ], [ -97.79370937, 22.24970151 ], [ -97.78525242, 22.16632526 ], [ -97.75194969, 22.062105060000018 ], [ -97.69806588, 21.95648363 ], [ -97.56433443, 21.77079381999997 ], [ -97.44231797, 21.65891832 ], [ -97.3435882, 21.58769057 ], [ -97.3279044, 21.5671652 ], [ -97.33047812, 21.51597907999998 ], [ -97.35058665, 21.456606249999982 ], [ -97.4144378, 21.325390949999989 ], [ -97.42024158, 21.23089714 ], [ -97.39814, 21.162370919999979 ], [ -97.32546989, 21.01716014 ], [ -97.32628122, 21.005664079999963 ], [ -97.31126402000001, 20.978640449999986 ], [ -97.30165105, 20.974069850000017 ], [ -97.30563346, 20.96669969 ], [ -97.29712689, 20.946401680000029 ], [ -97.22838709, 20.830278089999982 ], [ -97.20517305, 20.77613155 ], [ -97.1936882, 20.738865309999987 ], [ -97.20117845, 20.724557889999986 ], [ -97.17559382, 20.658670279999988 ], [ -97.11238634, 20.57893883 ], [ -96.98573185, 20.463822080000011 ], [ -96.92411038, 20.381986379999979 ], [ -96.71018866, 20.16522075 ], [ -96.57432986, 20.00520758 ], [ -96.57411466, 19.991902850000038 ], [ -96.55171112, 19.954508029999975 ], [ -96.44949565, 19.849204180000029 ], [ -96.40107126, 19.725334340000018 ], [ -96.40627904, 19.700439192 ], [ -96.39108625, 19.677265306 ], [ -96.39759717, 19.67283291 ], [ -96.39691977, 19.649789970000029 ], [ -96.371652717, 19.601436119 ], [ -96.379044435, 19.589579206 ], [ -96.37561928, 19.5664448 ], [ -96.357497303, 19.532445787999979 ], [ -96.312635439, 19.478656505 ], [ -96.30867232, 19.46255669 ], [ -96.31934688, 19.452794460000014 ], [ -96.32173623, 19.414344119999988 ], [ -96.306368555, 19.372055710000026 ], [ -96.310761813, 19.35676276300001 ], [ -96.303384711, 19.336397107 ], [ -96.252079988, 19.282872493000017 ], [ -96.189351807, 19.251314218999983 ], [ -96.164714867, 19.246617163 ], [ -96.153776231, 19.229410031000011 ], [ -96.157990511, 19.226197818999967 ], [ -96.164406985, 19.245466694000012 ], [ -96.171563928, 19.246941484000011 ], [ -96.164959538, 19.219419104 ], [ -96.132030135, 19.219985165000011 ], [ -96.15436632, 19.217548850000025 ], [ -96.15549826, 19.215645279999976 ], [ -96.12350288, 19.213872690000017 ], [ -96.12032969, 19.20359535 ], [ -96.135386987, 19.214118862000017 ], [ -96.140275970000019, 19.210057659999986 ], [ -96.1354562, 19.201570679999985 ], [ -96.12600534, 19.201782649999981 ], [ -96.127948612, 19.195400224000014 ], [ -96.12126, 19.200774340000027 ], [ -96.12361087, 19.179625388 ], [ -96.092712780000014, 19.151529509999978 ], [ -96.105044651, 19.123694016999988 ], [ -96.095809907, 19.105018341000012 ], [ -96.09943994, 19.097391890000022 ], [ -96.082602369, 19.077673430000015 ], [ -96.031465077, 19.056693186 ], [ -96.007283805000014, 19.057271394999976 ], [ -95.992979725, 19.064337531000046 ], [ -95.991930395, 19.06302512600001 ], [ -95.981449789, 19.066133525999984 ], [ -95.978159903, 19.065329741 ], [ -95.981720171, 19.065784812000011 ], [ -95.982582409, 19.062997388999985 ], [ -95.969840712000021, 19.050238009000012 ], [ -95.959620798, 18.96161972800002 ], [ -95.92821365, 18.88670795 ], [ -95.862268570000012, 18.83250350999996 ], [ -95.782371816, 18.79966360200002 ], [ -95.750376259, 18.795411526 ], [ -95.720246759, 18.768836297999972 ], [ -95.644808918, 18.735808054 ], [ -95.569371541, 18.719249254999983 ], [ -95.49493856700002, 18.712862221 ], [ -95.288254720000012, 18.71667397 ], [ -95.263240409, 18.705713724 ], [ -95.214926162, 18.703216851 ], [ -95.1889804, 18.709737860000029 ], [ -95.16759646, 18.687617889999988 ], [ -95.13703126, 18.671452580000018 ], [ -95.13073578, 18.67429495 ], [ -95.12163598, 18.652491890000011 ], [ -95.079532131, 18.641907458 ], [ -95.080956119, 18.630811198999968 ], [ -95.065174939000016, 18.622205878 ], [ -95.060068188, 18.606590609 ], [ -95.049461315, 18.599747826000012 ], [ -95.050587273, 18.583937007000024 ], [ -95.03381278, 18.57234191 ], [ -94.987954820000013, 18.554447890000045 ], [ -94.97525378, 18.558278520000037 ], [ -94.951123408, 18.55054141400003 ], [ -94.874121734, 18.548747993 ], [ -94.81657372, 18.538575880000018 ], [ -94.78749409, 18.5056856 ], [ -94.77369969, 18.44920543 ], [ -94.74379303, 18.421747139999987 ], [ -94.73652934, 18.393889369999986 ], [ -94.6639838, 18.33838965 ], [ -94.65711428, 18.31161408 ], [ -94.62310174, 18.287129420000024 ], [ -94.62435931, 18.253494970000023 ], [ -94.60699862, 18.20403892 ], [ -94.58778011, 18.18561938 ], [ -94.53979458, 18.16120612 ], [ -94.47551757, 18.15057592 ], [ -94.41997152, 18.15681386 ], [ -94.41574382, 18.166434660000014 ], [ -94.41561412, 18.15823034 ], [ -94.407614970000012, 18.15967677 ], [ -94.41270409000002, 18.16625837 ], [ -94.41244915, 18.166598110000024 ], [ -94.40611297, 18.159523940000021 ], [ -94.37297591, 18.161415480000031 ], [ -94.13002517, 18.212851200000014 ], [ -94.12691878, 18.168250029999989 ], [ -94.12029965, 18.16495917 ], [ -94.10467886, 18.17395003 ], [ -94.09468018, 18.16066997 ], [ -94.10044357, 18.125915939999981 ], [ -94.08110825, 18.09577254 ], [ -94.09715949, 18.07862758 ], [ -94.074358120000014, 18.05859309 ], [ -94.08374866, 18.00646409 ], [ -94.06652363, 18.0093962 ], [ -94.06140031000001, 17.98812434 ], [ -94.06851632, 17.97959265 ], [ -94.07353269, 17.987770579999989 ], [ -94.08250048, 17.977953510000027 ], [ -94.08074628, 17.9683392 ], [ -94.08888843, 17.970620230000023 ], [ -94.09199012, 17.96193194 ], [ -94.08800992, 17.90648082 ], [ -94.07930882, 17.89104585 ], [ -94.08343075, 17.86986849 ], [ -94.06260455, 17.863087799999978 ], [ -94.03315848, 17.872557220000015 ], [ -94.03753443, 17.86265878 ], [ -94.02944751, 17.84566954000001 ], [ -94.02303868, 17.84625725 ], [ -94.02594743, 17.840380620000012 ], [ -94.01634295, 17.844492379999981 ], [ -93.99561231, 17.836618080000012 ], [ -93.99461468, 17.84602011 ], [ -93.98787082, 17.834358250000037 ], [ -93.98456726000002, 17.851574940000027 ], [ -93.97317926, 17.84233592 ], [ -93.96778617, 17.845252339999956 ], [ -93.96787886, 17.837046659999988 ], [ -93.95595003, 17.833395180000021 ], [ -93.95744272, 17.825315280000019 ], [ -93.96499469, 17.829967550000024 ], [ -93.95832778, 17.819729 ], [ -93.96799617, 17.81787168 ], [ -93.95680097, 17.81064025 ], [ -93.96316788, 17.799502260000029 ], [ -93.95063140000002, 17.800412420000029 ], [ -93.95610382000001, 17.78172018 ], [ -93.93525946, 17.75909685 ], [ -93.94010726, 17.753169910000029 ], [ -93.92231463, 17.746328339999984 ], [ -93.91011942, 17.75469102 ], [ -93.89220574, 17.753677350000014 ], [ -93.89128017, 17.748080780000024 ], [ -93.88534877, 17.75722472 ], [ -93.88123703, 17.75129822 ], [ -93.87704878, 17.75656358 ], [ -93.86960851, 17.739323310000021 ], [ -93.8836616, 17.73553378 ], [ -93.8761626, 17.733298939999969 ], [ -93.88072222000001, 17.726277619999983 ], [ -93.86999708, 17.713536030000011 ], [ -93.86499603, 17.72218663 ], [ -93.85928592, 17.716852719999984 ], [ -93.84858131, 17.72070889 ], [ -93.84302009, 17.711366579999968 ], [ -93.82658643, 17.719191620000014 ], [ -93.82234068, 17.69957651 ], [ -93.80698908, 17.705919029999986 ], [ -93.80515466, 17.68935551 ], [ -93.77256988, 17.69270898 ], [ -93.76504126, 17.674573250000027 ], [ -93.75976808, 17.685116710000031 ], [ -93.75178889, 17.68398655 ], [ -93.75671914, 17.67687246 ], [ -93.73851086, 17.67937015 ], [ -93.74658266, 17.660114710000013 ], [ -93.74089091, 17.64940571 ], [ -93.73269195, 17.64916222 ], [ -93.72999174, 17.64128974 ], [ -93.73798755, 17.634950479999986 ], [ -93.73528022, 17.630081880000017 ], [ -93.73102469, 17.63583334 ], [ -93.7328826, 17.62576023 ], [ -93.72911917, 17.629865250000012 ], [ -93.71472817, 17.62085308000001 ], [ -93.71917042, 17.633463520000014 ], [ -93.7131836, 17.63067002999998 ], [ -93.70969134, 17.61163298 ], [ -93.69965745, 17.61368562 ], [ -93.69946417, 17.59602389 ], [ -93.67761032, 17.58586952 ], [ -93.67731028, 17.575766750000021 ], [ -93.65916928, 17.56548634 ], [ -93.65671229, 17.55534257 ], [ -93.65369006, 17.559972691000034 ], [ -93.63114355, 17.556734741000014 ], [ -93.629468979, 17.54936628 ], [ -93.613601120000013, 17.552511281000047 ], [ -93.62726325, 17.53168222 ], [ -93.62502077, 17.514637080000011 ], [ -93.63734108, 17.509813630000018 ], [ -93.62607155, 17.50442128 ], [ -93.62410485, 17.493457229999958 ], [ -93.63934252, 17.459585199999989 ], [ -93.64771242, 17.46174409 ], [ -93.65041403, 17.45885466 ], [ -93.64415712, 17.4521712 ], [ -93.6365974, 17.455276879999964 ], [ -93.64517988, 17.44240158 ], [ -93.63820632, 17.43608626 ], [ -93.64930975, 17.43247138 ], [ -93.65757929, 17.41690674 ], [ -93.67299631, 17.419918309999989 ], [ -93.68353874, 17.395628179999978 ], [ -93.69492022, 17.387804369999984 ], [ -93.68574718, 17.37236757 ], [ -93.63495855, 17.337701859999981 ], [ -93.64519834, 17.33068571 ], [ -93.64150289, 17.317953140000014 ], [ -93.62743197, 17.31284315 ], [ -93.62438668, 17.32248131 ], [ -93.607939816, 17.314930021000016 ], [ -93.638132334, 17.290948363 ], [ -93.664411458, 17.286193384999976 ], [ -93.662694365, 17.256276901999961 ], [ -93.762976481, 17.239344492 ], [ -93.772450198, 17.245823559 ], [ -93.788609505, 17.232327342000019 ], [ -93.801448683, 17.24037950300001 ], [ -93.803762489, 17.22486817299998 ], [ -93.82663017, 17.19049403 ], [ -93.827137690000015, 17.172503481 ], [ -93.86091577, 17.16374114 ], [ -93.87012328, 17.146647419 ], [ -93.867426771, 17.136964913000018 ], [ -94.92281478, 17.193788430000023 ], [ -94.92301672, 17.20413023 ], [ -94.91121411, 17.21370558000002 ], [ -94.90956766, 17.242781479999977 ], [ -94.89542903, 17.2563784 ], [ -94.90965472, 17.26797692 ], [ -94.90134869, 17.287452749999972 ], [ -94.91309106, 17.28623478 ], [ -94.91476582, 17.292577060000028 ], [ -94.88900377, 17.30007838 ], [ -94.89078155, 17.311056 ], [ -94.92715808, 17.325141200000029 ], [ -94.95097968, 17.315649429999986 ], [ -94.96650918, 17.33436766 ], [ -94.97119215, 17.330969580000012 ], [ -95.0765674, 17.37293371 ], [ -95.25304798, 17.60780632 ], [ -95.26475325, 17.601563350999985 ], [ -95.2788454, 17.6132428 ], [ -95.27021962, 17.615738079999986 ], [ -95.27125805, 17.624734600000021 ], [ -95.24841123, 17.62558228 ], [ -95.25900111, 17.62901075 ], [ -95.24822563, 17.645978060000015 ], [ -95.24193342, 17.634958 ], [ -95.21844762, 17.63932825 ], [ -95.20708, 17.6543498 ], [ -95.20120309, 17.647411971 ], [ -95.19512317, 17.65485352 ], [ -95.1881316, 17.650701460000011 ], [ -95.18243535, 17.691062630000019 ], [ -95.238913, 17.73926412 ], [ -95.258673, 17.72854323 ], [ -95.26902605, 17.740934059999987 ], [ -95.26555403, 17.71753622 ], [ -95.27919548, 17.72189402 ], [ -95.29224418, 17.712422251 ], [ -95.29780852, 17.72214142000001 ], [ -95.30997051, 17.708555151 ], [ -95.30661078, 17.697155630000022 ], [ -95.31664798, 17.697577799999987 ], [ -95.33380752, 17.67518315 ], [ -95.34006145, 17.674398090000015 ], [ -95.34375875, 17.683659830999954 ], [ -95.35174245, 17.671840320000012 ], [ -95.36789074, 17.673656250000029 ], [ -95.38680769, 17.663857289999964 ], [ -95.40716217, 17.643332090000026 ], [ -95.41303351, 17.65186109 ], [ -95.41850165, 17.64404404999998 ], [ -95.42548995, 17.64747249000002 ], [ -95.4268278, 17.63657035 ], [ -95.44610738, 17.621759801000021 ], [ -95.4560778, 17.623087770000026 ], [ -95.45445892, 17.611102719999987 ], [ -95.47314134, 17.609113019999981 ], [ -95.46301645, 17.59639391 ], [ -95.47934414, 17.5878294 ], [ -95.48417995, 17.601899481 ], [ -95.50631723, 17.590770549999963 ], [ -95.50367746, 17.58377303 ], [ -95.51402123, 17.58545383 ], [ -95.5212662, 17.57703998000002 ], [ -95.51740231, 17.569618 ], [ -95.52479322, 17.576024221 ], [ -95.53110566, 17.57061106 ], [ -95.52510192, 17.56210954 ], [ -95.53146271, 17.55616275 ], [ -95.5396748, 17.560574520999989 ], [ -95.54960285, 17.55321345 ], [ -95.55554714, 17.55864154 ], [ -95.55942762, 17.547035481 ], [ -95.56881512, 17.551239029999984 ], [ -95.58533385, 17.5350266 ], [ -95.59875226, 17.53461497 ], [ -95.60511978, 17.549012659999974 ], [ -95.60708948, 17.539818149999967 ], [ -95.64504451, 17.546714320000017 ], [ -95.65359188, 17.56048794 ], [ -95.648470800000013, 17.539889090000013 ], [ -95.68515422, 17.537531739999984 ], [ -95.70210192, 17.51849168 ], [ -95.70657565, 17.53401937 ], [ -95.72514937, 17.536226079999953 ], [ -95.72048417, 17.54352588 ], [ -95.72809345, 17.551981119999976 ], [ -95.72689688, 17.57802905 ], [ -95.77155557, 17.588686450000012 ], [ -95.77148038, 17.599698049999976 ], [ -95.78175125, 17.60302826 ], [ -95.79298385, 17.60143438 ], [ -95.79185258, 17.58636329000004 ], [ -95.80754957, 17.591841580000025 ], [ -95.80348578, 17.607100290000023 ], [ -95.79470255, 17.60351758 ], [ -95.78037722, 17.611117260000015 ], [ -95.77365846, 17.6058504 ], [ -95.781114340000016, 17.63887688 ], [ -95.8033056, 17.62936575 ], [ -95.80800632, 17.646800479999982 ], [ -95.83063354, 17.65262503 ], [ -95.84404154, 17.673120650000026 ], [ -95.86751163, 17.684839339999971 ], [ -95.87101835, 17.70216892 ], [ -95.89529329, 17.704493949999989 ], [ -95.894020429, 17.712319981000029 ], [ -95.873396289, 17.717133831 ], [ -95.872809719, 17.727409051000024 ], [ -95.89263411, 17.72071682 ], [ -95.902863799, 17.734103720000029 ], [ -95.892924309, 17.765141321000012 ], [ -95.866390400000014, 17.77435283 ], [ -95.86895563, 17.796624939999969 ], [ -95.85578566, 17.805556799999977 ], [ -95.84933642, 17.825847920000029 ], [ -95.85881557, 17.84478349 ], [ -95.85020465, 17.844534320000047 ], [ -95.79992472, 17.95001257 ], [ -95.83316694, 18.129026830000015 ], [ -95.90716146, 18.135644489999979 ], [ -95.9146468, 18.15220048 ], [ -95.92213202, 18.15080397 ], [ -95.92219531, 18.141056950000017 ], [ -95.92573765, 18.14643078 ], [ -95.93334172, 18.14166754 ], [ -95.93725483, 18.156632740000024 ], [ -95.95345946, 18.15986512 ], [ -95.98153737, 18.142953220000013 ], [ -95.99106746, 18.151938881 ], [ -96.025689979, 18.13346098 ], [ -96.046873709, 18.13656454 ], [ -96.051389, 18.126738251 ], [ -96.05697882, 18.134019971 ], [ -96.066383089, 18.13158858100001 ], [ -96.084226399, 18.162534321000035 ], [ -96.0991836, 18.16684331 ], [ -96.11431648, 18.16407132 ], [ -96.124128219, 18.140377521000016 ], [ -96.136715079, 18.13403563 ], [ -96.143625519, 18.140148971 ], [ -96.154225939, 18.131804889999984 ], [ -96.179666049, 18.140566051 ], [ -96.18828205, 18.151302941 ], [ -96.18281, 18.15781768 ], [ -96.18719568, 18.166748891 ], [ -96.170235279, 18.169802450999985 ], [ -96.17069103, 18.186383981 ], [ -96.20313298, 18.174875231000016 ], [ -96.217478089, 18.161967401 ], [ -96.23100305, 18.189726779999976 ], [ -96.267993549, 18.22445163 ], [ -96.266818059, 18.245662061 ], [ -96.288236709, 18.259761420999986 ], [ -96.26916392, 18.27398418000001 ], [ -96.278576149, 18.2838184 ], [ -96.270763749, 18.29782335 ], [ -96.30994786, 18.32235334000001 ], [ -96.30560992, 18.32902983 ], [ -96.31499275, 18.331389379999983 ], [ -96.31732791, 18.364537250000019 ], [ -96.33505331, 18.37251734 ], [ -96.33106809, 18.37922838 ], [ -96.3453428, 18.37969546 ], [ -96.34455405, 18.398507659999989 ], [ -96.35258777, 18.41024734 ], [ -96.361731460000016, 18.407075679999984 ], [ -96.37619577, 18.424648550000029 ], [ -96.38924808, 18.42837652 ], [ -96.389337310000016, 18.44048075 ], [ -96.40298454, 18.439919399999983 ], [ -96.40459711, 18.467777969999975 ], [ -96.41802257, 18.47048208 ], [ -96.41118551, 18.47692106000002 ], [ -96.41656025, 18.49927412 ], [ -96.4234816, 18.50180409 ], [ -96.42076198, 18.5104578 ], [ -96.44710054, 18.536675030000012 ], [ -96.46107055, 18.573043620000028 ], [ -96.46782772, 18.570896340000022 ], [ -96.49993063, 18.58952986 ], [ -96.51732865, 18.5815784 ], [ -96.525475, 18.5877736 ], [ -96.56094709, 18.587698619999983 ], [ -96.61668197, 18.619074059999946 ], [ -96.68302172, 18.66968806 ], [ -96.68109629, 18.64794902 ], [ -96.68869697, 18.638792830000018 ], [ -96.6749682, 18.624341170000019 ], [ -96.67246352, 18.60757412 ], [ -96.693828309, 18.59120885 ], [ -96.68875872000001, 18.58121574 ], [ -96.702148980000018, 18.58122671000001 ], [ -96.69094058, 18.56797438 ], [ -96.69963072, 18.55334289 ], [ -96.71560478, 18.57324149 ], [ -96.72422172, 18.55898754 ], [ -96.71182669, 18.54805548 ], [ -96.72689948, 18.529829 ], [ -96.7190278, 18.52212768 ], [ -96.70616883, 18.52633669 ], [ -96.70286772, 18.51026902 ], [ -96.6880226, 18.51264169 ], [ -96.68154402, 18.50327277 ], [ -96.69107842, 18.489827919999989 ], [ -96.68254191, 18.475062170000019 ], [ -96.69288328, 18.45754932 ], [ -96.70532345, 18.45671057 ], [ -96.70970712, 18.42995417000002 ], [ -96.68103725, 18.412204429999989 ], [ -96.68143971, 18.385657030000012 ], [ -96.675046660000021, 18.38422954 ], [ -96.68161515, 18.375584079999989 ], [ -96.69183122, 18.380849780000016 ], [ -96.69624991, 18.364754479999981 ], [ -96.69772383, 18.382074060000029 ], [ -96.73232691, 18.3736998 ], [ -96.74103766, 18.38261306 ], [ -96.72491908, 18.408179820000026 ], [ -96.75908505, 18.408263659999974 ], [ -96.77089886, 18.42297782 ], [ -96.76318571, 18.42705068 ], [ -96.78101195, 18.42906951 ], [ -96.78481806, 18.44419626 ], [ -96.77542369, 18.448093230000016 ], [ -96.7861728, 18.457925890000013 ], [ -96.78094162, 18.465925150000025 ], [ -96.78920675, 18.467139820000039 ], [ -96.79579549, 18.480223280000011 ], [ -96.79701183, 18.511935179999984 ], [ -96.81344615, 18.51761791 ], [ -96.82403863, 18.511110579999986 ], [ -96.82509505, 18.49811475 ], [ -96.84235751, 18.493388780000021 ], [ -96.84632769, 18.50537832 ], [ -96.86730092, 18.51459702 ], [ -96.86653317, 18.52669203 ], [ -96.87351326, 18.52323168000002 ], [ -96.87592746, 18.535088850000012 ], [ -96.88588275, 18.53344362 ], [ -96.89925098, 18.54864795 ], [ -96.92594478, 18.53492554 ], [ -96.95433414, 18.55382937 ], [ -96.96520631, 18.54166183 ], [ -96.97680595, 18.543075399999989 ], [ -96.97378755, 18.53676352 ], [ -96.98481858, 18.53120194000002 ], [ -96.99891734, 18.53191646 ], [ -97.04637815, 18.499560220000028 ], [ -97.07996752, 18.454507780000014 ], [ -97.08347138, 18.483942749999965 ], [ -97.14456308, 18.57092786 ], [ -97.14144277, 18.59641791000001 ], [ -97.17440565, 18.60666222 ], [ -97.17596034, 18.616719879999966 ], [ -97.19691875, 18.629581149999979 ], [ -97.215241170000013, 18.62555363 ], [ -97.23542915, 18.643569480000011 ], [ -97.25227174, 18.626726399999988 ], [ -97.27185192, 18.62777915000002 ], [ -97.28186551, 18.652493290000031 ], [ -97.30320266, 18.67428562 ], [ -97.32317806, 18.66430852 ], [ -97.33102582, 18.68311902 ], [ -97.33726109, 18.67859078 ], [ -97.34397458, 18.685759 ], [ -97.34219526, 18.705896569999982 ], [ -97.350025370000012, 18.71714311 ], [ -97.34214949, 18.72581591999996 ], [ -97.34719437, 18.72743694 ], [ -97.33950575, 18.74240958 ], [ -97.344238290000021, 18.749443920000022 ], [ -97.330059, 18.765974400000015 ], [ -97.34018568, 18.77839937 ], [ -97.35285031, 18.774361280000011 ], [ -97.35303111, 18.79128491 ], [ -97.3263456, 18.810246480000014 ], [ -97.322667080000016, 18.83507192 ], [ -97.30609182, 18.84342485000003 ], [ -97.29731158, 18.867310290000013 ], [ -97.27137371, 18.89081443 ], [ -97.24580249, 18.89330063 ], [ -97.2418156, 18.90214271000001 ], [ -97.25334611, 18.928754649999981 ], [ -97.25825892, 18.977714220000021 ], [ -97.28512577, 18.99943085 ], [ -97.26662571, 19.030313199999988 ], [ -97.26965286, 19.063072180000013 ], [ -97.26139946, 19.096627260000027 ], [ -97.22232171, 19.123428029999989 ], [ -97.21956818, 19.13613197 ], [ -97.19719794, 19.146559109999981 ], [ -97.20963297, 19.15985088999998 ], [ -97.19458906, 19.171812579999987 ], [ -97.18368202, 19.162738219999973 ], [ -97.18063372, 19.16932957 ], [ -97.13652548, 19.16011032 ], [ -97.13073162, 19.167684250000018 ], [ -97.10872346, 19.168407879999975 ], [ -97.06669271, 19.159455321 ], [ -97.067980199, 19.148459 ], [ -97.05563308, 19.13400217 ], [ -97.04583988, 19.128028940000029 ], [ -97.03445602, 19.137668259999977 ], [ -97.0270518, 19.1332362 ], [ -97.04213609, 19.151387 ], [ -97.04138562, 19.17441722 ], [ -97.05615475, 19.197666580000021 ], [ -97.05155962, 19.206812939999967 ], [ -97.00123451, 19.23654602 ], [ -97.00440989, 19.25690105 ], [ -96.98556011, 19.27939681999997 ], [ -97.00345997, 19.296380029 ], [ -97.014755260000015, 19.29007517 ], [ -97.03099058, 19.29732677 ], [ -97.04551137, 19.32128262 ], [ -97.05569168, 19.31197135 ], [ -97.07118105, 19.32151662 ], [ -97.10199869, 19.30361545 ], [ -97.12935971, 19.308896680000018 ], [ -97.13675151, 19.322703969999989 ], [ -97.14845492, 19.32025005 ], [ -97.170205690000017, 19.32902235000001 ], [ -97.20027346, 19.30926475 ], [ -97.20084034, 19.31628845 ], [ -97.215605260000018, 19.323319720000022 ], [ -97.20472112, 19.329962020000018 ], [ -97.21020605, 19.359441650000033 ], [ -97.22386906, 19.356958709999958 ], [ -97.23362182, 19.371215580000015 ], [ -97.2849682, 19.39163674000001 ], [ -97.33775011, 19.392530719999986 ], [ -97.348620090000011, 19.37849371 ], [ -97.36045311, 19.376029320000026 ], [ -97.37169988, 19.403059140000021 ], [ -97.39410235, 19.40729557 ], [ -97.397356539, 19.419064230000011 ], [ -97.38154326, 19.43236683 ], [ -97.35727628, 19.432376719999969 ], [ -97.346893, 19.45099863 ], [ -97.34825852, 19.48462697 ], [ -97.35572985, 19.49291025 ], [ -97.36074611, 19.48849345 ], [ -97.37067062, 19.494994919999979 ], [ -97.40455588, 19.49586629 ], [ -97.40088235, 19.506913969999989 ], [ -97.40958968, 19.537329339999982 ], [ -97.42664686, 19.541676020000036 ], [ -97.43427852, 19.588848459999966 ], [ -97.41846728, 19.62721655 ], [ -97.40274729, 19.61534302 ], [ -97.34116157, 19.675751749999975 ], [ -97.32640262, 19.678918259999978 ], [ -97.30393002, 19.671155540000012 ], [ -97.3331404, 19.716779819999989 ], [ -97.3137838, 19.7351354 ], [ -97.32193997, 19.734778180000013 ], [ -97.32000335, 19.769826140000013 ], [ -97.30455903, 19.87069469 ], [ -97.29047463, 19.88681211 ], [ -97.29182251, 19.90025598 ], [ -97.25580865, 19.93246009 ], [ -97.26924909, 19.947027280000015 ], [ -97.26066906, 19.97725443 ], [ -97.23816809, 19.988711170000016 ], [ -97.22509963, 20.00946025 ], [ -97.20692723, 20.01466782000001 ], [ -97.20615191, 20.056354920000032 ], [ -97.19542628, 20.054341420000014 ], [ -97.18549822, 20.06234028 ], [ -97.17402522, 20.092174139999983 ], [ -97.12240882, 20.136721479999988 ], [ -97.151363890000013, 20.137540339999987 ], [ -97.15752923, 20.149575450000018 ], [ -97.1499912, 20.160614259999988 ], [ -97.16100843, 20.160717050000017 ], [ -97.16441343, 20.15183155 ], [ -97.24239263, 20.17447751000002 ], [ -97.24404115, 20.182278600000021 ], [ -97.26193108, 20.17754897 ], [ -97.27054392, 20.18751898 ], [ -97.28319126, 20.181112059999986 ], [ -97.28528174, 20.190730709999976 ], [ -97.365512398, 20.21575120100001 ], [ -97.37779572, 20.223088550000011 ], [ -97.378238830000015, 20.249255659999982 ], [ -97.40816878, 20.232092060000024 ], [ -97.42080589, 20.24242311000004 ], [ -97.44527609, 20.246160660000019 ], [ -97.46429385, 20.224227230000032 ], [ -97.4650594, 20.180218399999973 ], [ -97.48479823, 20.173881340000012 ], [ -97.50538408, 20.15393815 ], [ -97.49478815, 20.14619346 ], [ -97.49979866, 20.14272183 ], [ -97.49483846, 20.13734828 ], [ -97.52739417, 20.114878939999965 ], [ -97.53959257, 20.11600924999998 ], [ -97.54815609, 20.10119483 ], [ -97.557636, 20.107183249999988 ], [ -97.56129569, 20.08602191 ], [ -97.58602802, 20.07932992000001 ], [ -97.59571151, 20.09689153999998 ], [ -97.58423503, 20.094757149999985 ], [ -97.57865135, 20.102519880000013 ], [ -97.60273531, 20.11931382 ], [ -97.60448911, 20.16687362 ], [ -97.63280295, 20.183227019999972 ], [ -97.65244077, 20.163566149999976 ], [ -97.66331855, 20.169507319999983 ], [ -97.68683092, 20.165809370000048 ], [ -97.69871838, 20.182378420000017 ], [ -97.72050615, 20.189197280000016 ], [ -97.7314612, 20.18134845 ], [ -97.73925651, 20.189249020000034 ], [ -97.73859666, 20.202098910000011 ], [ -97.73070089, 20.20519982 ], [ -97.73511192, 20.242391940000047 ], [ -97.757297510000015, 20.279079 ], [ -97.74089498, 20.274572719999973 ], [ -97.70840565, 20.285293229999979 ], [ -97.70427425, 20.303244180000014 ], [ -97.68139762, 20.30243242 ], [ -97.67730817, 20.31297869 ], [ -97.68985792, 20.320087310000016 ], [ -97.67312512, 20.336607290000011 ], [ -97.67934494, 20.349917879999968 ], [ -97.70068949, 20.319919030000015 ], [ -97.74287652000001, 20.351196770000019 ], [ -97.74444995, 20.380110149999989 ], [ -97.765641739, 20.381228349999983 ], [ -97.73459932, 20.451306339999984 ], [ -97.725830250000016, 20.458228919999989 ], [ -97.70918749, 20.455109369999985 ], [ -97.69772372, 20.43251266 ], [ -97.67305138, 20.41885537 ], [ -97.6720752, 20.4085294 ], [ -97.64541072, 20.40832363 ], [ -97.63755411, 20.417905550000015 ], [ -97.63536508, 20.452185550000024 ], [ -97.59588391, 20.46399155 ], [ -97.57604555, 20.490900170000021 ], [ -97.55605712, 20.48469003 ], [ -97.54104334, 20.489711620000023 ], [ -97.57832031, 20.537430950000012 ], [ -97.57499228, 20.54334322 ], [ -97.58795302, 20.561070260000012 ], [ -97.58995277, 20.556149679999987 ], [ -97.62543566, 20.56357694 ], [ -97.63666451, 20.55371172000002 ], [ -97.64819649, 20.5663122 ], [ -97.65896548, 20.545115939999985 ], [ -97.68477191, 20.5542612 ], [ -97.68517198, 20.573437340000023 ], [ -97.70190315, 20.57186632 ], [ -97.69341908, 20.602680680000031 ], [ -97.71539398, 20.609084800000012 ], [ -97.70446817, 20.62922425 ], [ -97.73120271, 20.637790170000017 ], [ -97.7373262, 20.64643128 ], [ -97.74951122, 20.643320459999988 ], [ -97.75210182, 20.6576674 ], [ -97.73807885, 20.66303025 ], [ -97.73706737, 20.67965531 ], [ -97.74070163, 20.68972790999997 ], [ -97.74825963, 20.686312970000028 ], [ -97.75753715, 20.69346818 ], [ -97.75063872, 20.70733008 ], [ -97.75296791, 20.73236991 ], [ -97.72846148, 20.741266849999988 ], [ -97.72281992, 20.74998854 ], [ -97.72635372, 20.75997732 ], [ -97.71895505, 20.762954379999986 ], [ -97.72650998, 20.77116146 ], [ -97.71918449, 20.77550066 ], [ -97.72598297, 20.791653650000015 ], [ -97.71314428, 20.79983429 ], [ -97.70134563000002, 20.793603690000044 ], [ -97.69517932, 20.80003885 ], [ -97.73891494, 20.80153463 ], [ -97.77300168, 20.827201379999988 ], [ -97.79039528, 20.81683288 ], [ -97.81376731, 20.82006608 ], [ -97.83025394, 20.80795717 ], [ -97.85011843, 20.81692383 ], [ -97.84108748, 20.83931194000002 ], [ -97.85286794, 20.832868350000037 ], [ -97.87911978, 20.834275880000028 ], [ -97.9224466, 20.71651878 ], [ -97.89742569, 20.703213830000024 ], [ -97.914081, 20.68862146 ], [ -97.91783471, 20.67124455 ], [ -97.90876735, 20.66715862999995 ], [ -97.91184415, 20.653515119999966 ], [ -97.89514571, 20.622698450000012 ], [ -97.90875782, 20.60813415 ], [ -97.90968569, 20.586378110000016 ], [ -97.98081611, 20.54070886 ], [ -97.98152648, 20.52567945000002 ], [ -97.97263034, 20.52320243 ], [ -97.97933374, 20.514933370000037 ], [ -98.01727162, 20.525992380000027 ], [ -98.00830565, 20.532689820000019 ], [ -98.02872817, 20.5897116 ], [ -98.0177098, 20.60170491 ], [ -98.02101, 20.62678 ], [ -98.03997942, 20.631932430000013 ], [ -98.06678289, 20.673869739999976 ], [ -98.07490282, 20.67654784999997 ], [ -98.07195811, 20.657720629999989 ], [ -98.08718085, 20.622876770000026 ], [ -98.09821414, 20.624369459999986 ], [ -98.10059182, 20.613877781000031 ], [ -98.11178648, 20.615936751000042 ], [ -98.11497675, 20.600103861 ], [ -98.12690597, 20.597267201000022 ], [ -98.11872358, 20.594129311000039 ], [ -98.1216428, 20.586094380999988 ], [ -98.13018798, 20.590931251 ], [ -98.14773643, 20.562661801 ], [ -98.15371825, 20.565220831000012 ], [ -98.15804302, 20.542561281000019 ], [ -98.18834483, 20.523219941000022 ], [ -98.21160089, 20.528699850000024 ], [ -98.22844837, 20.521011221 ], [ -98.2341028, 20.506195051 ], [ -98.25577374, 20.499940121 ], [ -98.28046357, 20.469377051 ], [ -98.3121386, 20.44976765100002 ], [ -98.32101362, 20.418013801 ], [ -98.35981997, 20.399809741000023 ], [ -98.38614878, 20.402712911000016 ], [ -98.41829414, 20.38004869 ], [ -98.46208058, 20.33121574 ], [ -98.51740108, 20.33685168 ], [ -98.54861714, 20.359753780000048 ], [ -98.5430648, 20.37556034 ], [ -98.55017917, 20.39570511000003 ], [ -98.54968914, 20.43535917 ], [ -98.59728569, 20.49577086 ], [ -98.55760623, 20.50936477 ], [ -98.55461409, 20.518705950000033 ], [ -98.53466517, 20.530658180000049 ], [ -98.52449234, 20.548362229999988 ], [ -98.52297865, 20.5818126 ], [ -98.51224802, 20.59422434999998 ], [ -98.48018046, 20.588998890000031 ], [ -98.49484672, 20.64434051 ], [ -98.463275, 20.66784135 ], [ -98.4598834, 20.696203350000019 ], [ -98.44921637, 20.70089572 ], [ -98.44590365, 20.69433671 ], [ -98.44334989, 20.709880969999983 ], [ -98.42928055, 20.71627459999997 ], [ -98.42364655, 20.74772214999998 ], [ -98.46034183, 20.713312110000018 ], [ -98.525051340000019, 20.68183911 ], [ -98.53339735, 20.66271691 ], [ -98.55017975, 20.68939254 ], [ -98.5290726, 20.703993920000023 ], [ -98.5301598, 20.71809832 ], [ -98.50643806, 20.733119150000036 ], [ -98.51449332, 20.732322380000024 ], [ -98.51665391, 20.74288968 ], [ -98.50813865, 20.744189399999982 ], [ -98.50361051, 20.732226689999969 ], [ -98.44972888, 20.75134571 ], [ -98.46434572, 20.77192597 ], [ -98.46323055, 20.785177109999989 ], [ -98.44964145, 20.806088579999987 ], [ -98.45055357, 20.821471860000013 ], [ -98.43063858, 20.847672429999989 ], [ -98.41371722, 20.84863645 ], [ -98.402909060000013, 20.85838388 ], [ -98.37891003, 20.852009909999971 ], [ -98.37112595, 20.862314450000014 ], [ -98.35751018, 20.856790119999971 ], [ -98.34514554, 20.864852540000015 ], [ -98.352870459, 20.83600714000001 ], [ -98.327196079, 20.829438230000022 ], [ -98.328646479, 20.820501349999976 ], [ -98.316536049, 20.817770480000011 ], [ -98.314837849, 20.80981548 ], [ -98.344665259, 20.79748534 ], [ -98.328522319, 20.78409682 ], [ -98.315315979, 20.788746830000015 ], [ -98.307830349, 20.80191611 ], [ -98.302876909, 20.795900769999975 ], [ -98.298446429, 20.801429260000024 ], [ -98.304478709, 20.782733460000017 ], [ -98.298810059, 20.777839850000014 ], [ -98.292022939, 20.78550675000001 ], [ -98.26159517, 20.78596923 ], [ -98.254041549, 20.794102890000023 ], [ -98.247749649000014, 20.789437 ], [ -98.244886849, 20.802221599999967 ], [ -98.233652619, 20.79755557 ], [ -98.224705059, 20.818235229999988 ], [ -98.253765049, 20.82149171999998 ], [ -98.262322879, 20.846892539999985 ], [ -98.254642979, 20.8489522 ], [ -98.256222289, 20.85896928 ], [ -98.265503049, 20.86653623 ], [ -98.250966309, 20.89730469 ], [ -98.224862889, 20.90635725 ], [ -98.222704289, 20.918447979999982 ], [ -98.234263939, 20.91582991000001 ], [ -98.23738625, 20.93477625 ], [ -98.22823674, 20.95801965 ], [ -98.21438497, 20.956047540000011 ], [ -98.20953931, 20.967088579999984 ], [ -98.2169194, 20.973743019999983 ], [ -98.21500745, 20.989627310000021 ], [ -98.20061928, 20.99469632 ], [ -98.20158275, 21.012475980000019 ], [ -98.18899837, 21.018318770000018 ], [ -98.188271430000015, 21.03130815 ], [ -98.16115768, 21.01913063 ], [ -98.14735823, 21.07844968000002 ], [ -98.174861920000012, 21.106223890000027 ], [ -98.18756323, 21.11081831 ], [ -98.20169428, 21.10613651 ], [ -98.19515225, 21.1203632 ], [ -98.20741766, 21.12872605 ], [ -98.20505372, 21.138087909999989 ], [ -98.21682458, 21.15147235 ], [ -98.22735005, 21.150415939999988 ], [ -98.24911037, 21.12940332 ], [ -98.26466822, 21.14115325 ], [ -98.28217377, 21.136417380000022 ], [ -98.29592225, 21.15361326 ], [ -98.27857935, 21.17258472 ], [ -98.27913114, 21.19275255 ], [ -98.296150260000019, 21.187961539999989 ], [ -98.29790337, 21.17740249 ], [ -98.31585591, 21.186879620000031 ], [ -98.35075423, 21.15714268000001 ], [ -98.36624108, 21.16223506 ], [ -98.380219520000011, 21.15512474 ], [ -98.386807970000021, 21.162259140000014 ], [ -98.40454445, 21.15265189 ], [ -98.41643569, 21.15498189 ], [ -98.43010749, 21.17278774 ], [ -98.44676691, 21.17981315 ], [ -98.446673, 21.19962 ], [ -98.45962606, 21.20480175 ], [ -98.45289289, 21.21003195 ], [ -98.45694788, 21.214833 ], [ -98.47965663, 21.223888460000012 ], [ -98.48081488, 21.23067465 ], [ -98.46925783, 21.234163980000016 ], [ -98.46835974, 21.249651140000044 ], [ -98.49900978, 21.25223114 ], [ -98.51654337, 21.24426895 ], [ -98.54398172, 21.263901229999977 ], [ -98.49556692, 21.32996577 ], [ -98.49561751, 21.34042022 ], [ -98.48517775, 21.350149860000013 ], [ -98.47787817, 21.343761220000026 ], [ -98.46483546, 21.34776332 ], [ -98.46869709, 21.387032619999975 ], [ -98.4810914, 21.388400819999976 ], [ -98.479828540000014, 21.39659543 ], [ -98.48641728, 21.398517649999988 ], [ -98.50120771, 21.38545651 ], [ -98.510537110000016, 21.40195547999997 ], [ -98.51918791, 21.401303599999977 ], [ -98.524641450000018, 21.44016394 ], [ -98.51691306, 21.46070171 ], [ -98.535599600000012, 21.492464879999968 ], [ -98.53225586, 21.50113952 ], [ -98.557452, 21.521978279999985 ], [ -98.56505072, 21.520086079999974 ], [ -98.60224742, 21.540430820000019 ], [ -98.60540012, 21.5669132 ], [ -98.62574666, 21.585456049999987 ], [ -98.62050602, 21.58824145 ], [ -98.625652120000012, 21.59259562 ], [ -98.61935409, 21.602461399999981 ], [ -98.621127, 21.627822150000036 ], [ -98.64363069, 21.63168171 ], [ -98.63322175, 21.65388817 ], [ -98.62056162, 21.653073279999983 ], [ -98.60947048, 21.667229089999982 ], [ -98.62496182, 21.673065349999984 ], [ -98.62199697, 21.68238257 ], [ -98.59778754, 21.66887988 ], [ -98.57920063, 21.671947780000014 ], [ -98.55825548, 21.687671859999988 ], [ -98.558837680000011, 21.70353897 ], [ -98.57221234, 21.709159550000017 ], [ -98.56743471, 21.71736774 ], [ -98.54384057, 21.72339388 ], [ -98.53074157, 21.697274540000016 ], [ -98.52053169, 21.71023146000001 ], [ -98.5367958, 21.713890479999986 ], [ -98.53741051, 21.72062425 ], [ -98.5166742, 21.716850510000015 ], [ -98.51266492, 21.72660174 ], [ -98.49894622, 21.727242780000012 ], [ -98.50421892, 21.73804809 ], [ -98.49148523, 21.73506106 ], [ -98.47692418, 21.745219260000013 ], [ -98.48372551, 21.75217068000001 ], [ -98.46759695, 21.77069814 ], [ -98.45944731, 21.762311340000018 ], [ -98.45470011, 21.766426690000031 ], [ -98.46236526, 21.791276399999958 ], [ -98.47552283, 21.801922050000016 ], [ -98.47503829, 21.81419205 ], [ -98.49311892, 21.81394032 ], [ -98.48632045, 21.836268510000036 ], [ -98.49505432, 21.838167260000017 ], [ -98.51448114, 21.82389343 ], [ -98.52885838, 21.86317512 ], [ -98.54803354, 21.86010509 ], [ -98.53820297, 21.905808219999969 ], [ -98.520200950000017, 21.896986339999948 ], [ -98.51079751, 21.908697049999979 ], [ -98.51489012, 21.917635709999988 ], [ -98.54587423000001, 21.91734794 ], [ -98.54384705, 21.932117460000018 ], [ -98.53107685, 21.93442782 ], [ -98.50045225, 21.92314852 ], [ -98.50314566, 21.936626420000017 ], [ -98.51559734, 21.951267830000031 ], [ -98.53157635, 21.949915740000016 ], [ -98.55128072, 21.93373843 ], [ -98.56601985, 21.93764441999998 ], [ -98.57647137, 21.947386109999979 ], [ -98.57883911, 21.96609225 ], [ -98.56449728, 21.96824268 ], [ -98.55066502, 21.96075006 ], [ -98.52200037, 21.97943068 ], [ -98.49320337, 21.9604116 ], [ -98.46880577, 21.964601319999989 ], [ -98.48147637, 21.990514030000025 ], [ -98.47628608, 21.99957306 ], [ -98.47233386, 21.98797391 ], [ -98.45954448, 21.99516906 ], [ -98.44354898, 22.03298175 ], [ -98.44641431, 22.04221534 ], [ -98.43464922, 22.05166902 ], [ -98.43945212, 22.07564709 ], [ -98.41882506, 22.098019220000012 ], [ -98.43873706, 22.111914940000013 ], [ -98.43201672, 22.128265379999988 ], [ -98.33654502, 22.18769325 ], [ -98.33041318, 22.20134445 ], [ -98.35226122, 22.22279878 ], [ -98.34461514, 22.22208874 ], [ -98.32596705, 22.243052799999983 ], [ -98.37455585, 22.236079399999969 ], [ -98.36813668, 22.25537311 ], [ -98.37633643, 22.250829080000017 ], [ -98.40509331, 22.256076289999978 ], [ -98.40641878, 22.269350979999988 ], [ -98.396378110000015, 22.27626191 ], [ -98.40755789, 22.28420952 ], [ -98.43037152, 22.274602920000014 ], [ -98.42770023, 22.28345523 ], [ -98.44665903, 22.305621280000029 ], [ -98.46451663, 22.303465740000039 ], [ -98.47590838, 22.2886398 ], [ -98.481994, 22.29943763 ], [ -98.50572583, 22.309005720000016 ], [ -98.50612008, 22.3159744 ], [ -98.52555102, 22.318834849999973 ], [ -98.53521452, 22.33787831 ], [ -98.57929065, 22.348628110000018 ], [ -98.57931582, 22.377756939999987 ], [ -98.6815466, 22.371574860000045 ], [ -98.67088815000001, 22.405673480000022 ], [ -98.638156, 22.414524029999988 ], [ -98.62690123, 22.402160979999987 ], [ -98.61375212, 22.408925050000022 ], [ -98.59232571, 22.395316170000012 ], [ -98.57493552, 22.39394549 ], [ -98.56851282, 22.401578429999972 ], [ -98.52536172, 22.40678072 ], [ -98.50959715, 22.41638795 ], [ -98.50638851, 22.42926672 ], [ -98.49427538, 22.427242649999986 ], [ -98.49213828, 22.41947415000001 ], [ -98.49036923, 22.42776505 ], [ -98.46680758, 22.42880174 ], [ -98.46095912, 22.41219192 ], [ -98.43717026, 22.43358831 ], [ -98.43311726, 22.41357831 ], [ -98.41904628, 22.41273769 ], [ -98.40954342, 22.399926690000019 ], [ -98.39207108, 22.423182229999984 ], [ -98.38474514, 22.422335199999967 ], [ -98.3878092, 22.38928438000001 ], [ -98.374577880000018, 22.38961807999998 ], [ -98.355225350000012, 22.40744563 ], [ -98.352272520000014, 22.38870332 ], [ -98.32769398, 22.398680169999984 ], [ -98.31757826, 22.39097398 ], [ -98.312711, 22.41427277 ], [ -98.32736145, 22.42646958 ], [ -98.31221518000001, 22.445219199999979 ], [ -98.31682298, 22.46856234 ], [ -98.30100782, 22.461226830000012 ], [ -98.287369319, 22.467028171000013 ], [ -98.27293689, 22.447291051000015 ], [ -98.25663417, 22.453406151 ], [ -98.247931429, 22.47165663000002 ], [ -98.232365139, 22.461330981000025 ], [ -98.219843649, 22.471750910000029 ], [ -98.208827769, 22.46476237 ] ] ] ] } },
{ "type": "Feature", "properties": { "cvegeo": "31", "cve_ent": "31", "nomgeo": "Yucatán", "nom_abrev": "Yuc." }, "geometry": { "type": "MultiPolygon", "coordinates": [ [ [ [ -92.224700001, 20.913699982 ], [ -92.238900001, 20.898499981 ], [ -92.245300001, 20.90179998099995 ], [ -92.224700001, 20.913699982 ] ] ], [ [ [ -92.200200001, 20.924599982000011 ], [ -92.201100001, 20.924099981 ], [ -92.201200001, 20.925199982 ], [ -92.200200001, 20.924599982000011 ] ] ], [ [ [ -92.197000001, 20.927499982 ], [ -92.199600002, 20.926199981999972 ], [ -92.197300001, 20.928799982 ], [ -92.197000001, 20.927499982 ] ] ], [ [ [ -92.200700001, 20.934599981999977 ], [ -92.205700001, 20.919399981000012 ], [ -92.215700001, 20.913899980999986 ], [ -92.200700001, 20.934599981999977 ] ] ], [ [ [ -92.324900002, 20.983899978 ], [ -92.298000001, 20.987499978999978 ], [ -92.307100002, 20.976399977999986 ], [ -92.324200001, 20.974199978 ], [ -92.312300001, 20.980899979000014 ], [ -92.324900002, 20.983899978 ] ] ], [ [ [ -92.079000001000011, 21.839299985 ], [ -92.081600001000012, 21.83839998399997 ], [ -92.080500002, 21.840299985 ], [ -92.079000001000011, 21.839299985 ] ] ], [ [ [ -88.285233377, 21.563947218 ], [ -88.28375128, 21.563098104 ], [ -88.285272713, 21.562800297000024 ], [ -88.285233377, 21.563947218 ] ] ], [ [ [ -88.143318157, 21.623977479 ], [ -87.953284089, 21.607662600000019 ], [ -87.811313405, 21.552169376000016 ], [ -87.687410486, 21.517100535 ], [ -87.686258827, 21.521790453 ], [ -87.53491291, 21.49022245 ], [ -87.53314528, 20.99960214 ], [ -87.74425948, 20.653787091000016 ], [ -87.96274205, 20.44670603 ], [ -87.995065451, 20.447316431 ], [ -87.992960031, 20.417992919999985 ], [ -88.034030061, 20.37894009 ], [ -88.04753328, 20.378818171000027 ], [ -88.047306601, 20.366308720999967 ], [ -88.1364896, 20.28137178 ], [ -88.2646342, 20.29034203 ], [ -88.26681495, 20.26912032 ], [ -88.30878843, 20.25351003 ], [ -88.35190337, 20.259023060000018 ], [ -88.409127743, 20.252097323 ], [ -88.402892004, 20.239488884 ], [ -88.415113804, 20.232970454 ], [ -88.443426183, 20.238149784000029 ], [ -88.519929952, 20.192328032999978 ], [ -88.50234525, 20.190077950000024 ], [ -88.5076212, 20.14339109 ], [ -88.57668155, 20.14807831000001 ], [ -88.57815046, 20.13917428 ], [ -88.587675660000016, 20.14046968 ], [ -88.58797352, 20.1314512 ], [ -88.61638363, 20.134460820000022 ], [ -88.61917315, 20.117171540000015 ], [ -88.6398664, 20.120356060000024 ], [ -88.69060891, 20.08985612 ], [ -88.69080211, 20.07702957 ], [ -88.68489183, 20.077414320000042 ], [ -88.70017617, 20.010356720000015 ], [ -88.71252358000001, 20.012295579999986 ], [ -88.7221482, 20.005124059999957 ], [ -88.72278249, 20.01319975000003 ], [ -88.73597891, 20.017576549999976 ], [ -88.73624557, 20.00966131 ], [ -88.74261535, 20.008582780000022 ], [ -88.74247208, 20.01508735 ], [ -88.78350258, 20.00818018 ], [ -88.7907708, 19.97202018 ], [ -88.79802238, 19.97493008 ], [ -88.79837765, 19.95252302 ], [ -88.80563951, 19.953830739999979 ], [ -88.81017622, 19.944946679999987 ], [ -88.81650329, 19.904473520000028 ], [ -88.82728274, 19.910920369999978 ], [ -88.82943672, 19.906014600000024 ], [ -88.820414050000011, 19.89047315 ], [ -88.82592634, 19.87992558 ], [ -88.88019154, 19.87812488 ], [ -88.87912483, 19.862393229999952 ], [ -88.90048802, 19.861114019999988 ], [ -88.89758543, 19.83686254 ], [ -88.91110397, 19.800937579999978 ], [ -88.92029414, 19.80397391 ], [ -88.92951246, 19.790948550000032 ], [ -88.94543375, 19.79194632 ], [ -88.94385214, 19.81344278 ], [ -88.9580768, 19.81046654 ], [ -88.95638672, 19.816823549999967 ], [ -88.97445177, 19.818100829999985 ], [ -88.98440498, 19.79816026 ], [ -88.99946797, 19.79799437999997 ], [ -89.00408743, 19.772007399999978 ], [ -89.02516298, 19.77670968 ], [ -89.04882706, 19.721493320000011 ], [ -88.99474128, 19.7274396 ], [ -88.99752938, 19.70488389 ], [ -89.03052363, 19.708831750000023 ], [ -89.03620046, 19.67803952 ], [ -89.0760306, 19.68543255 ], [ -89.07421269, 19.69419411 ], [ -89.12339852, 19.703424150000025 ], [ -89.1336406, 19.614632029999957 ], [ -89.10839168, 19.61233849000002 ], [ -89.10902446, 19.58234938 ], [ -89.14952065, 19.58124934 ], [ -89.14486169, 19.637398720000022 ], [ -89.18920314, 19.64400594 ], [ -89.19024963, 19.63331774 ], [ -89.22286874, 19.63665697 ], [ -89.21955657, 19.60802225 ], [ -89.29656182, 19.551174090000014 ], [ -89.41247852, 19.64937629000001 ], [ -89.44811299, 19.698353511000018 ], [ -89.46829548, 19.70016129 ], [ -89.49166182, 19.742228449999985 ], [ -89.479149430000021, 19.74064555 ], [ -89.47590946, 19.771220201000027 ], [ -89.52567237, 19.775554650000029 ], [ -89.58749975, 19.87442005 ], [ -89.58681034, 19.92046003 ], [ -89.59744588, 19.921122341000018 ], [ -89.595841749000016, 19.93742205 ], [ -89.604670079, 19.938284969000012 ], [ -89.59870389, 19.99819738 ], [ -89.74847417, 20.179269721000047 ], [ -89.79397478, 20.136171942 ], [ -89.80287086, 20.164906601999977 ], [ -89.802505279, 20.201605081000022 ], [ -89.846164909, 20.209686981000015 ], [ -89.840678169, 20.25102751 ], [ -89.87566069, 20.253101950999984 ], [ -89.87238231, 20.28762809 ], [ -89.83796388, 20.287175880000024 ], [ -90.00417368, 20.48702188 ], [ -90.00562472, 20.477367199999989 ], [ -90.04168845, 20.466451489999976 ], [ -90.067210652, 20.425225888999982 ], [ -90.100973512, 20.42525177 ], [ -90.13157125, 20.443077579000011 ], [ -90.18629757, 20.436932319 ], [ -90.1847879, 20.461046139 ], [ -90.23420799, 20.470466618999986 ], [ -90.223766654, 20.519164968999981 ], [ -90.23250803, 20.519894049999976 ], [ -90.22924097, 20.54356289 ], [ -90.33523611, 20.54131231 ], [ -90.33523611, 20.576347710000015 ], [ -90.34113811, 20.55370112 ], [ -90.38664878, 20.555585799999989 ], [ -90.379357, 20.84832729 ], [ -90.406985958, 20.848619982000017 ], [ -90.366921494, 20.959440573000023 ], [ -90.338404787, 21.005419548999978 ], [ -90.31045638, 21.028689944 ], [ -90.09461232, 21.15555277 ], [ -90.049417289, 21.164453090000023 ], [ -90.048397966, 21.159694532000014 ], [ -90.04646614, 21.159444419999978 ], [ -90.0492927, 21.1663017 ], [ -89.996626341, 21.176243054999986 ], [ -89.897710334, 21.232180255 ], [ -89.84512754, 21.25081168000002 ], [ -89.666769128, 21.287506488 ], [ -89.670518466, 21.338373267 ], [ -89.67623351, 21.34144614 ], [ -89.671215911, 21.344826355000023 ], [ -89.681108653, 21.34919221799997 ], [ -89.670730633, 21.345676564000033 ], [ -89.664652776, 21.288733325999981 ], [ -89.645702827, 21.289550138000042 ], [ -89.309593734000018, 21.343804808000055 ], [ -89.11002206, 21.357824291000014 ], [ -88.87987437, 21.397785080000045 ], [ -88.840622293, 21.397873659999984 ], [ -88.798017418, 21.412765374 ], [ -88.796705001000021, 21.417277231000018 ], [ -88.804860958, 21.415480124 ], [ -88.796531852, 21.41999205 ], [ -88.73871854, 21.43072526000002 ], [ -88.6947392, 21.45107325 ], [ -88.62912082, 21.51488809 ], [ -88.606322852, 21.524817342999988 ], [ -88.528461368, 21.533449193 ], [ -88.39755097, 21.56538957 ], [ -88.35862022, 21.56396315 ], [ -88.320974728, 21.55033137300002 ], [ -88.28106289, 21.553905350000029 ], [ -88.27828695, 21.560947200000012 ], [ -88.26990837, 21.555657350000022 ], [ -88.243341680000015, 21.56287077 ], [ -88.232266121, 21.58213865599998 ], [ -88.176193695, 21.608111081 ], [ -88.17758855, 21.6133422 ], [ -88.143318157, 21.623977479 ] ] ], [ [ [ -91.38590000100001, 22.111499995 ], [ -91.387500001, 22.11159999500002 ], [ -91.386, 22.112299995000026 ], [ -91.38590000100001, 22.111499995 ] ] ], [ [ [ -91.3836, 22.116999994999976 ], [ -91.380300001, 22.116499995000023 ], [ -91.383500001, 22.115399995 ], [ -91.3836, 22.116999994999976 ] ] ], [ [ [ -91.407400001, 22.118299995 ], [ -91.409100001, 22.117799993999959 ], [ -91.4092, 22.11909999500001 ], [ -91.407400001, 22.118299995 ] ] ], [ [ [ -91.405600001, 22.117799994999981 ], [ -91.405000001, 22.118899994999985 ], [ -91.4045, 22.11759999400001 ], [ -91.405600001, 22.117799994999981 ] ] ], [ [ [ -91.388100001, 22.122799995000033 ], [ -91.389400001, 22.122199995000027 ], [ -91.3896, 22.123599994999982 ], [ -91.388100001, 22.122799995000033 ] ] ], [ [ [ -89.662387925000019, 22.370904937 ], [ -89.664317132, 22.370673926 ], [ -89.662630032, 22.371536709000015 ], [ -89.662387925000019, 22.370904937 ] ] ], [ [ [ -89.665697916, 22.372751892999986 ], [ -89.671697329, 22.367675717 ], [ -89.674004099, 22.367957013999973 ], [ -89.665697916, 22.372751892999986 ] ] ], [ [ [ -89.666928835, 22.380390386000016 ], [ -89.668581864, 22.379896085999988 ], [ -89.667996257, 22.380620609000012 ], [ -89.666928835, 22.380390386000016 ] ] ], [ [ [ -89.678561737, 22.381495435000012 ], [ -89.674605165, 22.376886363999976 ], [ -89.680152638, 22.380314133 ], [ -89.678561737, 22.381495435000012 ] ] ], [ [ [ -89.679120143, 22.382156081000012 ], [ -89.681919013, 22.380932568 ], [ -89.680026018, 22.383711285 ], [ -89.679120143, 22.382156081000012 ] ] ], [ [ [ -89.678238786, 22.389829743999979 ], [ -89.679168079, 22.387493346000031 ], [ -89.679637516, 22.390122577000021 ], [ -89.678238786, 22.389829743999979 ] ] ], [ [ [ -89.674163579, 22.389744381 ], [ -89.675902957, 22.388738584 ], [ -89.675568756, 22.390387338000036 ], [ -89.674163579, 22.389744381 ] ] ], [ [ [ -89.728482399, 22.428486076 ], [ -89.725354047, 22.42467586499998 ], [ -89.729286509, 22.424548312999988 ], [ -89.728482399, 22.428486076 ] ] ], [ [ [ -89.720025452, 22.428623232000014 ], [ -89.720919167, 22.427790500000025 ], [ -89.720698437, 22.428496124 ], [ -89.720025452, 22.428623232000014 ] ] ], [ [ [ -89.719896979, 22.431335823999969 ], [ -89.716155256, 22.430434505999983 ], [ -89.720231734, 22.430518761 ], [ -89.719896979, 22.431335823999969 ] ] ], [ [ [ -89.727478858, 22.433576215 ], [ -89.72854627, 22.433024886999974 ], [ -89.728503876, 22.43348437600002 ], [ -89.727478858, 22.433576215 ] ] ], [ [ [ -89.738246475, 22.434607418 ], [ -89.727016101, 22.428948534000014 ], [ -89.728648894, 22.428789450000021 ], [ -89.731702797, 22.424693553000029 ], [ -89.738246475, 22.434607418 ] ] ], [ [ [ -89.74381223, 22.43503514 ], [ -89.739024005, 22.436341276000011 ], [ -89.739590294, 22.43301132400001 ], [ -89.74381223, 22.43503514 ] ] ], [ [ [ -89.731521619, 22.440835888 ], [ -89.733031024, 22.439148121999978 ], [ -89.733454227, 22.44029563 ], [ -89.731521619, 22.440835888 ] ] ], [ [ [ -89.729397814, 22.443149750999989 ], [ -89.725433519, 22.442688990999983 ], [ -89.727630498, 22.439537311 ], [ -89.729397814, 22.443149750999989 ] ] ], [ [ [ -89.723168301, 22.445314475 ], [ -89.725890625, 22.444142988000014 ], [ -89.725562136, 22.445678981000018 ], [ -89.723168301, 22.445314475 ] ] ], [ [ [ -89.740113097, 22.47259556200002 ], [ -89.744766552, 22.472062051 ], [ -89.743999393, 22.475882323000043 ], [ -89.740113097, 22.47259556200002 ] ] ], [ [ [ -89.755546288, 22.484164103999955 ], [ -89.73871478, 22.448936214000021 ], [ -89.73866659, 22.44021824 ], [ -89.747419696, 22.442833226000012 ], [ -89.745598319, 22.454119237 ], [ -89.759253668, 22.470188226 ], [ -89.755546288, 22.484164103999955 ] ] ], [ [ [ -89.748534755, 22.486766349 ], [ -89.751148462, 22.484443007 ], [ -89.75162142, 22.486348982 ], [ -89.748534755, 22.486766349 ] ] ], [ [ [ -89.74953773, 22.49136636 ], [ -89.754094623, 22.493295874 ], [ -89.749771656, 22.494458713 ], [ -89.74953773, 22.49136636 ] ] ], [ [ [ -89.732027989, 22.49977469800001 ], [ -89.728676197, 22.49483637600002 ], [ -89.724614701, 22.500104015000016 ], [ -89.72852284, 22.490527175 ], [ -89.735551421000011, 22.495330229 ], [ -89.732027989, 22.49977469800001 ] ] ], [ [ [ -89.757801770000015, 22.508955660000016 ], [ -89.760927896, 22.506017483999987 ], [ -89.759684825, 22.509655365000015 ], [ -89.757801770000015, 22.508955660000016 ] ] ], [ [ [ -89.774051732, 22.512090855000011 ], [ -89.756981798, 22.491017263 ], [ -89.758610327, 22.479962326000031 ], [ -89.766503822, 22.494384671 ], [ -89.784489965, 22.505457953000022 ], [ -89.774051732, 22.512090855000011 ] ] ], [ [ [ -89.736341354000018, 22.511842541 ], [ -89.738478672, 22.507588929000018 ], [ -89.739127808, 22.510678224 ], [ -89.736341354000018, 22.511842541 ] ] ], [ [ [ -89.717158581, 22.511318396 ], [ -89.720159028, 22.506994932 ], [ -89.720226068, 22.510695153 ], [ -89.717158581, 22.511318396 ] ] ], [ [ [ -89.73130014, 22.518906751 ], [ -89.731170883, 22.512435474000014 ], [ -89.735674845, 22.517615873 ], [ -89.73130014, 22.518906751 ] ] ], [ [ [ -89.750098971000014, 22.520052935 ], [ -89.753288585, 22.518667294000029 ], [ -89.753841100000017, 22.522809563 ], [ -89.750098971000014, 22.520052935 ] ] ], [ [ [ -89.74350568, 22.5229858 ], [ -89.741762844, 22.513746314000013 ], [ -89.750508903, 22.506125094999973 ], [ -89.74350568, 22.5229858 ] ] ], [ [ [ -89.750870267, 22.528709551999984 ], [ -89.751343428, 22.524136267999964 ], [ -89.751985334, 22.528436618 ], [ -89.750870267, 22.528709551999984 ] ] ], [ [ [ -89.738323542, 22.531059316000011 ], [ -89.740494867, 22.530026772 ], [ -89.739357708, 22.531804621999964 ], [ -89.738323542, 22.531059316000011 ] ] ], [ [ [ -89.742580077, 22.532280861 ], [ -89.737064227, 22.524910680000019 ], [ -89.737008102, 22.52165162 ], [ -89.740272283, 22.52248408300002 ], [ -89.742580077, 22.532280861 ] ] ], [ [ [ -89.743019732, 22.538948825 ], [ -89.738909515, 22.536030046999986 ], [ -89.742476695, 22.534988049 ], [ -89.743019732, 22.538948825 ] ] ], [ [ [ -89.741112302, 22.541000334999971 ], [ -89.735706354, 22.538834171000012 ], [ -89.737403411, 22.536474107000029 ], [ -89.741112302, 22.541000334999971 ] ] ], [ [ [ -89.763311401, 22.562941144999986 ], [ -89.760337063, 22.561751017 ], [ -89.76007272, 22.561023820000038 ], [ -89.763245449, 22.561156241 ], [ -89.763311401, 22.562941144999986 ] ] ], [ [ [ -89.764178593, 22.562754566 ], [ -89.776275243, 22.560706398 ], [ -89.778059697, 22.562623725000012 ], [ -89.774952822, 22.563813294999964 ], [ -89.764178593, 22.562754566 ] ] ], [ [ [ -89.778232587, 22.561236806999986 ], [ -89.780744081, 22.56262537300001 ], [ -89.780280808, 22.56665786200001 ], [ -89.778232587, 22.561236806999986 ] ] ], [ [ [ -89.77557263, 22.566899275999969 ], [ -89.777423295, 22.566965603000011 ], [ -89.776629901, 22.568750404000049 ], [ -89.77557263, 22.566899275999969 ] ] ], [ [ [ -89.773811001, 22.572199184 ], [ -89.77526526, 22.570744993 ], [ -89.774868436, 22.572662056999988 ], [ -89.773811001, 22.572199184 ] ] ], [ [ [ -89.761916652, 22.580143604000025 ], [ -89.764810856, 22.577046586 ], [ -89.76256517500002, 22.581135328 ], [ -89.761916652, 22.580143604000025 ] ] ], [ [ [ -89.760493162, 22.581223867 ], [ -89.75846436, 22.575349082000017 ], [ -89.75964740900001, 22.5753031 ], [ -89.760493162, 22.581223867 ] ] ], [ [ [ -89.755163044000014, 22.56585113600001 ], [ -89.757526627000018, 22.570122994999977 ], [ -89.752948958, 22.582479390000014 ], [ -89.750966640000016, 22.578741543999985 ], [ -89.755163044000014, 22.56585113600001 ] ] ], [ [ [ -89.665483553, 22.552078711 ], [ -89.619136654, 22.495457283000011 ], [ -89.608554082, 22.453667613000018 ], [ -89.611574658, 22.426848722 ], [ -89.6307879, 22.385108887 ], [ -89.646842335, 22.368626295 ], [ -89.660210007, 22.365446694 ], [ -89.66127603, 22.371211129 ], [ -89.65115639, 22.376339778000013 ], [ -89.647138637000012, 22.38820412899998 ], [ -89.652668121, 22.390636988 ], [ -89.653069103, 22.380869019 ], [ -89.662913211, 22.372571079000011 ], [ -89.658687279, 22.390093588000031 ], [ -89.66328573, 22.384676371000022 ], [ -89.687158696, 22.397618970000011 ], [ -89.679789933, 22.386642031 ], [ -89.684825697, 22.379104043000041 ], [ -89.692914599, 22.381440795999975 ], [ -89.687548185, 22.388906704000014 ], [ -89.702152127, 22.408445061 ], [ -89.729861775, 22.420973086000025 ], [ -89.723344043, 22.424860210999981 ], [ -89.68967106, 22.416032118000011 ], [ -89.701601967, 22.432464733 ], [ -89.729116767, 22.436743512999985 ], [ -89.712609012, 22.454082652 ], [ -89.729579815, 22.458287246 ], [ -89.714334762, 22.464953678000011 ], [ -89.71821465, 22.472148566 ], [ -89.7258945, 22.464487233999989 ], [ -89.731633878, 22.468867125000031 ], [ -89.723498193, 22.481621082 ], [ -89.728647157, 22.484858254000017 ], [ -89.734360639, 22.47396475400004 ], [ -89.732553673, 22.486089234999962 ], [ -89.705260589, 22.495034001 ], [ -89.713902475, 22.50054734799998 ], [ -89.715910300000019, 22.531414185999989 ], [ -89.726094225, 22.53284091200004 ], [ -89.719471924, 22.526852451999979 ], [ -89.72763742, 22.521608913999987 ], [ -89.738541941, 22.53449887 ], [ -89.732059473, 22.537378436 ], [ -89.743917638, 22.548611718999968 ], [ -89.746358913, 22.54301397 ], [ -89.753293048000018, 22.547139508000019 ], [ -89.744632723, 22.54085760500001 ], [ -89.744225424, 22.523322777000011 ], [ -89.756432263, 22.539392242 ], [ -89.756574186, 22.52446662400002 ], [ -89.76978862, 22.520523624 ], [ -89.770737175, 22.513598116000018 ], [ -89.781123368, 22.509881684 ], [ -89.789689368, 22.503988602 ], [ -89.79549069700002, 22.515082206999974 ], [ -89.794123897, 22.534738711999985 ], [ -89.782883739, 22.553113394 ], [ -89.774524279, 22.560188708000016 ], [ -89.761639, 22.559744118 ], [ -89.74872199, 22.567675141 ], [ -89.74386634, 22.57752311800002 ], [ -89.751037265, 22.585357668 ], [ -89.697588548, 22.571522484999981 ], [ -89.665483553, 22.552078711 ] ] ] ] } },
{ "type": "Feature", "properties": { "cvegeo": "32", "cve_ent": "32", "nomgeo": "Zacatecas", "nom_abrev": "Zac." }, "geometry": { "type": "Polygon", "coordinates": [ [ [ -102.29547729, 25.12518888 ], [ -102.2376222, 25.118462379999983 ], [ -102.08180563, 25.0707006 ], [ -101.84881, 25.01762362 ], [ -101.83189846, 24.972173220000037 ], [ -101.77346295, 24.87553512 ], [ -101.68514949, 24.84001266 ], [ -101.65633177, 24.860793170000029 ], [ -101.60126063, 24.835563200000021 ], [ -101.60901163, 24.789664139999957 ], [ -101.64076723, 24.800703540000026 ], [ -101.62226971, 24.758983080000014 ], [ -101.461639349, 24.736756820000021 ], [ -101.412654949, 24.772055020999982 ], [ -101.40215706, 24.788222431 ], [ -101.34214157, 24.813352511 ], [ -101.215039139, 24.775167850999985 ], [ -101.181802819, 24.739014969999989 ], [ -101.16464594, 24.681558971000033 ], [ -101.1276196, 24.62336177100002 ], [ -101.08049514, 24.59118531 ], [ -100.958792599, 24.542684061 ], [ -100.90223378, 24.583917741 ], [ -100.847805649, 24.555618601 ], [ -100.79993412, 24.55618608 ], [ -100.74232429, 24.460435459999985 ], [ -100.850383080000015, 24.343538540000011 ], [ -100.94528598, 24.28119589 ], [ -101.00667463, 24.335834779999981 ], [ -101.01129743, 24.35795949 ], [ -101.00328205, 24.36801008 ], [ -101.00986828, 24.38511737 ], [ -100.99766543, 24.40730386 ], [ -100.98823465000001, 24.40955194 ], [ -100.98732705, 24.43251932 ], [ -101.01268868, 24.390819140000033 ], [ -101.06540152, 24.207021109999985 ], [ -101.17323215, 24.16413662 ], [ -101.21674638, 24.159731910000012 ], [ -101.19250495, 23.918559140000035 ], [ -101.77512245, 23.447629349999985 ], [ -102.01194383, 23.37274855 ], [ -102.12253246, 23.35386009 ], [ -102.16879912, 23.36102565 ], [ -102.16861497, 23.39890752000003 ], [ -102.19134226, 23.40138792 ], [ -102.19361522, 23.44759911 ], [ -102.23815031, 23.446901430000015 ], [ -102.25361148, 23.36495589 ], [ -102.26826194, 23.342277890000023 ], [ -102.29603842, 23.32050129 ], [ -102.26457905, 23.29009292000001 ], [ -102.26953366, 23.27991288 ], [ -102.25469951, 23.28083374 ], [ -102.24106912, 23.31498162 ], [ -102.231596850000017, 23.315116349999983 ], [ -102.24467212, 23.27676875 ], [ -102.25279625, 23.271235199999985 ], [ -102.28582548, 23.273320140000017 ], [ -102.28936898, 23.231690939999986 ], [ -102.23945771, 23.20949329 ], [ -102.24097403, 23.169380430000011 ], [ -102.21415463, 23.131319859999973 ], [ -102.24973142, 23.0754576 ], [ -102.26005097, 23.04591551 ], [ -102.23808165, 23.04764388 ], [ -102.19213177, 22.86490206 ], [ -102.12489688, 22.7829522 ], [ -101.93975603, 22.64572549 ], [ -101.85328423, 22.656025109999987 ], [ -101.87295771, 22.56307335 ], [ -101.81989152, 22.55129471 ], [ -101.83714105, 22.499692140000018 ], [ -101.79927571, 22.470559459999979 ], [ -101.78336074, 22.46503383 ], [ -101.77153529, 22.48816332 ], [ -101.73536075, 22.480214949999983 ], [ -101.74617508, 22.50869326 ], [ -101.69601849, 22.52042211 ], [ -101.67474958, 22.506539890000013 ], [ -101.65990646, 22.505320400000013 ], [ -101.59008315, 22.58903575 ], [ -101.59528732, 22.62407249 ], [ -101.58773232, 22.626611860000033 ], [ -101.57382102, 22.612816109999986 ], [ -101.567398, 22.65677632 ], [ -101.4970036, 22.70154102 ], [ -101.490964539, 22.742877350000018 ], [ -101.411077079, 22.747680690000013 ], [ -101.34923392, 22.71177929 ], [ -101.38001825, 22.67583492 ], [ -101.35937609, 22.653532940000012 ], [ -101.33693697, 22.65875605 ], [ -101.33387374, 22.64211314 ], [ -101.30570908, 22.609930310000024 ], [ -101.28751929, 22.559811319999984 ], [ -101.29632363, 22.5354782 ], [ -101.285726380000014, 22.507855649999989 ], [ -101.31538349, 22.46964897 ], [ -101.31372634, 22.45349017000003 ], [ -101.37478575, 22.456458370000011 ], [ -101.38191055, 22.35748508 ], [ -101.43297235, 22.363276740000014 ], [ -101.43512542, 22.341533979999987 ], [ -101.41973249, 22.31504182 ], [ -101.39143495, 22.299901879999986 ], [ -101.39815042, 22.281426820000032 ], [ -101.40899935, 22.28043662 ], [ -101.41625892, 22.26734554 ], [ -101.37680382, 22.26165583 ], [ -101.35285398, 22.22920365 ], [ -101.32425315, 22.209893460000039 ], [ -101.351305940000017, 22.17675965999997 ], [ -101.33769286, 22.143522510000029 ], [ -101.32774498, 22.144112059999987 ], [ -101.35423974, 22.071735289999989 ], [ -101.34658728, 22.04969008 ], [ -101.36101177, 22.041001060000035 ], [ -101.37707837, 22.04496214 ], [ -101.36973832, 22.027517249999988 ], [ -101.3806912, 22.028759340000022 ], [ -101.38275537, 22.02073791 ], [ -101.36569229, 22.01854843 ], [ -101.351675, 22.043789150000013 ], [ -101.33090075, 22.035315180000016 ], [ -101.32720848, 22.02149804999998 ], [ -101.33923531, 22.014985709999983 ], [ -101.33776503, 22.025133020000013 ], [ -101.34857245, 22.028071120000021 ], [ -101.35243929, 22.01308158 ], [ -101.34474262, 22.01414243 ], [ -101.34529848, 22.005879919999959 ], [ -101.32939745, 22.00716909 ], [ -101.32651029, 21.999728050000019 ], [ -101.37336572, 21.99024935 ], [ -101.39715038, 21.96776208 ], [ -101.40516117, 21.94849212 ], [ -101.42917286, 21.93436114 ], [ -101.41022762, 21.90869354 ], [ -101.43459592, 21.89706506000001 ], [ -101.44180286000001, 21.909337830000034 ], [ -101.44067483, 21.89271623 ], [ -101.46645765, 21.880224910000017 ], [ -101.46808378, 21.87026575 ], [ -101.48319623, 21.867680779999986 ], [ -101.486091340000016, 21.84188672 ], [ -101.50351528, 21.830123979999975 ], [ -101.49633125, 21.809939660000026 ], [ -101.51054175, 21.799058490000021 ], [ -101.52204409, 21.818023050000026 ], [ -101.52782408, 21.80917789 ], [ -101.53701198, 21.81046205 ], [ -101.5482304, 21.834085550000012 ], [ -101.56596355, 21.842033339999968 ], [ -101.56980628, 21.91708074 ], [ -101.59584886, 21.90996262 ], [ -101.61671189, 21.92944797 ], [ -101.62894523, 21.91090274 ], [ -101.65069569, 21.9076754 ], [ -101.65914109, 21.941594889999987 ], [ -101.68291418, 21.962885310000033 ], [ -101.71065838, 21.973935250000011 ], [ -101.70911522, 21.97992598 ], [ -101.73232109, 21.9950692 ], [ -101.72997492, 22.002138370000022 ], [ -101.74662982, 22.012064629999973 ], [ -101.77763308, 22.007301749999986 ], [ -101.78442975, 22.024098280000036 ], [ -101.80426345, 22.02525274 ], [ -101.80143615, 22.030996199999986 ], [ -101.81567305, 22.01998309 ], [ -101.86166982, 22.028883831000012 ], [ -101.85519154, 22.046511171 ], [ -101.86427511, 22.041509480999977 ], [ -101.98602795, 22.120827449999982 ], [ -102.02591518, 22.129771 ], [ -102.01707549, 22.153961279999976 ], [ -102.04522131, 22.153733229999986 ], [ -102.02946714, 22.168665619999981 ], [ -102.00099308, 22.16811055 ], [ -101.99971608, 22.233656030000024 ], [ -102.00247463, 22.24144406 ], [ -102.022494579, 22.241585491 ], [ -102.03726965, 22.298975680000016 ], [ -102.05121358, 22.29121303 ], [ -102.07562705, 22.30607278 ], [ -102.10524986, 22.280792829999978 ], [ -102.15323048, 22.29041022 ], [ -102.14984748000002, 22.347175059999987 ], [ -102.18072211, 22.350397940000018 ], [ -102.177375340000012, 22.36242974 ], [ -102.211979199, 22.36246518 ], [ -102.21198682, 22.372697320000039 ], [ -102.25320071, 22.374494509999987 ], [ -102.25029937, 22.38722171 ], [ -102.27398106, 22.41433115 ], [ -102.2900764, 22.419917949999977 ], [ -102.29830685, 22.45958968 ], [ -102.3118048, 22.456915820000013 ], [ -102.32136472, 22.38853265 ], [ -102.362877079, 22.388747281000015 ], [ -102.359250279, 22.384951691000044 ], [ -102.378442819, 22.360878581000019 ], [ -102.46864195000002, 22.35188148000001 ], [ -102.47118782, 22.33625488 ], [ -102.46102086, 22.331758879999974 ], [ -102.46066151, 22.32369111 ], [ -102.47020163, 22.3092102 ], [ -102.50126511, 22.30426977 ], [ -102.50663072, 22.29381254 ], [ -102.52703934, 22.290899029999988 ], [ -102.66874285, 22.291871050000026 ], [ -102.67001705, 22.24570243 ], [ -102.63929894, 22.22603918 ], [ -102.65159598, 22.19314023 ], [ -102.66931008, 22.194023579999975 ], [ -102.66671835, 22.18094098 ], [ -102.67589451, 22.17557252 ], [ -102.66941569, 22.159589580000013 ], [ -102.68612114, 22.137908850000024 ], [ -102.69086523, 22.106555030000013 ], [ -102.75580571, 22.07366208 ], [ -102.76098974, 22.04628674 ], [ -102.80104969, 22.003941 ], [ -102.82322329, 21.95554238 ], [ -102.83825045, 21.93929865 ], [ -102.86338012, 21.86376578 ], [ -102.87417658, 21.852771 ], [ -102.85805097, 21.83322635 ], [ -102.84731475, 21.833409220000011 ], [ -102.85334506, 21.79905315 ], [ -102.84225075, 21.804757201 ], [ -102.84240486, 21.798530719999988 ], [ -102.83126215, 21.797248580000041 ], [ -102.81691626, 21.76647537 ], [ -102.74529994, 21.720052310000039 ], [ -102.76649214, 21.68692828 ], [ -102.80527897, 21.671282400000013 ], [ -102.77340511, 21.65830608 ], [ -102.78361469, 21.64669337 ], [ -102.76474134, 21.596064580000014 ], [ -102.737405, 21.5867602 ], [ -102.72950818000001, 21.59305822 ], [ -102.717104550000016, 21.571307370000017 ], [ -102.69510074, 21.572912829999989 ], [ -102.69641017, 21.54303034 ], [ -102.63073432, 21.533983340000049 ], [ -102.64216685, 21.51872135 ], [ -102.62484151, 21.50141149 ], [ -102.63666772, 21.47711645 ], [ -102.649067250000016, 21.47419658 ], [ -102.64788298, 21.46253749000001 ], [ -102.63612986, 21.462907819999987 ], [ -102.65500686, 21.44664952 ], [ -102.65213069, 21.41221266 ], [ -102.65966946, 21.410877020000015 ], [ -102.64683968, 21.39422458 ], [ -102.63814062, 21.39323652 ], [ -102.64259489, 21.3672006 ], [ -102.67777703, 21.34089003 ], [ -102.69505532, 21.340744459999986 ], [ -102.71326386, 21.379768060000028 ], [ -102.72912806, 21.38735554 ], [ -102.72795977, 21.357087799999967 ], [ -102.75776543, 21.33918618 ], [ -102.75528088, 21.323158600000014 ], [ -102.77181772, 21.31600588 ], [ -102.78891602, 21.3295074 ], [ -102.79849937, 21.306913779999988 ], [ -102.81196378, 21.32371682 ], [ -102.81760069, 21.318541109999977 ], [ -102.81515903, 21.294669 ], [ -102.83710214, 21.3034108 ], [ -102.84877754, 21.293176290000019 ], [ -102.84482945, 21.27732685 ], [ -102.85939677, 21.27047849 ], [ -102.86365471, 21.25275698 ], [ -102.87286123, 21.25516295 ], [ -102.87657366, 21.23663402 ], [ -102.88365657, 21.24181091000003 ], [ -102.89167378, 21.233513260000016 ], [ -102.90302866, 21.235186 ], [ -102.91065217, 21.205234660000016 ], [ -102.9478112, 21.214601120000037 ], [ -102.94629392, 21.23444345 ], [ -102.97904886, 21.239731080000016 ], [ -102.99690402, 21.25968194 ], [ -103.01117903, 21.255370089999968 ], [ -103.01701354, 21.241048540000016 ], [ -103.02650489, 21.24212411 ], [ -103.029766, 21.25106526 ], [ -103.04588371, 21.249425690000034 ], [ -103.04489188, 21.26236526 ], [ -103.0655, 21.25580645 ], [ -103.0569852, 21.2467876 ], [ -103.07752826, 21.215449920000033 ], [ -103.06924423, 21.209929309999975 ], [ -103.08430635, 21.19405949 ], [ -103.07137586, 21.152933749999988 ], [ -103.07812255, 21.14001125 ], [ -103.09850012, 21.128493309999985 ], [ -103.09173543, 21.115819 ], [ -103.07365131, 21.109954110000022 ], [ -103.0757904, 21.096888889999978 ], [ -103.0652068, 21.104330220000037 ], [ -103.05647537, 21.099319749999989 ], [ -103.08842457, 21.065741820000014 ], [ -103.12332315, 21.06680391 ], [ -103.12930548, 21.05327785 ], [ -103.16288175, 21.072885649999982 ], [ -103.18836734, 21.07065972000002 ], [ -103.18844689, 21.08515286 ], [ -103.20960165000001, 21.0942206 ], [ -103.23258606, 21.07909443 ], [ -103.25823462, 21.08306643 ], [ -103.25720192, 21.070731349999971 ], [ -103.27573077, 21.05144665000001 ], [ -103.29655831, 21.06483842 ], [ -103.30188572, 21.054583710000017 ], [ -103.33031672, 21.054501120000019 ], [ -103.3388622, 21.0418694 ], [ -103.3685032, 21.051573150000028 ], [ -103.3766074, 21.06590051 ], [ -103.38550745, 21.067390430000021 ], [ -103.38786188, 21.0792184 ], [ -103.397587480000013, 21.082987580000012 ], [ -103.39630832, 21.09909548000001 ], [ -103.42321606, 21.12408377 ], [ -103.416265710000019, 21.13727777 ], [ -103.4285824, 21.14672382 ], [ -103.46925638, 21.14336208 ], [ -103.50405154, 21.127738681 ], [ -103.510964050000013, 21.146222151 ], [ -103.5314648, 21.141977511 ], [ -103.52978688, 21.134091741000045 ], [ -103.55444726, 21.1165798 ], [ -103.59044103, 21.127522061000029 ], [ -103.60198246, 21.151670949999986 ], [ -103.6140578, 21.156929351 ], [ -103.61135923, 21.17873674 ], [ -103.61863426, 21.188778621000022 ], [ -103.6333712, 21.19125285 ], [ -103.66732405, 21.21604855 ], [ -103.66335211, 21.22416265 ], [ -103.64019588, 21.222072419999989 ], [ -103.63946809, 21.277527620000011 ], [ -103.63399335, 21.28229185 ], [ -103.6581936, 21.28043162 ], [ -103.66668051, 21.290465109999975 ], [ -103.69750995, 21.282856259999978 ], [ -103.71621138, 21.26786848 ], [ -103.72083909, 21.30796108 ], [ -103.70508455, 21.325497720000016 ], [ -103.67740382, 21.31991095 ], [ -103.66361502, 21.338128 ], [ -103.61871934, 21.34448071000002 ], [ -103.61694509, 21.35340965 ], [ -103.5886766, 21.342193400000017 ], [ -103.57845238, 21.33023429 ], [ -103.568586880000012, 21.33762368 ], [ -103.56763002, 21.35221586 ], [ -103.55737058, 21.34812669 ], [ -103.50996402, 21.354892880000012 ], [ -103.51308305, 21.364066969999989 ], [ -103.50392025, 21.37683702 ], [ -103.53358949, 21.420613279999987 ], [ -103.53870026, 21.44477092 ], [ -103.56040668, 21.43021831 ], [ -103.56772231, 21.439297150000012 ], [ -103.57588365, 21.436153980000036 ], [ -103.58639428, 21.392366310000028 ], [ -103.59531165, 21.390906230000013 ], [ -103.62290522, 21.41311146000001 ], [ -103.61932132, 21.42403171 ], [ -103.62652537, 21.43448206 ], [ -103.63419572, 21.439259399999969 ], [ -103.65030922, 21.434596119999981 ], [ -103.66078977, 21.441583570000013 ], [ -103.66469635, 21.454873259999989 ], [ -103.65874325, 21.46369766 ], [ -103.70146472, 21.46626591 ], [ -103.691779, 21.495602880000018 ], [ -103.67257825, 21.505454740000019 ], [ -103.694487, 21.52888688 ], [ -103.68628545, 21.53505463 ], [ -103.68978888, 21.552353149999981 ], [ -103.68320366, 21.5577188 ], [ -103.65831645, 21.55590654 ], [ -103.66003689, 21.56478938 ], [ -103.644878280000015, 21.57645418 ], [ -103.6297938, 21.57335065000003 ], [ -103.61900469, 21.556863680000035 ], [ -103.59291832, 21.559225920000017 ], [ -103.59049657, 21.58979468 ], [ -103.55889183, 21.576404089999976 ], [ -103.54522218, 21.587638909999985 ], [ -103.55549174, 21.634083509999979 ], [ -103.54079634, 21.66529314 ], [ -103.52671002, 21.675563319999988 ], [ -103.51785265, 21.711469180000012 ], [ -103.50984392, 21.713005879999979 ], [ -103.50847355, 21.73973505 ], [ -103.52789017, 21.77232848 ], [ -103.54325815, 21.7711224 ], [ -103.56076289, 21.78028394 ], [ -103.57262726, 21.803489829999975 ], [ -103.52605765, 21.805065250000013 ], [ -103.53142529, 21.817838569999967 ], [ -103.50281745, 21.83307471 ], [ -103.48250755, 21.813264449999981 ], [ -103.47052997, 21.813540260000011 ], [ -103.47235654, 21.83600388 ], [ -103.46672989, 21.839961750000011 ], [ -103.45535731, 21.83279591 ], [ -103.45132805, 21.853920120000012 ], [ -103.41387009, 21.9054554 ], [ -103.39433888, 21.896694570000026 ], [ -103.37479763, 21.91368352 ], [ -103.34408, 21.913471950000027 ], [ -103.34135088, 21.94040314 ], [ -103.27856102, 21.989650150000017 ], [ -103.26471535, 21.971844979999965 ], [ -103.24475012, 21.966603230000015 ], [ -103.24681758, 21.97594711 ], [ -103.23997132, 21.976722310000024 ], [ -103.20556792, 21.96519438 ], [ -103.19181226, 21.974449800000031 ], [ -103.20166177, 21.998568120000016 ], [ -103.16565749, 21.99681462 ], [ -103.11148645, 22.01426131 ], [ -103.107908620000018, 22.06339578 ], [ -103.15428532, 22.072236820000022 ], [ -103.15278375, 22.08762205 ], [ -103.13509315, 22.09046234 ], [ -103.12558532, 22.10479148 ], [ -103.10170034, 22.101798 ], [ -103.07702474, 22.12550442000002 ], [ -103.0787508, 22.13705255 ], [ -103.10879838, 22.14434091 ], [ -103.10254338, 22.15360297 ], [ -103.10869415, 22.153423279999984 ], [ -103.10144537, 22.17862095 ], [ -103.10605877, 22.191356029999987 ], [ -103.088199620000012, 22.204383980000028 ], [ -103.07104343, 22.20354314 ], [ -103.07193038, 22.211968829999986 ], [ -103.05477017, 22.213826860000026 ], [ -103.05232631, 22.220652259999977 ], [ -103.06206929, 22.22826798 ], [ -103.05545518, 22.247256320000016 ], [ -103.078273830000015, 22.257097660000039 ], [ -103.08295988, 22.277082740000029 ], [ -103.10098772, 22.29397486 ], [ -103.190573820000012, 22.298527019999966 ], [ -103.20191645, 22.280304420000036 ], [ -103.22062195, 22.28046617 ], [ -103.2082326, 22.3330812 ], [ -103.19408542, 22.33198106 ], [ -103.16858992, 22.354615659999986 ], [ -103.16642498, 22.37058989 ], [ -103.17404822, 22.37775985 ], [ -103.16857769, 22.3850128 ], [ -103.18936258, 22.390245539999988 ], [ -103.198770880000012, 22.380601229999989 ], [ -103.2039266, 22.40406951 ], [ -103.21341274, 22.410073249999975 ], [ -103.23212057, 22.39339386 ], [ -103.25218625, 22.398945350000023 ], [ -103.26024569, 22.4118584 ], [ -103.28523072, 22.414244150000016 ], [ -103.30050158, 22.39299012 ], [ -103.30917589, 22.3920082 ], [ -103.31458463, 22.404908220000017 ], [ -103.32928683, 22.384536860000026 ], [ -103.33963831, 22.385496020000019 ], [ -103.35314, 22.36938746 ], [ -103.36471668, 22.369535630000023 ], [ -103.36668298, 22.351039020000027 ], [ -103.3625532, 22.336354 ], [ -103.342955280000012, 22.33512237 ], [ -103.36375648, 22.314483170000017 ], [ -103.35009274, 22.307456550000012 ], [ -103.35568811, 22.279799249999982 ], [ -103.33837632, 22.28751283 ], [ -103.32770582, 22.30736037 ], [ -103.30688274, 22.30628306 ], [ -103.29779034, 22.298337260000029 ], [ -103.30783883, 22.281714340000022 ], [ -103.305316320000017, 22.265659 ], [ -103.31393822, 22.258710749999974 ], [ -103.29510443, 22.25328528 ], [ -103.31193417, 22.233256979999972 ], [ -103.33769678, 22.24516368 ], [ -103.38302631, 22.22701342 ], [ -103.38565692, 22.212528599999949 ], [ -103.40895963, 22.21536491 ], [ -103.41723122, 22.190476090000022 ], [ -103.43412468, 22.19076054 ], [ -103.41968574, 22.177482850000015 ], [ -103.42917625, 22.16218451000001 ], [ -103.4259338, 22.139424650000024 ], [ -103.43828926, 22.12885102999995 ], [ -103.43949966, 22.117639199999989 ], [ -103.45493577, 22.115308619999986 ], [ -103.45918286, 22.10587998 ], [ -103.47318091, 22.105531970000019 ], [ -103.47930395, 22.114794 ], [ -103.48613411, 22.106529889999969 ], [ -103.49559911, 22.1105124 ], [ -103.5015642, 22.105564019999985 ], [ -103.51589708, 22.109916200000033 ], [ -103.51455097, 22.129108570000039 ], [ -103.54273657, 22.120612119999979 ], [ -103.55021568, 22.13567918 ], [ -103.56014086, 22.13658566 ], [ -103.57995034, 22.126827120000019 ], [ -103.58111989, 22.10487074 ], [ -103.59404342, 22.111646720000014 ], [ -103.60470457, 22.097941579999986 ], [ -103.62039771, 22.09848614 ], [ -103.628527, 22.10632546 ], [ -103.64795374, 22.10049615 ], [ -103.68384732, 22.109205230000029 ], [ -103.677371080000015, 22.11870629 ], [ -103.69029298, 22.13009328 ], [ -103.65447365, 22.171936219999981 ], [ -103.65775989, 22.18384334 ], [ -103.6308964, 22.238917969999985 ], [ -103.59490325, 22.27307835 ], [ -103.63778809, 22.29523311000003 ], [ -103.64474826, 22.314973880000021 ], [ -103.642111480000011, 22.34087335 ], [ -103.60480235, 22.34014231 ], [ -103.61068718, 22.35984182 ], [ -103.60284429, 22.360903749999981 ], [ -103.59756303, 22.374530279999956 ], [ -103.59401974, 22.40721494 ], [ -103.57842455, 22.41049842 ], [ -103.55919371, 22.42842755 ], [ -103.57252855, 22.43754077 ], [ -103.57082586, 22.46917165 ], [ -103.58060057, 22.47739811 ], [ -103.579334090000017, 22.496196380000015 ], [ -103.59460129, 22.50544726 ], [ -103.58373417, 22.521966 ], [ -103.59933478, 22.5263746 ], [ -103.60275868, 22.55679154 ], [ -103.62238238, 22.56357418 ], [ -103.65156505, 22.55647822 ], [ -103.66101051, 22.54714438 ], [ -103.67258583, 22.56112922 ], [ -103.68178952, 22.554800090000025 ], [ -103.72655502, 22.57414663 ], [ -103.73845166, 22.571964 ], [ -103.74450269, 22.558498570000015 ], [ -103.75924138, 22.551665429999989 ], [ -103.76910209, 22.55578915 ], [ -103.78565966, 22.51045749 ], [ -103.78698274, 22.47776802 ], [ -103.81017642, 22.42728523 ], [ -103.81115172, 22.376745229999983 ], [ -103.84543423, 22.34275749 ], [ -103.82861982, 22.28661289 ], [ -103.84486835, 22.262551450000021 ], [ -103.84407555, 22.222065919999963 ], [ -103.862936, 22.16688242999998 ], [ -103.88509426, 22.196416079999985 ], [ -103.886138820000014, 22.22617668 ], [ -103.91787557, 22.261970449999978 ], [ -103.91014942, 22.28332785000001 ], [ -103.92612425, 22.33207282 ], [ -103.90786302, 22.362050479999976 ], [ -103.89574002, 22.364114749999985 ], [ -103.89872737, 22.37957662 ], [ -103.88345066, 22.390024059999963 ], [ -103.88619958, 22.40020323000002 ], [ -103.86931232, 22.401262419999977 ], [ -103.86692938, 22.40938063 ], [ -103.86597618, 22.41522723 ], [ -103.88062275, 22.41816252 ], [ -103.8731808, 22.424760780000025 ], [ -103.8947, 22.438163859999971 ], [ -103.87609835, 22.441183909999967 ], [ -103.88536857, 22.473525089999988 ], [ -103.87106988, 22.47247468 ], [ -103.863985320000012, 22.491443419999989 ], [ -103.86420608, 22.513463850000015 ], [ -103.87518638, 22.52157588 ], [ -103.86688268, 22.544696050000017 ], [ -103.85179798, 22.55362008 ], [ -103.86072057, 22.56761886 ], [ -103.81960014, 22.595579370000021 ], [ -103.77345075, 22.61149548 ], [ -103.76085869, 22.62580225 ], [ -103.76845997, 22.64332865 ], [ -103.75866851, 22.65842088 ], [ -103.76319765, 22.677018150000034 ], [ -103.75131115, 22.69504711 ], [ -103.75198622, 22.711645310000048 ], [ -103.75480617, 22.71954778 ], [ -103.76907414, 22.72039206000002 ], [ -103.77174005, 22.733287050000015 ], [ -103.81917232, 22.72833106 ], [ -103.82660974, 22.73494368999998 ], [ -103.83621311, 22.728007450000021 ], [ -103.87511418, 22.737157690000036 ], [ -103.89832763, 22.72827731 ], [ -103.90934246, 22.750123799999976 ], [ -103.96804631, 22.746922650000023 ], [ -103.97201106, 22.74164866 ], [ -103.97434225, 22.74702217 ], [ -103.98910722, 22.74184188000001 ], [ -103.99192675, 22.748001569999985 ], [ -104.01192705, 22.747927549999989 ], [ -104.05591151, 22.7239782 ], [ -104.047747660000013, 22.712151399999989 ], [ -104.064150970000014, 22.70696306 ], [ -104.05916422, 22.69206366 ], [ -104.072477400000011, 22.70099983 ], [ -104.07045331, 22.690610830000011 ], [ -104.04751317, 22.685598539999987 ], [ -104.05447735, 22.67814257999996 ], [ -104.03423954, 22.67051791 ], [ -104.03083114, 22.679059819999985 ], [ -104.01550888, 22.668910660000016 ], [ -104.03329432, 22.63410923 ], [ -104.02700563, 22.61317815 ], [ -104.0180656, 22.59698874 ], [ -103.98622198, 22.590901740000021 ], [ -103.99017417, 22.573041520000018 ], [ -104.00083898, 22.56677512 ], [ -103.97233212, 22.54511363 ], [ -103.99888117, 22.543603680000011 ], [ -104.00557083, 22.53660028 ], [ -103.98722749, 22.52884135 ], [ -103.99125623, 22.523266509999985 ], [ -103.98064874, 22.51510268 ], [ -103.96619678, 22.517225910000011 ], [ -103.96341102, 22.50804047999997 ], [ -103.93441111, 22.49992214 ], [ -103.93308155, 22.4890928 ], [ -103.9398082, 22.4889394 ], [ -103.92939268, 22.47609857 ], [ -103.93779078, 22.47520345 ], [ -103.93795302, 22.462755459999986 ], [ -103.949327720000014, 22.461791690000016 ], [ -103.95865975, 22.45108518000001 ], [ -103.96057011, 22.433179150000015 ], [ -103.97556486000002, 22.436191650000012 ], [ -103.98639206, 22.414832940000011 ], [ -104.00590629, 22.40868369 ], [ -104.00325094, 22.38992982 ], [ -104.0151338, 22.364812890000032 ], [ -104.04875282, 22.37644462 ], [ -104.06747548, 22.361406850000019 ], [ -104.09734546, 22.3578244 ], [ -104.09489489, 22.376306419999977 ], [ -104.08441272, 22.374451060000023 ], [ -104.07539095, 22.38313074 ], [ -104.08101346, 22.389778020000026 ], [ -104.07681797, 22.407188419999976 ], [ -104.07127911000002, 22.4222426 ], [ -104.061637, 22.425800079999984 ], [ -104.06224103, 22.451277310000023 ], [ -104.05152246, 22.467388740000018 ], [ -104.05659262, 22.49279928 ], [ -104.07171365, 22.50300214 ], [ -104.06879525, 22.52199968 ], [ -104.08802243, 22.53336892 ], [ -104.103515520000016, 22.531094849999985 ], [ -104.12079625, 22.517048629999987 ], [ -104.11256608, 22.509234280000019 ], [ -104.11350892, 22.496609860000014 ], [ -104.14309114, 22.50465148 ], [ -104.15040714, 22.516275910000019 ], [ -104.158353460000015, 22.50932508 ], [ -104.163163, 22.514443539999967 ], [ -104.17805471, 22.50529605 ], [ -104.19022998, 22.50761152 ], [ -104.20169986, 22.48695878 ], [ -104.214828, 22.484161490000016 ], [ -104.19887403, 22.48045731 ], [ -104.20491651, 22.471907819999977 ], [ -104.19729708, 22.477122279999975 ], [ -104.18995692, 22.46825249 ], [ -104.18572954, 22.471412709999985 ], [ -104.18498052, 22.46462206 ], [ -104.19987398, 22.45630689 ], [ -104.19510028, 22.44763148 ], [ -104.16748678, 22.445150489999975 ], [ -104.17885578, 22.42743249 ], [ -104.16709237, 22.38762455 ], [ -104.19304397, 22.39912318 ], [ -104.20703705, 22.421696880000045 ], [ -104.22074992, 22.42109974 ], [ -104.24097865, 22.412772950000043 ], [ -104.25833937, 22.384658309999985 ], [ -104.25474252, 22.348789420000035 ], [ -104.29207912, 22.34395726 ], [ -104.28574028, 22.35636614 ], [ -104.29312755, 22.36513115 ], [ -104.35166128, 22.38919283 ], [ -104.35177102, 22.40775834 ], [ -104.33094448, 22.42419548999996 ], [ -104.33060262, 22.432229680000042 ], [ -104.32018806, 22.430094250000018 ], [ -104.29612582, 22.47298908 ], [ -104.325824170000018, 22.537396660000038 ], [ -104.31408866, 22.54072723 ], [ -104.30568929, 22.557888650000027 ], [ -104.28884962, 22.552965230000019 ], [ -104.27817274, 22.58307097 ], [ -104.26140748, 22.586202849999985 ], [ -104.26053471, 22.596167319999989 ], [ -104.28301762, 22.620376689999979 ], [ -104.26927494, 22.635821109999988 ], [ -104.28962405, 22.64445998 ], [ -104.28066085, 22.653743370000026 ], [ -104.28801232, 22.66578991 ], [ -104.27512443, 22.681084859999981 ], [ -104.27762983, 22.70240683 ], [ -104.2627078, 22.71764348 ], [ -104.26915235, 22.72086489 ], [ -104.2663444, 22.73653937000001 ], [ -104.23207465, 22.753103939999985 ], [ -104.22574409, 22.778314920000035 ], [ -104.20000463, 22.776683509999977 ], [ -104.18218085, 22.75826811 ], [ -104.13925775, 22.768420819999974 ], [ -104.11938149, 22.76225572 ], [ -104.10720303, 22.76860052 ], [ -104.09528525, 22.75924351000004 ], [ -104.08047523, 22.766616819999964 ], [ -104.10022418, 22.794825220000035 ], [ -104.09522718, 22.805838849999976 ], [ -104.1114848, 22.810310859999976 ], [ -104.10430788, 22.83360097 ], [ -104.11682768, 22.85095191000001 ], [ -104.10630403, 22.856887719999985 ], [ -104.10750489, 22.884796220000034 ], [ -104.11773917, 22.89770685 ], [ -104.11264435, 22.90511803 ], [ -104.13299402, 22.90495855000006 ], [ -104.13595535, 22.918116169999969 ], [ -104.15112208, 22.92213712 ], [ -104.15409569, 22.93783798 ], [ -104.16659289, 22.945220719999977 ], [ -104.16284705, 22.975302490000026 ], [ -104.17361446, 22.982444950000012 ], [ -104.1721324, 23.128407680000016 ], [ -104.12902262, 23.18221422 ], [ -104.1112146, 23.351205490000012 ], [ -104.0862676, 23.398627630000011 ], [ -104.06597709, 23.46349327999997 ], [ -103.92531342, 23.556982680000022 ], [ -103.91627066, 23.565725250000011 ], [ -103.9214686, 23.589175339999983 ], [ -103.91227715, 23.588122050000013 ], [ -103.91193357, 23.57608288 ], [ -103.89008692, 23.579827580000014 ], [ -103.90686731, 23.601870949999959 ], [ -103.89900683, 23.603971709999975 ], [ -103.88252238, 23.592270580000019 ], [ -103.873449019, 23.620467511999959 ], [ -103.877429019, 23.628969942 ], [ -103.849178509, 23.640081712000011 ], [ -103.811301939, 23.613648801999979 ], [ -103.79354178, 23.63085506200002 ], [ -103.785103509, 23.67656489099998 ], [ -103.851080539, 23.679599231 ], [ -103.841014619, 23.701242892000018 ], [ -103.862362339, 23.752638382 ], [ -103.835094949, 23.785089182 ], [ -103.820273289, 23.791879511999976 ], [ -103.816066979000013, 23.807650322000018 ], [ -103.83118637, 23.824661852 ], [ -103.832621519, 23.848930372 ], [ -103.849754309, 23.862565981999985 ], [ -103.853112349, 23.874615552 ], [ -103.830795949, 23.907798752 ], [ -103.818359829, 23.964908602000037 ], [ -103.833946569, 23.969642291999982 ], [ -103.838799289, 23.964824352000011 ], [ -103.850275779, 23.988837432 ], [ -103.872386579, 24.007021721999987 ], [ -103.847825979, 24.003236152000017 ], [ -103.843128849, 24.026967122 ], [ -103.813274119, 24.02197358199998 ], [ -103.810281519, 24.040091941000011 ], [ -103.799770339, 24.050564462 ], [ -103.66036155, 24.149326290000026 ], [ -103.635969540000019, 24.11029338 ], [ -103.622006680000013, 24.117464689999988 ], [ -103.60576554, 24.151154480000017 ], [ -103.55953635, 24.19378886000003 ], [ -103.56552309, 24.211406920000023 ], [ -103.55649278, 24.24200398 ], [ -103.56834994, 24.286371260000017 ], [ -103.53124325, 24.293909 ], [ -103.50675542, 24.287964049999974 ], [ -103.50454726, 24.295769319999977 ], [ -103.48500178, 24.30093049 ], [ -103.48406263, 24.318340940000013 ], [ -103.46269672, 24.32046858 ], [ -103.44834005, 24.332600459999988 ], [ -103.43052252, 24.360146229999962 ], [ -103.42514894, 24.387856369999984 ], [ -103.43023703, 24.408909149999989 ], [ -103.4193324, 24.43048809 ], [ -103.40981448, 24.42628189 ], [ -103.39405638, 24.432099289999954 ], [ -103.3862048, 24.42296472 ], [ -103.32392878, 24.426505629999987 ], [ -103.3102502, 24.43565785 ], [ -103.28264548, 24.42883703 ], [ -103.26451908, 24.434580919999977 ], [ -103.25353178, 24.447253799999981 ], [ -103.23397955, 24.43583823 ], [ -103.236635650000011, 24.4270566 ], [ -103.222833540000011, 24.41710277 ], [ -103.20209151, 24.42446914 ], [ -103.18195342, 24.41989658 ], [ -103.17545686, 24.433261 ], [ -103.16525892, 24.435198430000021 ], [ -103.15772582, 24.42784062999997 ], [ -103.13170883, 24.424677 ], [ -103.09852728, 24.401626600000046 ], [ -103.08751465, 24.436027050000025 ], [ -103.07508097, 24.422624580000026 ], [ -103.04315022, 24.46650086 ], [ -102.9835728, 24.43325715000001 ], [ -102.967440170000017, 24.457703630000019 ], [ -102.90010651, 24.42850048 ], [ -102.89189095, 24.46111812 ], [ -102.86062092, 24.434492350000017 ], [ -102.86501269, 24.430312080000022 ], [ -102.85389205, 24.424359150000022 ], [ -102.84590277, 24.398082580000025 ], [ -102.83173562, 24.384691910000015 ], [ -102.7888524, 24.40624848 ], [ -102.75665432, 24.376983 ], [ -102.6999044, 24.37397185 ], [ -102.61856431, 24.3963784 ], [ -102.60659277, 24.411168819999983 ], [ -102.53393142, 24.407722109999987 ], [ -102.52014631, 24.42393214 ], [ -102.48026728, 24.428013879999984 ], [ -102.47312688, 24.44521478 ], [ -102.48699622, 24.444228379999988 ], [ -102.47980697, 24.490448050000023 ], [ -102.51218231, 24.70972111 ], [ -102.56537289000002, 24.866355419999984 ], [ -102.56623578, 24.90222075 ], [ -102.67306157, 24.942752079999956 ], [ -102.672984450000015, 24.978818250000018 ], [ -102.64295555, 24.97864817 ], [ -102.62888483, 25.008321660000011 ], [ -102.64954537, 25.027955799999976 ], [ -102.65242209, 25.045229059999972 ], [ -102.66969398, 25.06663649 ], [ -102.44676345, 24.999515419999984 ], [ -102.4633252, 25.11591615 ], [ -102.29547729, 25.12518888 ] ] ] } }
]
}
